order_item_id,order_id,product_id,quantity,unit_price,discount,cost_price,gross_sales,discount_amount,revenue,cost,profit,profit_margin
OI003444,O01369,P010,4,7442.3,0,1346.4,29769.2,0,29769.2,5385.6,24383.6,0.819088185
OI005229,O02079,P015,4,7330.81,0,1525.08,29323.24,0,29323.24,6100.32,23222.92,0.791962962
OI000186,O00075,P010,4,7442.3,0.05,1346.4,29769.2,1488.46,28280.74,5385.6,22895.14,0.809566511
OI000315,O00125,P010,4,7442.3,0.05,1346.4,29769.2,1488.46,28280.74,5385.6,22895.14,0.809566511
OI001080,O00420,P010,4,7442.3,0.05,1346.4,29769.2,1488.46,28280.74,5385.6,22895.14,0.809566511
OI005276,O02097,P010,4,7442.3,0.05,1346.4,29769.2,1488.46,28280.74,5385.6,22895.14,0.809566511
OI002901,O01151,P061,4,5698.31,0,186.41,22793.24,0,22793.24,745.64,22047.6,0.967286792
OI004127,O01652,P061,4,5698.31,0,186.41,22793.24,0,22793.24,745.64,22047.6,0.967286792
OI004391,O01758,P061,4,5698.31,0,186.41,22793.24,0,22793.24,745.64,22047.6,0.967286792
OI005120,O02037,P061,4,5698.31,0,186.41,22793.24,0,22793.24,745.64,22047.6,0.967286792
OI000669,O00264,P015,4,7330.81,0.05,1525.08,29323.24,1466.162,27857.078,6100.32,21756.758,0.781013644
OI002131,O00841,P015,4,7330.81,0.05,1525.08,29323.24,1466.162,27857.078,6100.32,21756.758,0.781013644
OI004325,O01730,P015,4,7330.81,0.05,1525.08,29323.24,1466.162,27857.078,6100.32,21756.758,0.781013644
OI005020,O02000,P015,4,7330.81,0.05,1525.08,29323.24,1466.162,27857.078,6100.32,21756.758,0.781013644
OI005326,O02118,P015,4,7330.81,0.05,1525.08,29323.24,1466.162,27857.078,6100.32,21756.758,0.781013644
OI000019,O00010,P068,4,7430.32,0,2041.8,29721.28,0,29721.28,8167.2,21554.08,0.72520699
OI000083,O00035,P068,4,7430.32,0,2041.8,29721.28,0,29721.28,8167.2,21554.08,0.72520699
OI001595,O00633,P010,4,7442.3,0.1,1346.4,29769.2,2976.92,26792.28,5385.6,21406.68,0.798986872
OI004899,O01957,P010,4,7442.3,0.1,1346.4,29769.2,2976.92,26792.28,5385.6,21406.68,0.798986872
OI003712,O01482,P061,4,5698.31,0.05,186.41,22793.24,1139.662,21653.578,745.64,20907.938,0.965565044
OI003776,O01506,P061,4,5698.31,0.05,186.41,22793.24,1139.662,21653.578,745.64,20907.938,0.965565044
OI005029,O02003,P061,4,5698.31,0.05,186.41,22793.24,1139.662,21653.578,745.64,20907.938,0.965565044
OI003940,O01578,P015,4,7330.81,0.1,1525.08,29323.24,2932.324,26390.916,6100.32,20290.596,0.768847735
OI001005,O00392,P068,4,7430.32,0.05,2041.8,29721.28,1486.064,28235.216,8167.2,20068.016,0.7107442
OI001654,O00655,P068,4,7430.32,0.05,2041.8,29721.28,1486.064,28235.216,8167.2,20068.016,0.7107442
OI003275,O01304,P068,4,7430.32,0.05,2041.8,29721.28,1486.064,28235.216,8167.2,20068.016,0.7107442
OI002472,O00980,P010,4,7442.3,0.15,1346.4,29769.2,4465.38,25303.82,5385.6,19918.22,0.787162571
OI003334,O01325,P010,4,7442.3,0.15,1346.4,29769.2,4465.38,25303.82,5385.6,19918.22,0.787162571
OI004960,O01976,P010,4,7442.3,0.15,1346.4,29769.2,4465.38,25303.82,5385.6,19918.22,0.787162571
OI000306,O00121,P061,4,5698.31,0.1,186.41,22793.24,2279.324,20513.916,745.64,19768.276,0.963651991
OI003086,O01226,P061,4,5698.31,0.1,186.41,22793.24,2279.324,20513.916,745.64,19768.276,0.963651991
OI004281,O01707,P061,4,5698.31,0.1,186.41,22793.24,2279.324,20513.916,745.64,19768.276,0.963651991
OI000737,O00291,P014,4,5526.86,0,822.47,22107.44,0,22107.44,3289.88,18817.56,0.85118675
OI005336,O02122,P061,4,5698.31,0.15,186.41,22793.24,3418.986,19374.254,745.64,18628.614,0.961513873
OI001297,O00505,P068,4,7430.32,0.1,2041.8,29721.28,2972.128,26749.152,8167.2,18581.952,0.694674433
OI002438,O00968,P068,4,7430.32,0.1,2041.8,29721.28,2972.128,26749.152,8167.2,18581.952,0.694674433
OI003530,O01403,P030,4,6724.47,0,2090.3,26897.88,0,26897.88,8361.2,18536.68,0.689150223
OI000626,O00246,P010,4,7442.3,0.2,1346.4,29769.2,5953.84,23815.36,5385.6,18429.76,0.773860231
OI001228,O00482,P010,4,7442.3,0.2,1346.4,29769.2,5953.84,23815.36,5385.6,18429.76,0.773860231
OI002235,O00881,P010,4,7442.3,0.2,1346.4,29769.2,5953.84,23815.36,5385.6,18429.76,0.773860231
OI001699,O00673,P023,4,6282.87,0.05,1387.27,25131.48,1256.574,23874.906,5549.08,18325.826,0.767576886
OI003454,O01374,P023,4,6282.87,0.05,1387.27,25131.48,1256.574,23874.906,5549.08,18325.826,0.767576886
OI000732,O00289,P010,3,7442.3,0,1346.4,22326.9,0,22326.9,4039.2,18287.7,0.819088185
OI001236,O00484,P010,3,7442.3,0,1346.4,22326.9,0,22326.9,4039.2,18287.7,0.819088185
OI002517,O00998,P010,3,7442.3,0,1346.4,22326.9,0,22326.9,4039.2,18287.7,0.819088185
OI003096,O01232,P010,3,7442.3,0,1346.4,22326.9,0,22326.9,4039.2,18287.7,0.819088185
OI004247,O01694,P001,4,5060.04,0,594.86,20240.16,0,20240.16,2379.44,17860.72,0.882439665
OI001274,O00498,P014,4,5526.86,0.05,822.47,22107.44,1105.372,21002.068,3289.88,17712.188,0.843354473
OI002651,O01048,P014,4,5526.86,0.05,822.47,22107.44,1105.372,21002.068,3289.88,17712.188,0.843354473
OI003975,O01590,P014,4,5526.86,0.05,822.47,22107.44,1105.372,21002.068,3289.88,17712.188,0.843354473
OI004389,O01757,P014,4,5526.86,0.05,822.47,22107.44,1105.372,21002.068,3289.88,17712.188,0.843354473
OI004671,O01873,P014,4,5526.86,0.05,822.47,22107.44,1105.372,21002.068,3289.88,17712.188,0.843354473
OI004974,O01981,P014,4,5526.86,0.05,822.47,22107.44,1105.372,21002.068,3289.88,17712.188,0.843354473
OI001893,O00746,P061,4,5698.31,0.2,186.41,22793.24,4558.648,18234.592,745.64,17488.952,0.95910849
OI003496,O01389,P061,4,5698.31,0.2,186.41,22793.24,4558.648,18234.592,745.64,17488.952,0.95910849
OI003632,O01448,P061,4,5698.31,0.2,186.41,22793.24,4558.648,18234.592,745.64,17488.952,0.95910849
OI000422,O00165,P015,3,7330.81,0,1525.08,21992.43,0,21992.43,4575.24,17417.19,0.791962962
OI001414,O00555,P015,4,7330.81,0.2,1525.08,29323.24,5864.648,23458.592,6100.32,17358.272,0.739953702
OI002890,O01147,P015,4,7330.81,0.2,1525.08,29323.24,5864.648,23458.592,6100.32,17358.272,0.739953702
OI004518,O01817,P015,4,7330.81,0.2,1525.08,29323.24,5864.648,23458.592,6100.32,17358.272,0.739953702
OI001909,O00753,P054,4,5704.38,0,1400.37,22817.52,0,22817.52,5601.48,17216.04,0.754509693
OI000011,O00006,P030,4,6724.47,0.05,2090.3,26897.88,1344.894,25552.986,8361.2,17191.786,0.672789708
OI005318,O02114,P030,4,6724.47,0.05,2090.3,26897.88,1344.894,25552.986,8361.2,17191.786,0.672789708
OI002627,O01039,P010,3,7442.3,0.05,1346.4,22326.9,1116.345,21210.555,4039.2,17171.355,0.809566511
OI004881,O01952,P010,3,7442.3,0.05,1346.4,22326.9,1116.345,21210.555,4039.2,17171.355,0.809566511
OI000377,O00148,P068,4,7430.32,0.15,2041.8,29721.28,4458.192,25263.088,8167.2,17095.888,0.676714106
OI005158,O02052,P068,4,7430.32,0.15,2041.8,29721.28,4458.192,25263.088,8167.2,17095.888,0.676714106
OI005256,O02089,P068,4,7430.32,0.15,2041.8,29721.28,4458.192,25263.088,8167.2,17095.888,0.676714106
OI003462,O01378,P023,4,6282.87,0.1,1387.27,25131.48,2513.148,22618.332,5549.08,17069.252,0.754664491
OI004486,O01801,P023,4,6282.87,0.1,1387.27,25131.48,2513.148,22618.332,5549.08,17069.252,0.754664491
OI000691,O00274,P001,4,5060.04,0.05,594.86,20240.16,1012.008,19228.152,2379.44,16848.712,0.876252278
OI004388,O01757,P001,4,5060.04,0.05,594.86,20240.16,1012.008,19228.152,2379.44,16848.712,0.876252278
OI003838,O01535,P014,4,5526.86,0.1,822.47,22107.44,2210.744,19896.696,3289.88,16606.816,0.834651944
OI000753,O00296,P061,3,5698.31,0,186.41,17094.93,0,17094.93,559.23,16535.7,0.967286792
OI001495,O00589,P061,3,5698.31,0,186.41,17094.93,0,17094.93,559.23,16535.7,0.967286792
OI001956,O00772,P061,3,5698.31,0,186.41,17094.93,0,17094.93,559.23,16535.7,0.967286792
OI003916,O01568,P061,3,5698.31,0,186.41,17094.93,0,17094.93,559.23,16535.7,0.967286792
OI004356,O01743,P061,3,5698.31,0,186.41,17094.93,0,17094.93,559.23,16535.7,0.967286792
OI003338,O01326,P011,4,7495.81,0,3389.07,29983.24,0,29983.24,13556.28,16426.96,0.547871411
OI003350,O01333,P011,4,7495.81,0,3389.07,29983.24,0,29983.24,13556.28,16426.96,0.547871411
OI003375,O01342,P011,4,7495.81,0,3389.07,29983.24,0,29983.24,13556.28,16426.96,0.547871411
OI002173,O00857,P040,4,5866.02,0,1770.44,23464.08,0,23464.08,7081.76,16382.32,0.698187187
OI001022,O00400,P015,3,7330.81,0.05,1525.08,21992.43,1099.6215,20892.8085,4575.24,16317.5685,0.781013644
OI003920,O01569,P015,3,7330.81,0.05,1525.08,21992.43,1099.6215,20892.8085,4575.24,16317.5685,0.781013644
OI005045,O02008,P015,3,7330.81,0.05,1525.08,21992.43,1099.6215,20892.8085,4575.24,16317.5685,0.781013644
OI003045,O01211,P068,3,7430.32,0,2041.8,22290.96,0,22290.96,6125.4,16165.56,0.72520699
OI004285,O01709,P068,3,7430.32,0,2041.8,22290.96,0,22290.96,6125.4,16165.56,0.72520699
OI005319,O02114,P068,3,7430.32,0,2041.8,22290.96,0,22290.96,6125.4,16165.56,0.72520699
OI000405,O00158,P054,4,5704.38,0.05,1400.37,22817.52,1140.876,21676.644,5601.48,16075.164,0.74158915
OI001665,O00661,P054,4,5704.38,0.05,1400.37,22817.52,1140.876,21676.644,5601.48,16075.164,0.74158915
OI002058,O00813,P010,3,7442.3,0.1,1346.4,22326.9,2232.69,20094.21,4039.2,16055.01,0.798986872
OI002327,O00922,P010,3,7442.3,0.1,1346.4,22326.9,2232.69,20094.21,4039.2,16055.01,0.798986872
OI003583,O01426,P010,3,7442.3,0.1,1346.4,22326.9,2232.69,20094.21,4039.2,16055.01,0.798986872
OI003753,O01497,P010,3,7442.3,0.1,1346.4,22326.9,2232.69,20094.21,4039.2,16055.01,0.798986872
OI004062,O01626,P010,3,7442.3,0.1,1346.4,22326.9,2232.69,20094.21,4039.2,16055.01,0.798986872
OI005044,O02008,P010,3,7442.3,0.1,1346.4,22326.9,2232.69,20094.21,4039.2,16055.01,0.798986872
OI001103,O00431,P030,4,6724.47,0.1,2090.3,26897.88,2689.788,24208.092,8361.2,15846.892,0.654611359
OI003341,O01328,P030,4,6724.47,0.1,2090.3,26897.88,2689.788,24208.092,8361.2,15846.892,0.654611359
OI001748,O00694,P001,4,5060.04,0.1,594.86,20240.16,2024.016,18216.144,2379.44,15836.704,0.869377405
OI001849,O00730,P001,4,5060.04,0.1,594.86,20240.16,2024.016,18216.144,2379.44,15836.704,0.869377405
OI002286,O00903,P001,4,5060.04,0.1,594.86,20240.16,2024.016,18216.144,2379.44,15836.704,0.869377405
OI003785,O01511,P001,4,5060.04,0.1,594.86,20240.16,2024.016,18216.144,2379.44,15836.704,0.869377405
OI005250,O02085,P001,4,5060.04,0.1,594.86,20240.16,2024.016,18216.144,2379.44,15836.704,0.869377405
OI001986,O00784,P023,4,6282.87,0.15,1387.27,25131.48,3769.722,21361.758,5549.08,15812.678,0.74023299
OI003163,O01259,P061,3,5698.31,0.05,186.41,17094.93,854.7465,16240.1835,559.23,15680.9535,0.965565044
OI000369,O00145,P068,4,7430.32,0.2,2041.8,29721.28,5944.256,23777.024,8167.2,15609.824,0.656508737
OI003430,O01363,P068,4,7430.32,0.2,2041.8,29721.28,5944.256,23777.024,8167.2,15609.824,0.656508737
OI000998,O00390,P014,4,5526.86,0.15,822.47,22107.44,3316.116,18791.324,3289.88,15501.444,0.824925588
OI002215,O00871,P014,4,5526.86,0.15,822.47,22107.44,3316.116,18791.324,3289.88,15501.444,0.824925588
OI002671,O01056,P014,4,5526.86,0.15,822.47,22107.44,3316.116,18791.324,3289.88,15501.444,0.824925588
OI003912,O01566,P014,4,5526.86,0.15,822.47,22107.44,3316.116,18791.324,3289.88,15501.444,0.824925588
OI000058,O00023,P010,4,7442.3,0.3,1346.4,29769.2,8930.76,20838.44,5385.6,15452.84,0.74155455
OI001767,O00701,P010,4,7442.3,0.3,1346.4,29769.2,8930.76,20838.44,5385.6,15452.84,0.74155455
OI000376,O00147,P015,3,7330.81,0.1,1525.08,21992.43,2199.243,19793.187,4575.24,15217.947,0.768847735
OI002208,O00868,P015,3,7330.81,0.1,1525.08,21992.43,2199.243,19793.187,4575.24,15217.947,0.768847735
OI002849,O01128,P015,3,7330.81,0.1,1525.08,21992.43,2199.243,19793.187,4575.24,15217.947,0.768847735
OI000123,O00049,P061,4,5698.31,0.3,186.41,22793.24,6837.972,15955.268,745.64,15209.628,0.953266846
OI000603,O00235,P061,4,5698.31,0.3,186.41,22793.24,6837.972,15955.268,745.64,15209.628,0.953266846
OI001204,O00473,P061,4,5698.31,0.3,186.41,22793.24,6837.972,15955.268,745.64,15209.628,0.953266846
OI003207,O01276,P061,4,5698.31,0.3,186.41,22793.24,6837.972,15955.268,745.64,15209.628,0.953266846
OI004984,O01985,P061,4,5698.31,0.3,186.41,22793.24,6837.972,15955.268,745.64,15209.628,0.953266846
OI005175,O02058,P061,4,5698.31,0.3,186.41,22793.24,6837.972,15955.268,745.64,15209.628,0.953266846
OI000260,O00104,P040,4,5866.02,0.05,1770.44,23464.08,1173.204,22290.876,7081.76,15209.116,0.682302302
OI000466,O00182,P040,4,5866.02,0.05,1770.44,23464.08,1173.204,22290.876,7081.76,15209.116,0.682302302
OI002963,O01174,P040,4,5866.02,0.05,1770.44,23464.08,1173.204,22290.876,7081.76,15209.116,0.682302302
OI003521,O01400,P040,4,5866.02,0.05,1770.44,23464.08,1173.204,22290.876,7081.76,15209.116,0.682302302
OI004448,O01785,P040,4,5866.02,0.05,1770.44,23464.08,1173.204,22290.876,7081.76,15209.116,0.682302302
OI004638,O01860,P040,4,5866.02,0.05,1770.44,23464.08,1173.204,22290.876,7081.76,15209.116,0.682302302
OI000474,O00185,P068,3,7430.32,0.05,2041.8,22290.96,1114.548,21176.412,6125.4,15051.012,0.7107442
OI001922,O00759,P068,3,7430.32,0.05,2041.8,22290.96,1114.548,21176.412,6125.4,15051.012,0.7107442
OI000324,O00130,P010,3,7442.3,0.15,1346.4,22326.9,3349.035,18977.865,4039.2,14938.665,0.787162571
OI001386,O00544,P010,3,7442.3,0.15,1346.4,22326.9,3349.035,18977.865,4039.2,14938.665,0.787162571
OI002570,O01017,P010,3,7442.3,0.15,1346.4,22326.9,3349.035,18977.865,4039.2,14938.665,0.787162571
OI004464,O01794,P010,3,7442.3,0.15,1346.4,22326.9,3349.035,18977.865,4039.2,14938.665,0.787162571
OI000390,O00152,P011,4,7495.81,0.05,3389.07,29983.24,1499.162,28484.078,13556.28,14927.798,0.524075169
OI002911,O01156,P011,4,7495.81,0.05,3389.07,29983.24,1499.162,28484.078,13556.28,14927.798,0.524075169
OI002975,O01177,P011,4,7495.81,0.05,3389.07,29983.24,1499.162,28484.078,13556.28,14927.798,0.524075169
OI004990,O01987,P011,4,7495.81,0.05,3389.07,29983.24,1499.162,28484.078,13556.28,14927.798,0.524075169
OI002983,O01181,P049,4,6189.2,0,2480.95,24756.8,0,24756.8,9923.8,14833,0.599148517
OI002321,O00919,P061,3,5698.31,0.1,186.41,17094.93,1709.493,15385.437,559.23,14826.207,0.963651991
OI004545,O01825,P061,3,5698.31,0.1,186.41,17094.93,1709.493,15385.437,559.23,14826.207,0.963651991
OI001779,O00705,P001,4,5060.04,0.15,594.86,20240.16,3036.024,17204.136,2379.44,14824.696,0.861693723
OI003621,O01442,P001,4,5060.04,0.15,594.86,20240.16,3036.024,17204.136,2379.44,14824.696,0.861693723
OI004248,O01695,P001,4,5060.04,0.15,594.86,20240.16,3036.024,17204.136,2379.44,14824.696,0.861693723
OI000685,O00272,P023,3,6282.87,0,1387.27,18848.61,0,18848.61,4161.81,14686.8,0.779198042
OI000809,O00319,P023,3,6282.87,0,1387.27,18848.61,0,18848.61,4161.81,14686.8,0.779198042
OI002670,O01056,P023,3,6282.87,0,1387.27,18848.61,0,18848.61,4161.81,14686.8,0.779198042
OI003069,O01218,P023,3,6282.87,0,1387.27,18848.61,0,18848.61,4161.81,14686.8,0.779198042
OI003828,O01530,P023,3,6282.87,0,1387.27,18848.61,0,18848.61,4161.81,14686.8,0.779198042
OI004214,O01683,P023,3,6282.87,0,1387.27,18848.61,0,18848.61,4161.81,14686.8,0.779198042
OI001829,O00724,P070,4,4988.16,0.05,1084.07,19952.64,997.632,18955.008,4336.28,14618.728,0.771233017
OI002159,O00852,P070,4,4988.16,0.05,1084.07,19952.64,997.632,18955.008,4336.28,14618.728,0.771233017
OI005247,O02084,P070,4,4988.16,0.05,1084.07,19952.64,997.632,18955.008,4336.28,14618.728,0.771233017
OI001613,O00640,P023,4,6282.87,0.2,1387.27,25131.48,5026.296,20105.184,5549.08,14556.104,0.723997552
OI002469,O00979,P023,4,6282.87,0.2,1387.27,25131.48,5026.296,20105.184,5549.08,14556.104,0.723997552
OI003536,O01405,P023,4,6282.87,0.2,1387.27,25131.48,5026.296,20105.184,5549.08,14556.104,0.723997552
OI000785,O00309,P030,4,6724.47,0.15,2090.3,26897.88,4034.682,22863.198,8361.2,14501.998,0.63429438
OI003888,O01555,P030,4,6724.47,0.15,2090.3,26897.88,4034.682,22863.198,8361.2,14501.998,0.63429438
OI005287,O02102,P030,4,6724.47,0.15,2090.3,26897.88,4034.682,22863.198,8361.2,14501.998,0.63429438
OI001934,O00764,P015,4,7330.81,0.3,1525.08,29323.24,8796.972,20526.268,6100.32,14425.948,0.702804231
OI002715,O01073,P015,4,7330.81,0.3,1525.08,29323.24,8796.972,20526.268,6100.32,14425.948,0.702804231
OI004328,O01731,P015,4,7330.81,0.3,1525.08,29323.24,8796.972,20526.268,6100.32,14425.948,0.702804231
OI000286,O00113,P014,4,5526.86,0.2,822.47,22107.44,4421.488,17685.952,3289.88,14396.072,0.813983437
OI003426,O01362,P014,4,5526.86,0.2,822.47,22107.44,4421.488,17685.952,3289.88,14396.072,0.813983437
OI000172,O00070,P027,4,5678.95,0,2088.43,22715.8,0,22715.8,8353.72,14362.08,0.63225068
OI004426,O01772,P027,4,5678.95,0,2088.43,22715.8,0,22715.8,8353.72,14362.08,0.63225068
OI004569,O01834,P027,4,5678.95,0,2088.43,22715.8,0,22715.8,8353.72,14362.08,0.63225068
OI004966,O01978,P027,4,5678.95,0,2088.43,22715.8,0,22715.8,8353.72,14362.08,0.63225068
OI000316,O00126,P056,4,5689.43,0,2138.41,22757.72,0,22757.72,8553.64,14204.08,0.624143368
OI001448,O00570,P056,4,5689.43,0,2138.41,22757.72,0,22757.72,8553.64,14204.08,0.624143368
OI002996,O01189,P056,4,5689.43,0,2138.41,22757.72,0,22757.72,8553.64,14204.08,0.624143368
OI004682,O01878,P056,4,5689.43,0,2138.41,22757.72,0,22757.72,8553.64,14204.08,0.624143368
OI001218,O00478,P029,4,3811.62,0,262.65,15246.48,0,15246.48,1050.6,14195.88,0.931092291
OI001259,O00493,P029,4,3811.62,0,262.65,15246.48,0,15246.48,1050.6,14195.88,0.931092291
OI002835,O01122,P029,4,3811.62,0,262.65,15246.48,0,15246.48,1050.6,14195.88,0.931092291
OI002967,O01175,P029,4,3811.62,0,262.65,15246.48,0,15246.48,1050.6,14195.88,0.931092291
OI001739,O00690,P015,3,7330.81,0.15,1525.08,21992.43,3298.8645,18693.5655,4575.24,14118.3255,0.755250543
OI003766,O01502,P014,3,5526.86,0,822.47,16580.58,0,16580.58,2467.41,14113.17,0.85118675
OI004975,O01981,P032,4,6623.25,0,3109.6,26493,0,26493,12438.4,14054.6,0.530502397
OI000909,O00355,P040,4,5866.02,0.1,1770.44,23464.08,2346.408,21117.672,7081.76,14035.912,0.664652429
OI001408,O00553,P040,4,5866.02,0.1,1770.44,23464.08,2346.408,21117.672,7081.76,14035.912,0.664652429
OI002756,O01089,P040,4,5866.02,0.1,1770.44,23464.08,2346.408,21117.672,7081.76,14035.912,0.664652429
OI000686,O00272,P061,3,5698.31,0.15,186.41,17094.93,2564.2395,14530.6905,559.23,13971.4605,0.961513873
OI000337,O00136,P068,3,7430.32,0.1,2041.8,22290.96,2229.096,20061.864,6125.4,13936.464,0.694674433
OI002928,O01161,P068,3,7430.32,0.1,2041.8,22290.96,2229.096,20061.864,6125.4,13936.464,0.694674433
OI005232,O02080,P068,3,7430.32,0.1,2041.8,22290.96,2229.096,20061.864,6125.4,13936.464,0.694674433
OI000102,O00042,P030,3,6724.47,0,2090.3,20173.41,0,20173.41,6270.9,13902.51,0.689150223
OI002981,O01180,P030,3,6724.47,0,2090.3,20173.41,0,20173.41,6270.9,13902.51,0.689150223
OI003033,O01205,P030,3,6724.47,0,2090.3,20173.41,0,20173.41,6270.9,13902.51,0.689150223
OI001249,O00488,P001,4,5060.04,0.2,594.86,20240.16,4048.032,16192.128,2379.44,13812.688,0.853049581
OI001882,O00742,P001,4,5060.04,0.2,594.86,20240.16,4048.032,16192.128,2379.44,13812.688,0.853049581
OI002338,O00927,P001,4,5060.04,0.2,594.86,20240.16,4048.032,16192.128,2379.44,13812.688,0.853049581
OI002666,O01053,P001,4,5060.04,0.2,594.86,20240.16,4048.032,16192.128,2379.44,13812.688,0.853049581
OI001488,O00586,P054,4,5704.38,0.15,1400.37,22817.52,3422.628,19394.892,5601.48,13793.412,0.711187874
OI002209,O00869,P054,4,5704.38,0.15,1400.37,22817.52,3422.628,19394.892,5601.48,13793.412,0.711187874
OI002577,O01020,P054,4,5704.38,0.15,1400.37,22817.52,3422.628,19394.892,5601.48,13793.412,0.711187874
OI004224,O01686,P073,4,6594.36,0,3155.39,26377.44,0,26377.44,12621.56,13755.88,0.521501708
OI000166,O00067,P023,3,6282.87,0.05,1387.27,18848.61,942.4305,17906.1795,4161.81,13744.3695,0.767576886
OI005416,O02152,P023,3,6282.87,0.05,1387.27,18848.61,942.4305,17906.1795,4161.81,13744.3695,0.767576886
OI000749,O00295,P070,4,4988.16,0.1,1084.07,19952.64,1995.264,17957.376,4336.28,13621.096,0.75852374
OI002184,O00861,P070,4,4988.16,0.1,1084.07,19952.64,1995.264,17957.376,4336.28,13621.096,0.75852374
OI003032,O01205,P070,4,4988.16,0.1,1084.07,19952.64,1995.264,17957.376,4336.28,13621.096,0.75852374
OI005128,O02041,P070,4,4988.16,0.1,1084.07,19952.64,1995.264,17957.376,4336.28,13621.096,0.75852374
OI000249,O00099,P049,4,6189.2,0.05,2480.95,24756.8,1237.84,23518.96,9923.8,13595.16,0.57805107
OI000616,O00241,P049,4,6189.2,0.05,2480.95,24756.8,1237.84,23518.96,9923.8,13595.16,0.57805107
OI004430,O01774,P049,4,6189.2,0.05,2480.95,24756.8,1237.84,23518.96,9923.8,13595.16,0.57805107
OI005058,O02012,P049,4,6189.2,0.05,2480.95,24756.8,1237.84,23518.96,9923.8,13595.16,0.57805107
OI005270,O02096,P049,4,6189.2,0.05,2480.95,24756.8,1237.84,23518.96,9923.8,13595.16,0.57805107
OI001265,O00495,P029,4,3811.62,0.05,262.65,15246.48,762.324,14484.156,1050.6,13433.556,0.92746557
OI003664,O01462,P029,4,3811.62,0.05,262.65,15246.48,762.324,14484.156,1050.6,13433.556,0.92746557
OI002392,O00947,P011,4,7495.81,0.1,3389.07,29983.24,2998.324,26984.916,13556.28,13428.636,0.497634901
OI000153,O00062,P001,3,5060.04,0,594.86,15180.12,0,15180.12,1784.58,13395.54,0.882439665
OI001225,O00481,P001,3,5060.04,0,594.86,15180.12,0,15180.12,1784.58,13395.54,0.882439665
OI002089,O00823,P001,3,5060.04,0,594.86,15180.12,0,15180.12,1784.58,13395.54,0.882439665
OI002597,O01028,P001,3,5060.04,0,594.86,15180.12,0,15180.12,1784.58,13395.54,0.882439665
OI002794,O01105,P001,3,5060.04,0,594.86,15180.12,0,15180.12,1784.58,13395.54,0.882439665
OI005171,O02057,P001,3,5060.04,0,594.86,15180.12,0,15180.12,1784.58,13395.54,0.882439665
OI000573,O00224,P014,3,5526.86,0.05,822.47,16580.58,829.029,15751.551,2467.41,13284.141,0.843354473
OI001388,O00544,P014,3,5526.86,0.05,822.47,16580.58,829.029,15751.551,2467.41,13284.141,0.843354473
OI003849,O01540,P014,3,5526.86,0.05,822.47,16580.58,829.029,15751.551,2467.41,13284.141,0.843354473
OI004322,O01728,P014,3,5526.86,0.05,822.47,16580.58,829.029,15751.551,2467.41,13284.141,0.843354473
OI005405,O02148,P014,3,5526.86,0.05,822.47,16580.58,829.029,15751.551,2467.41,13284.141,0.843354473
OI000401,O00157,P027,4,5678.95,0.05,2088.43,22715.8,1135.79,21580.01,8353.72,13226.29,0.612895453
OI004573,O01836,P027,4,5678.95,0.05,2088.43,22715.8,1135.79,21580.01,8353.72,13226.29,0.612895453
OI001203,O00473,P030,4,6724.47,0.2,2090.3,26897.88,5379.576,21518.304,8361.2,13157.104,0.611437779
OI003699,O01476,P030,4,6724.47,0.2,2090.3,26897.88,5379.576,21518.304,8361.2,13157.104,0.611437779
OI001478,O00583,P061,3,5698.31,0.2,186.41,17094.93,3418.986,13675.944,559.23,13116.714,0.95910849
OI003799,O01516,P061,3,5698.31,0.2,186.41,17094.93,3418.986,13675.944,559.23,13116.714,0.95910849
OI004690,O01880,P061,3,5698.31,0.2,186.41,17094.93,3418.986,13675.944,559.23,13116.714,0.95910849
OI000385,O00150,P056,4,5689.43,0.05,2138.41,22757.72,1137.886,21619.834,8553.64,13066.194,0.60436144
OI003390,O01347,P056,4,5689.43,0.05,2138.41,22757.72,1137.886,21619.834,8553.64,13066.194,0.60436144
OI004976,O01982,P056,4,5689.43,0.05,2138.41,22757.72,1137.886,21619.834,8553.64,13066.194,0.60436144
OI000460,O00179,P015,3,7330.81,0.2,1525.08,21992.43,4398.486,17593.944,4575.24,13018.704,0.739953702
OI003196,O01272,P015,3,7330.81,0.2,1525.08,21992.43,4398.486,17593.944,4575.24,13018.704,0.739953702
OI000680,O00269,P012,4,3994.33,0,777.41,15977.32,0,15977.32,3109.64,12867.68,0.805371614
OI004911,O01960,P012,4,3994.33,0,777.41,15977.32,0,15977.32,3109.64,12867.68,0.805371614
OI000139,O00056,P040,4,5866.02,0.15,1770.44,23464.08,3519.612,19944.468,7081.76,12862.708,0.644926102
OI002299,O00909,P040,4,5866.02,0.15,1770.44,23464.08,3519.612,19944.468,7081.76,12862.708,0.644926102
OI004080,O01632,P040,4,5866.02,0.15,1770.44,23464.08,3519.612,19944.468,7081.76,12862.708,0.644926102
OI004862,O01945,P040,4,5866.02,0.15,1770.44,23464.08,3519.612,19944.468,7081.76,12862.708,0.644926102
OI001962,O00775,P068,3,7430.32,0.15,2041.8,22290.96,3343.644,18947.316,6125.4,12821.916,0.676714106
OI004345,O01739,P068,3,7430.32,0.15,2041.8,22290.96,3343.644,18947.316,6125.4,12821.916,0.676714106
OI005127,O02041,P068,3,7430.32,0.15,2041.8,22290.96,3343.644,18947.316,6125.4,12821.916,0.676714106
OI005219,O02075,P068,3,7430.32,0.15,2041.8,22290.96,3343.644,18947.316,6125.4,12821.916,0.676714106
OI005260,O02092,P068,3,7430.32,0.15,2041.8,22290.96,3343.644,18947.316,6125.4,12821.916,0.676714106
OI001442,O00567,P023,3,6282.87,0.1,1387.27,18848.61,1884.861,16963.749,4161.81,12801.939,0.754664491
OI003778,O01507,P023,3,6282.87,0.1,1387.27,18848.61,1884.861,16963.749,4161.81,12801.939,0.754664491
OI000221,O00088,P032,4,6623.25,0.05,3109.6,26493,1324.65,25168.35,12438.4,12729.95,0.505791997
OI000949,O00369,P032,4,6623.25,0.05,3109.6,26493,1324.65,25168.35,12438.4,12729.95,0.505791997
OI003387,O01346,P032,4,6623.25,0.05,3109.6,26493,1324.65,25168.35,12438.4,12729.95,0.505791997
OI005073,O02018,P032,4,6623.25,0.05,3109.6,26493,1324.65,25168.35,12438.4,12729.95,0.505791997
OI000919,O00358,P029,4,3811.62,0.1,262.65,15246.48,1524.648,13721.832,1050.6,12671.232,0.923435879
OI001145,O00447,P029,4,3811.62,0.1,262.65,15246.48,1524.648,13721.832,1050.6,12671.232,0.923435879
OI001966,O00776,P029,4,3811.62,0.1,262.65,15246.48,1524.648,13721.832,1050.6,12671.232,0.923435879
OI002015,O00794,P054,4,5704.38,0.2,1400.37,22817.52,4563.504,18254.016,5601.48,12652.536,0.693137116
OI003559,O01416,P054,4,5704.38,0.2,1400.37,22817.52,4563.504,18254.016,5601.48,12652.536,0.693137116
OI003628,O01446,P054,4,5704.38,0.2,1400.37,22817.52,4563.504,18254.016,5601.48,12652.536,0.693137116
OI004733,O01894,P054,4,5704.38,0.2,1400.37,22817.52,4563.504,18254.016,5601.48,12652.536,0.693137116
OI005461,O02170,P054,4,5704.38,0.2,1400.37,22817.52,4563.504,18254.016,5601.48,12652.536,0.693137116
OI000144,O00058,P068,4,7430.32,0.3,2041.8,29721.28,8916.384,20804.896,8167.2,12637.696,0.607438557
OI000901,O00351,P068,4,7430.32,0.3,2041.8,29721.28,8916.384,20804.896,8167.2,12637.696,0.607438557
OI004174,O01667,P068,4,7430.32,0.3,2041.8,29721.28,8916.384,20804.896,8167.2,12637.696,0.607438557
OI000151,O00061,P001,3,5060.04,0.05,594.86,15180.12,759.006,14421.114,1784.58,12636.534,0.876252278
OI001738,O00689,P001,3,5060.04,0.05,594.86,15180.12,759.006,14421.114,1784.58,12636.534,0.876252278
OI001769,O00702,P001,3,5060.04,0.05,594.86,15180.12,759.006,14421.114,1784.58,12636.534,0.876252278
OI002101,O00830,P001,3,5060.04,0.05,594.86,15180.12,759.006,14421.114,1784.58,12636.534,0.876252278
OI003615,O01440,P001,3,5060.04,0.05,594.86,15180.12,759.006,14421.114,1784.58,12636.534,0.876252278
OI001180,O00463,P070,4,4988.16,0.15,1084.07,19952.64,2992.896,16959.744,4336.28,12623.464,0.744319254
OI000328,O00132,P014,3,5526.86,0.1,822.47,16580.58,1658.058,14922.522,2467.41,12455.112,0.834651944
OI000490,O00190,P014,3,5526.86,0.1,822.47,16580.58,1658.058,14922.522,2467.41,12455.112,0.834651944
OI001562,O00621,P014,3,5526.86,0.1,822.47,16580.58,1658.058,14922.522,2467.41,12455.112,0.834651944
OI002181,O00860,P014,3,5526.86,0.1,822.47,16580.58,1658.058,14922.522,2467.41,12455.112,0.834651944
OI002716,O01073,P014,3,5526.86,0.1,822.47,16580.58,1658.058,14922.522,2467.41,12455.112,0.834651944
OI003016,O01196,P014,3,5526.86,0.1,822.47,16580.58,1658.058,14922.522,2467.41,12455.112,0.834651944
OI003701,O01476,P014,3,5526.86,0.1,822.47,16580.58,1658.058,14922.522,2467.41,12455.112,0.834651944
OI005248,O02085,P014,3,5526.86,0.1,822.47,16580.58,1658.058,14922.522,2467.41,12455.112,0.834651944
OI003978,O01591,P073,4,6594.36,0.05,3155.39,26377.44,1318.872,25058.568,12621.56,12437.008,0.496317587
OI004066,O01628,P073,4,6594.36,0.05,3155.39,26377.44,1318.872,25058.568,12621.56,12437.008,0.496317587
OI004439,O01780,P073,4,6594.36,0.05,3155.39,26377.44,1318.872,25058.568,12621.56,12437.008,0.496317587
OI004920,O01964,P049,4,6189.2,0.1,2480.95,24756.8,2475.68,22281.12,9923.8,12357.32,0.554609463
OI005152,O02050,P011,3,7495.81,0,3389.07,22487.43,0,22487.43,10167.21,12320.22,0.547871411
OI000581,O00228,P005,4,3320.34,0,245.87,13281.36,0,13281.36,983.48,12297.88,0.925950354
OI001474,O00581,P005,4,3320.34,0,245.87,13281.36,0,13281.36,983.48,12297.88,0.925950354
OI002401,O00951,P005,4,3320.34,0,245.87,13281.36,0,13281.36,983.48,12297.88,0.925950354
OI004906,O01959,P005,4,3320.34,0,245.87,13281.36,0,13281.36,983.48,12297.88,0.925950354
OI005064,O02014,P005,4,3320.34,0,245.87,13281.36,0,13281.36,983.48,12297.88,0.925950354
OI000293,O00116,P040,3,5866.02,0,1770.44,17598.06,0,17598.06,5311.32,12286.74,0.698187187
OI002587,O01023,P040,3,5866.02,0,1770.44,17598.06,0,17598.06,5311.32,12286.74,0.698187187
OI003057,O01214,P040,3,5866.02,0,1770.44,17598.06,0,17598.06,5311.32,12286.74,0.698187187
OI005006,O01993,P040,3,5866.02,0,1770.44,17598.06,0,17598.06,5311.32,12286.74,0.698187187
OI003306,O01316,P010,2,7442.3,0,1346.4,14884.6,0,14884.6,2692.8,12191.8,0.819088185
OI003981,O01591,P010,2,7442.3,0,1346.4,14884.6,0,14884.6,2692.8,12191.8,0.819088185
OI002488,O00985,P014,4,5526.86,0.3,822.47,22107.44,6632.232,15475.208,3289.88,12185.328,0.787409643
OI003500,O01390,P014,4,5526.86,0.3,822.47,22107.44,6632.232,15475.208,3289.88,12185.328,0.787409643
OI000094,O00039,P027,4,5678.95,0.1,2088.43,22715.8,2271.58,20444.22,8353.72,12090.5,0.591389645
OI003410,O01356,P027,4,5678.95,0.1,2088.43,22715.8,2271.58,20444.22,8353.72,12090.5,0.591389645
OI004046,O01618,P027,4,5678.95,0.1,2088.43,22715.8,2271.58,20444.22,8353.72,12090.5,0.591389645
OI001891,O00745,P024,4,6203.92,0,3183.57,24815.68,0,24815.68,12734.28,12081.4,0.486845414
OI002218,O00873,P024,4,6203.92,0,3183.57,24815.68,0,24815.68,12734.28,12081.4,0.486845414
OI002552,O01009,P024,4,6203.92,0,3183.57,24815.68,0,24815.68,12734.28,12081.4,0.486845414
OI004840,O01936,P024,4,6203.92,0,3183.57,24815.68,0,24815.68,12734.28,12081.4,0.486845414
OI001413,O00555,P012,4,3994.33,0.05,777.41,15977.32,798.866,15178.454,3109.64,12068.814,0.795128015
OI001858,O00734,P012,4,3994.33,0.05,777.41,15977.32,798.866,15178.454,3109.64,12068.814,0.795128015
OI003127,O01246,P012,4,3994.33,0.05,777.41,15977.32,798.866,15178.454,3109.64,12068.814,0.795128015
OI003223,O01282,P012,4,3994.33,0.05,777.41,15977.32,798.866,15178.454,3109.64,12068.814,0.795128015
OI004101,O01642,P012,4,3994.33,0.05,777.41,15977.32,798.866,15178.454,3109.64,12068.814,0.795128015
OI000379,O00148,P054,3,5704.38,0.05,1400.37,17113.14,855.657,16257.483,4201.11,12056.373,0.74158915
OI004971,O01980,P054,3,5704.38,0.05,1400.37,17113.14,855.657,16257.483,4201.11,12056.373,0.74158915
OI005010,O01995,P054,3,5704.38,0.05,1400.37,17113.14,855.657,16257.483,4201.11,12056.373,0.74158915
OI000070,O00028,P023,4,6282.87,0.3,1387.27,25131.48,7539.444,17592.036,5549.08,12042.956,0.684568631
OI000493,O00192,P023,4,6282.87,0.3,1387.27,25131.48,7539.444,17592.036,5549.08,12042.956,0.684568631
OI000903,O00353,P023,4,6282.87,0.3,1387.27,25131.48,7539.444,17592.036,5549.08,12042.956,0.684568631
OI001293,O00504,P023,4,6282.87,0.3,1387.27,25131.48,7539.444,17592.036,5549.08,12042.956,0.684568631
OI001398,O00547,P023,4,6282.87,0.3,1387.27,25131.48,7539.444,17592.036,5549.08,12042.956,0.684568631
OI002168,O00855,P023,4,6282.87,0.3,1387.27,25131.48,7539.444,17592.036,5549.08,12042.956,0.684568631
OI003870,O01547,P011,4,7495.81,0.15,3389.07,29983.24,4497.486,25485.754,13556.28,11929.474,0.468084013
OI000871,O00343,P056,4,5689.43,0.1,2138.41,22757.72,2275.772,20481.948,8553.64,11928.308,0.58238152
OI003596,O01432,P056,4,5689.43,0.1,2138.41,22757.72,2275.772,20481.948,8553.64,11928.308,0.58238152
OI005477,O02178,P056,4,5689.43,0.1,2138.41,22757.72,2275.772,20481.948,8553.64,11928.308,0.58238152
OI000821,O00323,P029,4,3811.62,0.15,262.65,15246.48,2286.972,12959.508,1050.6,11908.908,0.918932108
OI004327,O01731,P029,4,3811.62,0.15,262.65,15246.48,2286.972,12959.508,1050.6,11908.908,0.918932108
OI000704,O00278,P030,3,6724.47,0.1,2090.3,20173.41,2017.341,18156.069,6270.9,11885.169,0.654611359
OI002193,O00863,P001,3,5060.04,0.1,594.86,15180.12,1518.012,13662.108,1784.58,11877.528,0.869377405
OI002707,O01069,P001,3,5060.04,0.1,594.86,15180.12,1518.012,13662.108,1784.58,11877.528,0.869377405
OI003041,O01209,P001,3,5060.04,0.1,594.86,15180.12,1518.012,13662.108,1784.58,11877.528,0.869377405
OI003861,O01544,P001,3,5060.04,0.1,594.86,15180.12,1518.012,13662.108,1784.58,11877.528,0.869377405
OI000039,O00017,P023,3,6282.87,0.15,1387.27,18848.61,2827.2915,16021.3185,4161.81,11859.5085,0.74023299
OI001803,O00713,P023,3,6282.87,0.15,1387.27,18848.61,2827.2915,16021.3185,4161.81,11859.5085,0.74023299
OI002630,O01040,P023,3,6282.87,0.15,1387.27,18848.61,2827.2915,16021.3185,4161.81,11859.5085,0.74023299
OI004889,O01954,P023,3,6282.87,0.15,1387.27,18848.61,2827.2915,16021.3185,4161.81,11859.5085,0.74023299
OI000215,O00087,P003,4,6285.84,0,3329.26,25143.36,0,25143.36,13317.04,11826.32,0.470355593
OI003478,O01383,P003,4,6285.84,0,3329.26,25143.36,0,25143.36,13317.04,11826.32,0.470355593
OI003546,O01409,P003,4,6285.84,0,3329.26,25143.36,0,25143.36,13317.04,11826.32,0.470355593
OI005198,O02066,P003,4,6285.84,0,3329.26,25143.36,0,25143.36,13317.04,11826.32,0.470355593
OI000442,O00172,P001,4,5060.04,0.3,594.86,20240.16,6072.048,14168.112,2379.44,11788.672,0.832056664
OI001518,O00600,P001,4,5060.04,0.3,594.86,20240.16,6072.048,14168.112,2379.44,11788.672,0.832056664
OI002590,O01025,P001,4,5060.04,0.3,594.86,20240.16,6072.048,14168.112,2379.44,11788.672,0.832056664
OI003909,O01564,P001,4,5060.04,0.3,594.86,20240.16,6072.048,14168.112,2379.44,11788.672,0.832056664
OI001029,O00402,P070,3,4988.16,0,1084.07,14964.48,0,14964.48,3252.21,11712.27,0.782671366
OI003064,O01217,P070,3,4988.16,0,1084.07,14964.48,0,14964.48,3252.21,11712.27,0.782671366
OI002985,O01181,P068,3,7430.32,0.2,2041.8,22290.96,4458.192,17832.768,6125.4,11707.368,0.656508737
OI000633,O00248,P040,4,5866.02,0.2,1770.44,23464.08,4692.816,18771.264,7081.76,11689.504,0.622733983
OI000050,O00020,P005,4,3320.34,0.05,245.87,13281.36,664.068,12617.292,983.48,11633.812,0.922053005
OI003300,O01314,P005,4,3320.34,0.05,245.87,13281.36,664.068,12617.292,983.48,11633.812,0.922053005
OI005354,O02129,P005,4,3320.34,0.05,245.87,13281.36,664.068,12617.292,983.48,11633.812,0.922053005
OI001084,O00422,P014,3,5526.86,0.15,822.47,16580.58,2487.087,14093.493,2467.41,11626.083,0.824925588
OI002661,O01051,P014,3,5526.86,0.15,822.47,16580.58,2487.087,14093.493,2467.41,11626.083,0.824925588
OI000654,O00257,P070,4,4988.16,0.2,1084.07,19952.64,3990.528,15962.112,4336.28,11625.832,0.728339207
OI001451,O00572,P070,4,4988.16,0.2,1084.07,19952.64,3990.528,15962.112,4336.28,11625.832,0.728339207
OI001759,O00697,P070,4,4988.16,0.2,1084.07,19952.64,3990.528,15962.112,4336.28,11625.832,0.728339207
OI002430,O00964,P070,4,4988.16,0.2,1084.07,19952.64,3990.528,15962.112,4336.28,11625.832,0.728339207
OI003977,O01590,P070,4,4988.16,0.2,1084.07,19952.64,3990.528,15962.112,4336.28,11625.832,0.728339207
OI004416,O01769,P070,4,4988.16,0.2,1084.07,19952.64,3990.528,15962.112,4336.28,11625.832,0.728339207
OI005194,O02064,P070,4,4988.16,0.2,1084.07,19952.64,3990.528,15962.112,4336.28,11625.832,0.728339207
OI004164,O01664,P015,2,7330.81,0,1525.08,14661.62,0,14661.62,3050.16,11611.46,0.791962962
OI004559,O01831,P015,2,7330.81,0,1525.08,14661.62,0,14661.62,3050.16,11611.46,0.791962962
OI000579,O00227,P010,3,7442.3,0.3,1346.4,22326.9,6698.07,15628.83,4039.2,11589.63,0.74155455
OI001012,O00395,P010,3,7442.3,0.3,1346.4,22326.9,6698.07,15628.83,4039.2,11589.63,0.74155455
OI001827,O00723,P010,3,7442.3,0.3,1346.4,22326.9,6698.07,15628.83,4039.2,11589.63,0.74155455
OI001976,O00780,P010,3,7442.3,0.3,1346.4,22326.9,6698.07,15628.83,4039.2,11589.63,0.74155455
OI004040,O01615,P010,3,7442.3,0.3,1346.4,22326.9,6698.07,15628.83,4039.2,11589.63,0.74155455
OI004191,O01675,P010,3,7442.3,0.3,1346.4,22326.9,6698.07,15628.83,4039.2,11589.63,0.74155455
OI004298,O01715,P010,3,7442.3,0.3,1346.4,22326.9,6698.07,15628.83,4039.2,11589.63,0.74155455
OI001916,O00756,P010,2,7442.3,0.05,1346.4,14884.6,744.23,14140.37,2692.8,11447.57,0.809566511
OI003224,O01283,P010,2,7442.3,0.05,1346.4,14884.6,744.23,14140.37,2692.8,11447.57,0.809566511
OI003246,O01290,P010,2,7442.3,0.05,1346.4,14884.6,744.23,14140.37,2692.8,11447.57,0.809566511
OI003962,O01586,P010,2,7442.3,0.05,1346.4,14884.6,744.23,14140.37,2692.8,11447.57,0.809566511
OI004436,O01778,P010,2,7442.3,0.05,1346.4,14884.6,744.23,14140.37,2692.8,11447.57,0.809566511
OI005371,O02136,P010,2,7442.3,0.05,1346.4,14884.6,744.23,14140.37,2692.8,11447.57,0.809566511
OI005418,O02152,P010,2,7442.3,0.05,1346.4,14884.6,744.23,14140.37,2692.8,11447.57,0.809566511
OI000444,O00172,P061,3,5698.31,0.3,186.41,17094.93,5128.479,11966.451,559.23,11407.221,0.953266846
OI002748,O01086,P061,3,5698.31,0.3,186.41,17094.93,5128.479,11966.451,559.23,11407.221,0.953266846
OI001138,O00445,P040,3,5866.02,0.05,1770.44,17598.06,879.903,16718.157,5311.32,11406.837,0.682302302
OI003088,O01227,P040,3,5866.02,0.05,1770.44,17598.06,879.903,16718.157,5311.32,11406.837,0.682302302
OI003992,O01596,P040,3,5866.02,0.05,1770.44,17598.06,879.903,16718.157,5311.32,11406.837,0.682302302
OI001030,O00402,P022,4,5959.11,0,3108.79,23836.44,0,23836.44,12435.16,11401.28,0.478313037
OI001588,O00630,P022,4,5959.11,0,3108.79,23836.44,0,23836.44,12435.16,11401.28,0.478313037
OI004125,O01652,P022,4,5959.11,0,3108.79,23836.44,0,23836.44,12435.16,11401.28,0.478313037
OI000441,O00171,P012,4,3994.33,0.1,777.41,15977.32,1597.732,14379.588,3109.64,11269.948,0.783746238
OI002727,O01077,P012,4,3994.33,0.1,777.41,15977.32,1597.732,14379.588,3109.64,11269.948,0.783746238
OI001586,O00629,P054,3,5704.38,0.1,1400.37,17113.14,1711.314,15401.826,4201.11,11200.716,0.727232992
OI002405,O00953,P054,3,5704.38,0.1,1400.37,17113.14,1711.314,15401.826,4201.11,11200.716,0.727232992
OI000687,O00272,P011,3,7495.81,0.05,3389.07,22487.43,1124.3715,21363.0585,10167.21,11195.8485,0.524075169
OI001319,O00517,P011,3,7495.81,0.05,3389.07,22487.43,1124.3715,21363.0585,10167.21,11195.8485,0.524075169
OI001637,O00649,P011,3,7495.81,0.05,3389.07,22487.43,1124.3715,21363.0585,10167.21,11195.8485,0.524075169
OI004725,O01890,P011,3,7495.81,0.05,3389.07,22487.43,1124.3715,21363.0585,10167.21,11195.8485,0.524075169
OI003971,O01589,P029,4,3811.62,0.2,262.65,15246.48,3049.296,12197.184,1050.6,11146.584,0.913865364
OI004231,O01689,P029,4,3811.62,0.2,262.65,15246.48,3049.296,12197.184,1050.6,11146.584,0.913865364
OI004740,O01898,P029,4,3811.62,0.2,262.65,15246.48,3049.296,12197.184,1050.6,11146.584,0.913865364
OI000527,O00206,P049,3,6189.2,0,2480.95,18567.6,0,18567.6,7442.85,11124.75,0.599148517
OI002823,O01117,P049,3,6189.2,0,2480.95,18567.6,0,18567.6,7442.85,11124.75,0.599148517
OI004664,O01870,P049,3,6189.2,0,2480.95,18567.6,0,18567.6,7442.85,11124.75,0.599148517
OI004773,O01910,P049,3,6189.2,0,2480.95,18567.6,0,18567.6,7442.85,11124.75,0.599148517
OI003190,O01271,P049,4,6189.2,0.15,2480.95,24756.8,3713.52,21043.28,9923.8,11119.48,0.52841002
OI005183,O02060,P049,4,6189.2,0.15,2480.95,24756.8,3713.52,21043.28,9923.8,11119.48,0.52841002
OI003359,O01336,P001,3,5060.04,0.15,594.86,15180.12,2277.018,12903.102,1784.58,11118.522,0.861693723
OI005165,O02054,P001,3,5060.04,0.15,594.86,15180.12,2277.018,12903.102,1784.58,11118.522,0.861693723
OI002335,O00926,P073,4,6594.36,0.1,3155.39,26377.44,2637.744,23739.696,12621.56,11118.136,0.468335231
OI003822,O01527,P073,4,6594.36,0.1,3155.39,26377.44,2637.744,23739.696,12621.56,11118.136,0.468335231
OI004618,O01851,P073,4,6594.36,0.1,3155.39,26377.44,2637.744,23739.696,12621.56,11118.136,0.468335231
OI000834,O00329,P007,4,3880.55,0,1109.38,15522.2,0,15522.2,4437.52,11084.68,0.714117844
OI003856,O01543,P007,4,3880.55,0,1109.38,15522.2,0,15522.2,4437.52,11084.68,0.714117844
OI000872,O00343,P061,2,5698.31,0,186.41,11396.62,0,11396.62,372.82,11023.8,0.967286792
OI001117,O00437,P005,4,3320.34,0.1,245.87,13281.36,1328.136,11953.224,983.48,10969.744,0.917722616
OI004898,O01957,P005,4,3320.34,0.1,245.87,13281.36,1328.136,11953.224,983.48,10969.744,0.917722616
OI000209,O00081,P070,3,4988.16,0.05,1084.07,14964.48,748.224,14216.256,3252.21,10964.046,0.771233017
OI000307,O00121,P070,3,4988.16,0.05,1084.07,14964.48,748.224,14216.256,3252.21,10964.046,0.771233017
OI003723,O01486,P070,3,4988.16,0.05,1084.07,14964.48,748.224,14216.256,3252.21,10964.046,0.771233017
OI004220,O01684,P070,3,4988.16,0.05,1084.07,14964.48,748.224,14216.256,3252.21,10964.046,0.771233017
OI005209,O02072,P070,3,4988.16,0.05,1084.07,14964.48,748.224,14216.256,3252.21,10964.046,0.771233017
OI001211,O00476,P027,4,5678.95,0.15,2088.43,22715.8,3407.37,19308.43,8353.72,10954.71,0.567353741
OI003063,O01216,P027,4,5678.95,0.15,2088.43,22715.8,3407.37,19308.43,8353.72,10954.71,0.567353741
OI003317,O01320,P027,4,5678.95,0.15,2088.43,22715.8,3407.37,19308.43,8353.72,10954.71,0.567353741
OI004362,O01747,P027,4,5678.95,0.15,2088.43,22715.8,3407.37,19308.43,8353.72,10954.71,0.567353741
OI004490,O01803,P027,4,5678.95,0.15,2088.43,22715.8,3407.37,19308.43,8353.72,10954.71,0.567353741
OI005134,O02044,P027,4,5678.95,0.15,2088.43,22715.8,3407.37,19308.43,8353.72,10954.71,0.567353741
OI001950,O00770,P023,3,6282.87,0.2,1387.27,18848.61,3769.722,15078.888,4161.81,10917.078,0.723997552
OI003956,O01583,P023,3,6282.87,0.2,1387.27,18848.61,3769.722,15078.888,4161.81,10917.078,0.723997552
OI004765,O01907,P023,3,6282.87,0.2,1387.27,18848.61,3769.722,15078.888,4161.81,10917.078,0.723997552
OI005524,O02198,P023,3,6282.87,0.2,1387.27,18848.61,3769.722,15078.888,4161.81,10917.078,0.723997552
OI001668,O00661,P046,4,6490.81,0,3763.21,25963.24,0,25963.24,15052.84,10910.4,0.420224903
OI002008,O00791,P046,4,6490.81,0,3763.21,25963.24,0,25963.24,15052.84,10910.4,0.420224903
OI002271,O00897,P046,4,6490.81,0,3763.21,25963.24,0,25963.24,15052.84,10910.4,0.420224903
OI005356,O02130,P046,4,6490.81,0,3763.21,25963.24,0,25963.24,15052.84,10910.4,0.420224903
OI004581,O01838,P015,2,7330.81,0.05,1525.08,14661.62,733.081,13928.539,3050.16,10878.379,0.781013644
OI000501,O00195,P030,3,6724.47,0.15,2090.3,20173.41,3026.0115,17147.3985,6270.9,10876.4985,0.63429438
OI000652,O00255,P030,3,6724.47,0.15,2090.3,20173.41,3026.0115,17147.3985,6270.9,10876.4985,0.63429438
OI001127,O00440,P030,3,6724.47,0.15,2090.3,20173.41,3026.0115,17147.3985,6270.9,10876.4985,0.63429438
OI004110,O01646,P030,3,6724.47,0.15,2090.3,20173.41,3026.0115,17147.3985,6270.9,10876.4985,0.63429438
OI001886,O00744,P024,4,6203.92,0.05,3183.57,24815.68,1240.784,23574.896,12734.28,10840.616,0.459837278
OI003486,O01386,P024,4,6203.92,0.05,3183.57,24815.68,1240.784,23574.896,12734.28,10840.616,0.459837278
OI002535,O01003,P015,3,7330.81,0.3,1525.08,21992.43,6597.729,15394.701,4575.24,10819.461,0.702804231
OI002947,O01169,P015,3,7330.81,0.3,1525.08,21992.43,6597.729,15394.701,4575.24,10819.461,0.702804231
OI005369,O02135,P015,3,7330.81,0.3,1525.08,21992.43,6597.729,15394.701,4575.24,10819.461,0.702804231
OI002541,O01005,P014,3,5526.86,0.2,822.47,16580.58,3316.116,13264.464,2467.41,10797.054,0.813983437
OI004503,O01810,P014,3,5526.86,0.2,822.47,16580.58,3316.116,13264.464,2467.41,10797.054,0.813983437
OI005093,O02027,P014,3,5526.86,0.2,822.47,16580.58,3316.116,13264.464,2467.41,10797.054,0.813983437
OI005279,O02098,P014,3,5526.86,0.2,822.47,16580.58,3316.116,13264.464,2467.41,10797.054,0.813983437
OI000279,O00110,P056,4,5689.43,0.15,2138.41,22757.72,3413.658,19344.062,8553.64,10790.422,0.557815727
OI000525,O00205,P056,4,5689.43,0.15,2138.41,22757.72,3413.658,19344.062,8553.64,10790.422,0.557815727
OI001016,O00397,P056,4,5689.43,0.15,2138.41,22757.72,3413.658,19344.062,8553.64,10790.422,0.557815727
OI001636,O00649,P056,4,5689.43,0.15,2138.41,22757.72,3413.658,19344.062,8553.64,10790.422,0.557815727
OI002220,O00875,P056,4,5689.43,0.15,2138.41,22757.72,3413.658,19344.062,8553.64,10790.422,0.557815727
OI002658,O01050,P056,4,5689.43,0.15,2138.41,22757.72,3413.658,19344.062,8553.64,10790.422,0.557815727
OI002932,O01163,P056,4,5689.43,0.15,2138.41,22757.72,3413.658,19344.062,8553.64,10790.422,0.557815727
OI004271,O01703,P056,4,5689.43,0.15,2138.41,22757.72,3413.658,19344.062,8553.64,10790.422,0.557815727
OI005480,O02181,P056,4,5689.43,0.15,2138.41,22757.72,3413.658,19344.062,8553.64,10790.422,0.557815727
OI000864,O00340,P068,2,7430.32,0,2041.8,14860.64,0,14860.64,4083.6,10777.04,0.72520699
OI002648,O01047,P068,2,7430.32,0,2041.8,14860.64,0,14860.64,4083.6,10777.04,0.72520699
OI003471,O01381,P068,2,7430.32,0,2041.8,14860.64,0,14860.64,4083.6,10777.04,0.72520699
OI004377,O01752,P068,2,7430.32,0,2041.8,14860.64,0,14860.64,4083.6,10777.04,0.72520699
OI000329,O00132,P010,2,7442.3,0.1,1346.4,14884.6,1488.46,13396.14,2692.8,10703.34,0.798986872
OI000642,O00251,P010,2,7442.3,0.1,1346.4,14884.6,1488.46,13396.14,2692.8,10703.34,0.798986872
OI002795,O01105,P010,2,7442.3,0.1,1346.4,14884.6,1488.46,13396.14,2692.8,10703.34,0.798986872
OI004168,O01665,P010,2,7442.3,0.1,1346.4,14884.6,1488.46,13396.14,2692.8,10703.34,0.798986872
OI005474,O02177,P010,2,7442.3,0.1,1346.4,14884.6,1488.46,13396.14,2692.8,10703.34,0.798986872
OI000065,O00027,P056,3,5689.43,0,2138.41,17068.29,0,17068.29,6415.23,10653.06,0.624143368
OI002721,O01074,P056,3,5689.43,0,2138.41,17068.29,0,17068.29,6415.23,10653.06,0.624143368
OI002839,O01123,P056,3,5689.43,0,2138.41,17068.29,0,17068.29,6415.23,10653.06,0.624143368
OI003458,O01376,P029,3,3811.62,0,262.65,11434.86,0,11434.86,787.95,10646.91,0.931092291
OI003501,O01390,P029,3,3811.62,0,262.65,11434.86,0,11434.86,787.95,10646.91,0.931092291
OI004361,O01746,P029,3,3811.62,0,262.65,11434.86,0,11434.86,787.95,10646.91,0.931092291
OI005118,O02036,P074,4,7323.07,0,4674.57,29292.28,0,29292.28,18698.28,10594,0.361665258
OI000837,O00330,P003,4,6285.84,0.05,3329.26,25143.36,1257.168,23886.192,13317.04,10569.152,0.442479571
OI003065,O01217,P003,4,6285.84,0.05,3329.26,25143.36,1257.168,23886.192,13317.04,10569.152,0.442479571
OI003125,O01244,P003,4,6285.84,0.05,3329.26,25143.36,1257.168,23886.192,13317.04,10569.152,0.442479571
OI001497,O00590,P032,3,6623.25,0,3109.6,19869.75,0,19869.75,9328.8,10540.95,0.530502397
OI003009,O01194,P032,3,6623.25,0,3109.6,19869.75,0,19869.75,9328.8,10540.95,0.530502397
OI004943,O01970,P032,3,6623.25,0,3109.6,19869.75,0,19869.75,9328.8,10540.95,0.530502397
OI001278,O00499,P040,3,5866.02,0.1,1770.44,17598.06,1759.806,15838.254,5311.32,10526.934,0.664652429
OI002093,O00826,P040,3,5866.02,0.1,1770.44,17598.06,1759.806,15838.254,5311.32,10526.934,0.664652429
OI002447,O00972,P040,3,5866.02,0.1,1770.44,17598.06,1759.806,15838.254,5311.32,10526.934,0.664652429
OI003461,O01377,P040,3,5866.02,0.1,1770.44,17598.06,1759.806,15838.254,5311.32,10526.934,0.664652429
OI004012,O01605,P040,3,5866.02,0.1,1770.44,17598.06,1759.806,15838.254,5311.32,10526.934,0.664652429
OI004234,O01690,P040,3,5866.02,0.1,1770.44,17598.06,1759.806,15838.254,5311.32,10526.934,0.664652429
OI004762,O01906,P040,3,5866.02,0.1,1770.44,17598.06,1759.806,15838.254,5311.32,10526.934,0.664652429
OI004883,O01952,P040,3,5866.02,0.1,1770.44,17598.06,1759.806,15838.254,5311.32,10526.934,0.664652429
OI000475,O00185,P012,4,3994.33,0.15,777.41,15977.32,2396.598,13580.722,3109.64,10471.082,0.771025429
OI000705,O00278,P012,4,3994.33,0.15,777.41,15977.32,2396.598,13580.722,3109.64,10471.082,0.771025429
OI002025,O00797,P012,4,3994.33,0.15,777.41,15977.32,2396.598,13580.722,3109.64,10471.082,0.771025429
OI005040,O02007,P012,4,3994.33,0.15,777.41,15977.32,2396.598,13580.722,3109.64,10471.082,0.771025429
OI002723,O01075,P030,4,6724.47,0.3,2090.3,26897.88,8069.364,18828.516,8361.2,10467.316,0.55592889
OI003034,O01206,P030,4,6724.47,0.3,2090.3,26897.88,8069.364,18828.516,8361.2,10467.316,0.55592889
OI000588,O00230,P061,2,5698.31,0.05,186.41,11396.62,569.831,10826.789,372.82,10453.969,0.965565044
OI001801,O00712,P061,2,5698.31,0.05,186.41,11396.62,569.831,10826.789,372.82,10453.969,0.965565044
OI002937,O01166,P061,2,5698.31,0.05,186.41,11396.62,569.831,10826.789,372.82,10453.969,0.965565044
OI003474,O01382,P061,2,5698.31,0.05,186.41,11396.62,569.831,10826.789,372.82,10453.969,0.965565044
OI004184,O01672,P061,2,5698.31,0.05,186.41,11396.62,569.831,10826.789,372.82,10453.969,0.965565044
OI005274,O02097,P061,2,5698.31,0.05,186.41,11396.62,569.831,10826.789,372.82,10453.969,0.965565044
OI001169,O00459,P071,4,3503.29,0,896.72,14013.16,0,14013.16,3586.88,10426.28,0.744034893
OI001342,O00524,P071,4,3503.29,0,896.72,14013.16,0,14013.16,3586.88,10426.28,0.744034893
OI002250,O00887,P071,4,3503.29,0,896.72,14013.16,0,14013.16,3586.88,10426.28,0.744034893
OI002930,O01163,P071,4,3503.29,0,896.72,14013.16,0,14013.16,3586.88,10426.28,0.744034893
OI004538,O01823,P071,4,3503.29,0,896.72,14013.16,0,14013.16,3586.88,10426.28,0.744034893
OI000593,O00232,P054,4,5704.38,0.3,1400.37,22817.52,6845.256,15972.264,5601.48,10370.784,0.649299561
OI001826,O00722,P054,4,5704.38,0.3,1400.37,22817.52,6845.256,15972.264,5601.48,10370.784,0.649299561
OI003635,O01449,P054,4,5704.38,0.3,1400.37,22817.52,6845.256,15972.264,5601.48,10370.784,0.649299561
OI003837,O01534,P054,4,5704.38,0.3,1400.37,22817.52,6845.256,15972.264,5601.48,10370.784,0.649299561
OI001929,O00762,P001,3,5060.04,0.2,594.86,15180.12,3036.024,12144.096,1784.58,10359.516,0.853049581
OI004622,O01854,P001,3,5060.04,0.2,594.86,15180.12,3036.024,12144.096,1784.58,10359.516,0.853049581
OI005341,O02124,P001,3,5060.04,0.2,594.86,15180.12,3036.024,12144.096,1784.58,10359.516,0.853049581
OI002431,O00965,P054,3,5704.38,0.15,1400.37,17113.14,2566.971,14546.169,4201.11,10345.059,0.711187874
OI003520,O01399,P054,3,5704.38,0.15,1400.37,17113.14,2566.971,14546.169,4201.11,10345.059,0.711187874
OI004811,O01924,P054,3,5704.38,0.15,1400.37,17113.14,2566.971,14546.169,4201.11,10345.059,0.711187874
OI001635,O00648,P028,4,6060.07,0,3474.32,24240.28,0,24240.28,13897.28,10343,0.42668649
OI001883,O00742,P028,4,6060.07,0,3474.32,24240.28,0,24240.28,13897.28,10343,0.42668649
OI002719,O01074,P028,4,6060.07,0,3474.32,24240.28,0,24240.28,13897.28,10343,0.42668649
OI003619,O01442,P028,4,6060.07,0,3474.32,24240.28,0,24240.28,13897.28,10343,0.42668649
OI005088,O02024,P073,3,6594.36,0,3155.39,19783.08,0,19783.08,9466.17,10316.91,0.521501708
OI001753,O00695,P007,4,3880.55,0.05,1109.38,15522.2,776.11,14746.09,4437.52,10308.57,0.699071415
OI004645,O01862,P007,4,3880.55,0.05,1109.38,15522.2,776.11,14746.09,4437.52,10308.57,0.699071415
OI000553,O00217,P005,4,3320.34,0.15,245.87,13281.36,1992.204,11289.156,983.48,10305.676,0.91288277
OI005110,O02034,P005,4,3320.34,0.15,245.87,13281.36,1992.204,11289.156,983.48,10305.676,0.91288277
OI002234,O00881,P070,3,4988.16,0.1,1084.07,14964.48,1496.448,13468.032,3252.21,10215.822,0.75852374
OI004656,O01865,P070,3,4988.16,0.1,1084.07,14964.48,1496.448,13468.032,3252.21,10215.822,0.75852374
OI002400,O00950,P049,3,6189.2,0.05,2480.95,18567.6,928.38,17639.22,7442.85,10196.37,0.57805107
OI004024,O01609,P015,2,7330.81,0.1,1525.08,14661.62,1466.162,13195.458,3050.16,10145.298,0.768847735
OI000164,O00067,P032,4,6623.25,0.15,3109.6,26493,3973.95,22519.05,12438.4,10080.65,0.447649879
OI000292,O00116,P032,4,6623.25,0.15,3109.6,26493,3973.95,22519.05,12438.4,10080.65,0.447649879
OI003220,O01280,P032,4,6623.25,0.15,3109.6,26493,3973.95,22519.05,12438.4,10080.65,0.447649879
OI000748,O00295,P029,3,3811.62,0.05,262.65,11434.86,571.743,10863.117,787.95,10075.167,0.92746557
OI002273,O00897,P029,3,3811.62,0.05,262.65,11434.86,571.743,10863.117,787.95,10075.167,0.92746557
OI002468,O00979,P029,3,3811.62,0.05,262.65,11434.86,571.743,10863.117,787.95,10075.167,0.92746557
OI002801,O01107,P029,3,3811.62,0.05,262.65,11434.86,571.743,10863.117,787.95,10075.167,0.92746557
OI000084,O00035,P011,3,7495.81,0.1,3389.07,22487.43,2248.743,20238.687,10167.21,10071.477,0.497634901
OI003770,O01504,P011,3,7495.81,0.1,3389.07,22487.43,2248.743,20238.687,10167.21,10071.477,0.497634901
OI000026,O00014,P068,2,7430.32,0.05,2041.8,14860.64,743.032,14117.608,4083.6,10034.008,0.7107442
OI000479,O00186,P068,2,7430.32,0.05,2041.8,14860.64,743.032,14117.608,4083.6,10034.008,0.7107442
OI002720,O01074,P068,2,7430.32,0.05,2041.8,14860.64,743.032,14117.608,4083.6,10034.008,0.7107442
OI002873,O01137,P068,2,7430.32,0.05,2041.8,14860.64,743.032,14117.608,4083.6,10034.008,0.7107442
OI003964,O01586,P068,2,7430.32,0.05,2041.8,14860.64,743.032,14117.608,4083.6,10034.008,0.7107442
OI000679,O00269,P010,2,7442.3,0.15,1346.4,14884.6,2232.69,12651.91,2692.8,9959.11,0.787162571
OI002509,O00994,P010,2,7442.3,0.15,1346.4,14884.6,2232.69,12651.91,2692.8,9959.11,0.787162571
OI000383,O00150,P027,3,5678.95,0.05,2088.43,17036.85,851.8425,16185.0075,6265.29,9919.7175,0.612895453
OI002848,O01127,P027,3,5678.95,0.05,2088.43,17036.85,851.8425,16185.0075,6265.29,9919.7175,0.612895453
OI004578,O01838,P027,3,5678.95,0.05,2088.43,17036.85,851.8425,16185.0075,6265.29,9919.7175,0.612895453
OI005343,O02125,P027,3,5678.95,0.05,2088.43,17036.85,851.8425,16185.0075,6265.29,9919.7175,0.612895453
OI003609,O01437,P061,2,5698.31,0.1,186.41,11396.62,1139.662,10256.958,372.82,9884.138,0.963651991
OI000270,O00106,P049,4,6189.2,0.2,2480.95,24756.8,4951.36,19805.44,9923.8,9881.64,0.498935646
OI000289,O00115,P049,4,6189.2,0.2,2480.95,24756.8,4951.36,19805.44,9923.8,9881.64,0.498935646
OI002540,O01004,P049,4,6189.2,0.2,2480.95,24756.8,4951.36,19805.44,9923.8,9881.64,0.498935646
OI004112,O01646,P049,4,6189.2,0.2,2480.95,24756.8,4951.36,19805.44,9923.8,9881.64,0.498935646
OI004863,O01945,P049,4,6189.2,0.2,2480.95,24756.8,4951.36,19805.44,9923.8,9881.64,0.498935646
OI000618,O00242,P030,3,6724.47,0.2,2090.3,20173.41,4034.682,16138.728,6270.9,9867.828,0.611437779
OI001044,O00407,P030,3,6724.47,0.2,2090.3,20173.41,4034.682,16138.728,6270.9,9867.828,0.611437779
OI004283,O01708,P030,3,6724.47,0.2,2090.3,20173.41,4034.682,16138.728,6270.9,9867.828,0.611437779
OI002003,O00790,P027,4,5678.95,0.2,2088.43,22715.8,4543.16,18172.64,8353.72,9818.92,0.54031335
OI003152,O01254,P027,4,5678.95,0.2,2088.43,22715.8,4543.16,18172.64,8353.72,9818.92,0.54031335
OI003235,O01287,P027,4,5678.95,0.2,2088.43,22715.8,4543.16,18172.64,8353.72,9818.92,0.54031335
OI005212,O02073,P027,4,5678.95,0.2,2088.43,22715.8,4543.16,18172.64,8353.72,9818.92,0.54031335
OI000663,O00261,P056,3,5689.43,0.05,2138.41,17068.29,853.4145,16214.8755,6415.23,9799.6455,0.60436144
OI001266,O00495,P056,3,5689.43,0.05,2138.41,17068.29,853.4145,16214.8755,6415.23,9799.6455,0.60436144
OI003643,O01454,P056,3,5689.43,0.05,2138.41,17068.29,853.4145,16214.8755,6415.23,9799.6455,0.60436144
OI001199,O00471,P073,4,6594.36,0.15,3155.39,26377.44,3956.616,22420.824,12621.56,9799.264,0.437060832
OI002738,O01083,P073,4,6594.36,0.15,3155.39,26377.44,3956.616,22420.824,12621.56,9799.264,0.437060832
OI003431,O01363,P073,4,6594.36,0.15,3155.39,26377.44,3956.616,22420.824,12621.56,9799.264,0.437060832
OI004950,O01972,P073,4,6594.36,0.15,3155.39,26377.44,3956.616,22420.824,12621.56,9799.264,0.437060832
OI001712,O00678,P023,2,6282.87,0,1387.27,12565.74,0,12565.74,2774.54,9791.2,0.779198042
OI002315,O00917,P023,2,6282.87,0,1387.27,12565.74,0,12565.74,2774.54,9791.2,0.779198042
OI002574,O01018,P023,2,6282.87,0,1387.27,12565.74,0,12565.74,2774.54,9791.2,0.779198042
OI000646,O00253,P071,4,3503.29,0.05,896.72,14013.16,700.658,13312.502,3586.88,9725.622,0.730563045
OI001334,O00522,P071,4,3503.29,0.05,896.72,14013.16,700.658,13312.502,3586.88,9725.622,0.730563045
OI001491,O00588,P071,4,3503.29,0.05,896.72,14013.16,700.658,13312.502,3586.88,9725.622,0.730563045
OI002226,O00878,P071,4,3503.29,0.05,896.72,14013.16,700.658,13312.502,3586.88,9725.622,0.730563045
OI002817,O01114,P071,4,3503.29,0.05,896.72,14013.16,700.658,13312.502,3586.88,9725.622,0.730563045
OI003218,O01280,P071,4,3503.29,0.05,896.72,14013.16,700.658,13312.502,3586.88,9725.622,0.730563045
OI001377,O00539,P067,4,3139.17,0,711.17,12556.68,0,12556.68,2844.68,9712,0.773452855
OI002776,O01097,P067,4,3139.17,0,711.17,12556.68,0,12556.68,2844.68,9712,0.773452855
OI003539,O01406,P012,4,3994.33,0.2,777.41,15977.32,3195.464,12781.856,3109.64,9672.216,0.756714518
OI000522,O00204,P056,4,5689.43,0.2,2138.41,22757.72,4551.544,18206.176,8553.64,9652.536,0.53017921
OI002414,O00956,P056,4,5689.43,0.2,2138.41,22757.72,4551.544,18206.176,8553.64,9652.536,0.53017921
OI000339,O00136,P012,3,3994.33,0,777.41,11982.99,0,11982.99,2332.23,9650.76,0.805371614
OI001689,O00670,P012,3,3994.33,0,777.41,11982.99,0,11982.99,2332.23,9650.76,0.805371614
OI002083,O00821,P012,3,3994.33,0,777.41,11982.99,0,11982.99,2332.23,9650.76,0.805371614
OI004317,O01725,P012,3,3994.33,0,777.41,11982.99,0,11982.99,2332.23,9650.76,0.805371614
OI004922,O01964,P012,3,3994.33,0,777.41,11982.99,0,11982.99,2332.23,9650.76,0.805371614
OI001546,O00614,P040,3,5866.02,0.15,1770.44,17598.06,2639.709,14958.351,5311.32,9647.031,0.644926102
OI003845,O01538,P040,3,5866.02,0.15,1770.44,17598.06,2639.709,14958.351,5311.32,9647.031,0.644926102
OI004009,O01604,P040,3,5866.02,0.15,1770.44,17598.06,2639.709,14958.351,5311.32,9647.031,0.644926102
OI001076,O00419,P005,4,3320.34,0.2,245.87,13281.36,2656.272,10625.088,983.48,9641.608,0.907437943
OI002846,O01126,P005,4,3320.34,0.2,245.87,13281.36,2656.272,10625.088,983.48,9641.608,0.907437943
OI004808,O01923,P005,4,3320.34,0.2,245.87,13281.36,2656.272,10625.088,983.48,9641.608,0.907437943
OI002010,O00792,P070,4,4988.16,0.3,1084.07,19952.64,5985.792,13966.848,4336.28,9630.568,0.689530523
OI002816,O01114,P070,4,4988.16,0.3,1084.07,19952.64,5985.792,13966.848,4336.28,9630.568,0.689530523
OI003312,O01318,P070,4,4988.16,0.3,1084.07,19952.64,5985.792,13966.848,4336.28,9630.568,0.689530523
OI003382,O01343,P070,4,4988.16,0.3,1084.07,19952.64,5985.792,13966.848,4336.28,9630.568,0.689530523
OI003572,O01421,P070,4,4988.16,0.3,1084.07,19952.64,5985.792,13966.848,4336.28,9630.568,0.689530523
OI000478,O00186,P029,4,3811.62,0.3,262.65,15246.48,4573.944,10672.536,1050.6,9621.936,0.901560416
OI001073,O00418,P029,4,3811.62,0.3,262.65,15246.48,4573.944,10672.536,1050.6,9621.936,0.901560416
OI001318,O00517,P029,4,3811.62,0.3,262.65,15246.48,4573.944,10672.536,1050.6,9621.936,0.901560416
OI000952,O00370,P046,4,6490.81,0.05,3763.21,25963.24,1298.162,24665.078,15052.84,9612.238,0.389710424
OI001213,O00477,P046,4,6490.81,0.05,3763.21,25963.24,1298.162,24665.078,15052.84,9612.238,0.389710424
OI001747,O00693,P046,4,6490.81,0.05,3763.21,25963.24,1298.162,24665.078,15052.84,9612.238,0.389710424
OI001840,O00727,P046,4,6490.81,0.05,3763.21,25963.24,1298.162,24665.078,15052.84,9612.238,0.389710424
OI004748,O01902,P046,4,6490.81,0.05,3763.21,25963.24,1298.162,24665.078,15052.84,9612.238,0.389710424
OI005083,O02022,P046,4,6490.81,0.05,3763.21,25963.24,1298.162,24665.078,15052.84,9612.238,0.389710424
OI005294,O02104,P046,4,6490.81,0.05,3763.21,25963.24,1298.162,24665.078,15052.84,9612.238,0.389710424
OI001917,O00756,P024,4,6203.92,0.1,3183.57,24815.68,2481.568,22334.112,12734.28,9599.832,0.429828238
OI002351,O00932,P024,4,6203.92,0.1,3183.57,24815.68,2481.568,22334.112,12734.28,9599.832,0.429828238
OI003427,O01362,P024,4,6203.92,0.1,3183.57,24815.68,2481.568,22334.112,12734.28,9599.832,0.429828238
OI004438,O01780,P024,4,6203.92,0.1,3183.57,24815.68,2481.568,22334.112,12734.28,9599.832,0.429828238
OI000033,O00015,P032,3,6623.25,0.05,3109.6,19869.75,993.4875,18876.2625,9328.8,9547.4625,0.505791997
OI004963,O01977,P032,3,6623.25,0.05,3109.6,19869.75,993.4875,18876.2625,9328.8,9547.4625,0.505791997
OI000566,O00221,P029,3,3811.62,0.1,262.65,11434.86,1143.486,10291.374,787.95,9503.424,0.923435879
OI001397,O00547,P029,3,3811.62,0.1,262.65,11434.86,1143.486,10291.374,787.95,9503.424,0.923435879
OI003100,O01234,P029,3,3811.62,0.1,262.65,11434.86,1143.486,10291.374,787.95,9503.424,0.923435879
OI004648,O01863,P029,3,3811.62,0.1,262.65,11434.86,1143.486,10291.374,787.95,9503.424,0.923435879
OI005063,O02013,P029,3,3811.62,0.1,262.65,11434.86,1143.486,10291.374,787.95,9503.424,0.923435879
OI000180,O00072,P054,3,5704.38,0.2,1400.37,17113.14,3422.628,13690.512,4201.11,9489.402,0.693137116
OI005382,O02139,P054,3,5704.38,0.2,1400.37,17113.14,3422.628,13690.512,4201.11,9489.402,0.693137116
OI001607,O00638,P068,3,7430.32,0.3,2041.8,22290.96,6687.288,15603.672,6125.4,9478.272,0.607438557
OI000967,O00376,P070,3,4988.16,0.15,1084.07,14964.48,2244.672,12719.808,3252.21,9467.598,0.744319254
OI001201,O00472,P070,3,4988.16,0.15,1084.07,14964.48,2244.672,12719.808,3252.21,9467.598,0.744319254
OI002717,O01073,P070,3,4988.16,0.15,1084.07,14964.48,2244.672,12719.808,3252.21,9467.598,0.744319254
OI000542,O00212,P047,4,6217.65,0,3858.64,24870.6,0,24870.6,15434.56,9436.04,0.379405402
OI005472,O02175,P047,4,6217.65,0,3858.64,24870.6,0,24870.6,15434.56,9436.04,0.379405402
OI000802,O00317,P015,2,7330.81,0.15,1525.08,14661.62,2199.243,12462.377,3050.16,9412.217,0.755250543
OI005364,O02133,P014,2,5526.86,0,822.47,11053.72,0,11053.72,1644.94,9408.78,0.85118675
OI000584,O00229,P008,4,5224.68,0,2873.574,20898.72,0,20898.72,11494.296,9404.424,0.45
OI001623,O00644,P040,4,5866.02,0.3,1770.44,23464.08,7039.224,16424.856,7081.76,9343.096,0.568838838
OI001939,O00765,P040,4,5866.02,0.3,1770.44,23464.08,7039.224,16424.856,7081.76,9343.096,0.568838838
OI003950,O01580,P040,4,5866.02,0.3,1770.44,23464.08,7039.224,16424.856,7081.76,9343.096,0.568838838
OI001463,O00576,P073,3,6594.36,0.05,3155.39,19783.08,989.154,18793.926,9466.17,9327.756,0.496317587
OI002561,O01013,P073,3,6594.36,0.05,3155.39,19783.08,989.154,18793.926,9466.17,9327.756,0.496317587
OI003002,O01191,P073,3,6594.36,0.05,3155.39,19783.08,989.154,18793.926,9466.17,9327.756,0.496317587
OI003147,O01253,P073,3,6594.36,0.05,3155.39,19783.08,989.154,18793.926,9466.17,9327.756,0.496317587
OI000099,O00041,P061,2,5698.31,0.15,186.41,11396.62,1709.493,9687.127,372.82,9314.307,0.961513873
OI001131,O00442,P061,2,5698.31,0.15,186.41,11396.62,1709.493,9687.127,372.82,9314.307,0.961513873
OI001217,O00478,P061,2,5698.31,0.15,186.41,11396.62,1709.493,9687.127,372.82,9314.307,0.961513873
OI001468,O00577,P061,2,5698.31,0.15,186.41,11396.62,1709.493,9687.127,372.82,9314.307,0.961513873
OI003831,O01531,P061,2,5698.31,0.15,186.41,11396.62,1709.493,9687.127,372.82,9314.307,0.961513873
OI003853,O01541,P061,2,5698.31,0.15,186.41,11396.62,1709.493,9687.127,372.82,9314.307,0.961513873
OI003925,O01573,P061,2,5698.31,0.15,186.41,11396.62,1709.493,9687.127,372.82,9314.307,0.961513873
OI005330,O02119,P061,2,5698.31,0.15,186.41,11396.62,1709.493,9687.127,372.82,9314.307,0.961513873
OI000606,O00236,P003,4,6285.84,0.1,3329.26,25143.36,2514.336,22629.024,13317.04,9311.984,0.411506214
OI001822,O00721,P003,4,6285.84,0.1,3329.26,25143.36,2514.336,22629.024,13317.04,9311.984,0.411506214
OI002164,O00854,P068,2,7430.32,0.1,2041.8,14860.64,1486.064,13374.576,4083.6,9290.976,0.694674433
OI000333,O00134,P052,4,5599.03,0,3277.37,22396.12,0,22396.12,13109.48,9286.64,0.414653967
OI002030,O00800,P052,4,5599.03,0,3277.37,22396.12,0,22396.12,13109.48,9286.64,0.414653967
OI005046,O02008,P052,4,5599.03,0,3277.37,22396.12,0,22396.12,13109.48,9286.64,0.414653967
OI005161,O02053,P052,4,5599.03,0,3277.37,22396.12,0,22396.12,13109.48,9286.64,0.414653967
OI005234,O02081,P052,4,5599.03,0,3277.37,22396.12,0,22396.12,13109.48,9286.64,0.414653967
OI000098,O00041,P030,2,6724.47,0,2090.3,13448.94,0,13448.94,4180.6,9268.34,0.689150223
OI000898,O00351,P030,2,6724.47,0,2090.3,13448.94,0,13448.94,4180.6,9268.34,0.689150223
OI001547,O00614,P030,2,6724.47,0,2090.3,13448.94,0,13448.94,4180.6,9268.34,0.689150223
OI000827,O00326,P049,3,6189.2,0.1,2480.95,18567.6,1856.76,16710.84,7442.85,9267.99,0.554609463
OI002626,O01039,P066,4,6217.53,0,3905.53,24870.12,0,24870.12,15622.12,9248,0.371851845
OI003028,O01202,P006,4,4253.34,0.05,1733.75,17013.36,850.668,16162.692,6935,9227.692,0.570925437
OI002662,O01052,P005,3,3320.34,0,245.87,9961.02,0,9961.02,737.61,9223.41,0.925950354
OI003369,O01339,P005,3,3320.34,0,245.87,9961.02,0,9961.02,737.61,9223.41,0.925950354
OI000429,O00167,P010,2,7442.3,0.2,1346.4,14884.6,2976.92,11907.68,2692.8,9214.88,0.773860231
OI001049,O00409,P010,2,7442.3,0.2,1346.4,14884.6,2976.92,11907.68,2692.8,9214.88,0.773860231
OI001207,O00474,P010,2,7442.3,0.2,1346.4,14884.6,2976.92,11907.68,2692.8,9214.88,0.773860231
OI001789,O00709,P010,2,7442.3,0.2,1346.4,14884.6,2976.92,11907.68,2692.8,9214.88,0.773860231
OI001968,O00777,P023,2,6282.87,0.05,1387.27,12565.74,628.287,11937.453,2774.54,9162.913,0.767576886
OI002329,O00923,P023,2,6282.87,0.05,1387.27,12565.74,628.287,11937.453,2774.54,9162.913,0.767576886
OI001193,O00469,P014,3,5526.86,0.3,822.47,16580.58,4974.174,11606.406,2467.41,9138.996,0.787409643
OI000435,O00169,P028,4,6060.07,0.05,3474.32,24240.28,1212.014,23028.266,13897.28,9130.986,0.396512095
OI000841,O00331,P028,4,6060.07,0.05,3474.32,24240.28,1212.014,23028.266,13897.28,9130.986,0.396512095
OI003221,O01281,P028,4,6060.07,0.05,3474.32,24240.28,1212.014,23028.266,13897.28,9130.986,0.396512095
OI001625,O00645,P074,4,7323.07,0.05,4674.57,29292.28,1464.614,27827.666,18698.28,9129.386,0.328068693
OI003942,O01578,P074,4,7323.07,0.05,4674.57,29292.28,1464.614,27827.666,18698.28,9129.386,0.328068693
OI005419,O02153,P074,4,7323.07,0.05,4674.57,29292.28,1464.614,27827.666,18698.28,9129.386,0.328068693
OI003524,O01401,P067,4,3139.17,0.05,711.17,12556.68,627.834,11928.846,2844.68,9084.166,0.761529321
OI005307,O02110,P067,4,3139.17,0.05,711.17,12556.68,627.834,11928.846,2844.68,9084.166,0.761529321
OI005360,O02131,P067,4,3139.17,0.05,711.17,12556.68,627.834,11928.846,2844.68,9084.166,0.761529321
OI002207,O00868,P027,3,5678.95,0.1,2088.43,17036.85,1703.685,15333.165,6265.29,9067.875,0.591389645
OI000511,O00200,P024,3,6203.92,0,3183.57,18611.76,0,18611.76,9550.71,9061.05,0.486845414
OI003826,O01529,P024,3,6203.92,0,3183.57,18611.76,0,18611.76,9550.71,9061.05,0.486845414
OI004988,O01987,P024,3,6203.92,0,3183.57,18611.76,0,18611.76,9550.71,9061.05,0.486845414
OI002300,O00910,P012,3,3994.33,0.05,777.41,11982.99,599.1495,11383.8405,2332.23,9051.6105,0.795128015
OI003082,O01225,P012,3,3994.33,0.05,777.41,11982.99,599.1495,11383.8405,2332.23,9051.6105,0.795128015
OI003353,O01334,P012,3,3994.33,0.05,777.41,11982.99,599.1495,11383.8405,2332.23,9051.6105,0.795128015
OI004052,O01620,P023,3,6282.87,0.3,1387.27,18848.61,5654.583,13194.027,4161.81,9032.217,0.684568631
OI004999,O01990,P023,3,6282.87,0.3,1387.27,18848.61,5654.583,13194.027,4161.81,9032.217,0.684568631
OI001382,O00542,P071,4,3503.29,0.1,896.72,14013.16,1401.316,12611.844,3586.88,9024.964,0.715594325
OI001200,O00472,P022,4,5959.11,0.1,3108.79,23836.44,2383.644,21452.796,12435.16,9017.636,0.420347819
OI001466,O00577,P022,4,5959.11,0.1,3108.79,23836.44,2383.644,21452.796,12435.16,9017.636,0.420347819
OI004259,O01699,P022,4,5959.11,0.1,3108.79,23836.44,2383.644,21452.796,12435.16,9017.636,0.420347819
OI000683,O00271,P011,3,7495.81,0.15,3389.07,22487.43,3373.1145,19114.3155,10167.21,8947.1055,0.468084013
OI000926,O00360,P011,3,7495.81,0.15,3389.07,22487.43,3373.1145,19114.3155,10167.21,8947.1055,0.468084013
OI004148,O01660,P011,3,7495.81,0.15,3389.07,22487.43,3373.1145,19114.3155,10167.21,8947.1055,0.468084013
OI000839,O00331,P056,3,5689.43,0.1,2138.41,17068.29,1706.829,15361.461,6415.23,8946.231,0.58238152
OI000954,O00371,P056,3,5689.43,0.1,2138.41,17068.29,1706.829,15361.461,6415.23,8946.231,0.58238152
OI001662,O00660,P056,3,5689.43,0.1,2138.41,17068.29,1706.829,15361.461,6415.23,8946.231,0.58238152
OI002435,O00967,P056,3,5689.43,0.1,2138.41,17068.29,1706.829,15361.461,6415.23,8946.231,0.58238152
OI003513,O01395,P056,3,5689.43,0.1,2138.41,17068.29,1706.829,15361.461,6415.23,8946.231,0.58238152
OI001486,O00585,P029,3,3811.62,0.15,262.65,11434.86,1715.229,9719.631,787.95,8931.681,0.918932108
OI003209,O01276,P029,3,3811.62,0.15,262.65,11434.86,1715.229,9719.631,787.95,8931.681,0.918932108
OI002047,O00808,P001,2,5060.04,0,594.86,10120.08,0,10120.08,1189.72,8930.36,0.882439665
OI001626,O00646,P057,4,3618.93,0.05,1211.45,14475.72,723.786,13751.934,4845.8,8906.134,0.647627745
OI003581,O01425,P057,4,3618.93,0.05,1211.45,14475.72,723.786,13751.934,4845.8,8906.134,0.647627745
OI002320,O00919,P003,3,6285.84,0,3329.26,18857.52,0,18857.52,9987.78,8869.74,0.470355593
OI003808,O01518,P003,3,6285.84,0,3329.26,18857.52,0,18857.52,9987.78,8869.74,0.470355593
OI000086,O00036,P014,2,5526.86,0.05,822.47,11053.72,552.686,10501.034,1644.94,8856.094,0.843354473
OI000370,O00146,P014,2,5526.86,0.05,822.47,11053.72,552.686,10501.034,1644.94,8856.094,0.843354473
OI002598,O01028,P014,2,5526.86,0.05,822.47,11053.72,552.686,10501.034,1644.94,8856.094,0.843354473
OI003091,O01230,P014,2,5526.86,0.05,822.47,11053.72,552.686,10501.034,1644.94,8856.094,0.843354473
OI000740,O00291,P001,3,5060.04,0.3,594.86,15180.12,4554.036,10626.084,1784.58,8841.504,0.832056664
OI000589,O00231,P018,4,3329.63,0,1132.23,13318.52,0,13318.52,4528.92,8789.6,0.659953208
OI003639,O01451,P018,4,3329.63,0,1132.23,13318.52,0,13318.52,4528.92,8789.6,0.659953208
OI004071,O01629,P018,4,3329.63,0,1132.23,13318.52,0,13318.52,4528.92,8789.6,0.659953208
OI005520,O02196,P018,4,3329.63,0,1132.23,13318.52,0,13318.52,4528.92,8789.6,0.659953208
OI002646,O01046,P040,3,5866.02,0.2,1770.44,17598.06,3519.612,14078.448,5311.32,8767.128,0.622733983
OI000080,O00033,P032,4,6623.25,0.2,3109.6,26493,5298.6,21194.4,12438.4,8756,0.413127996
OI004435,O01778,P032,4,6623.25,0.2,3109.6,26493,5298.6,21194.4,12438.4,8756,0.413127996
OI002799,O01106,P061,2,5698.31,0.2,186.41,11396.62,2279.324,9117.296,372.82,8744.476,0.95910849
OI003451,O01373,P005,3,3320.34,0.05,245.87,9961.02,498.051,9462.969,737.61,8725.359,0.922053005
OI004279,O01706,P005,3,3320.34,0.05,245.87,9961.02,498.051,9462.969,737.61,8725.359,0.922053005
OI005131,O02043,P005,3,3320.34,0.05,245.87,9961.02,498.051,9462.969,737.61,8725.359,0.922053005
OI000519,O00202,P070,3,4988.16,0.2,1084.07,14964.48,2992.896,11971.584,3252.21,8719.374,0.728339207
OI001539,O00610,P070,3,4988.16,0.2,1084.07,14964.48,2992.896,11971.584,3252.21,8719.374,0.728339207
OI002067,O00816,P015,2,7330.81,0.2,1525.08,14661.62,2932.324,11729.296,3050.16,8679.136,0.739953702
OI003428,O01363,P054,2,5704.38,0,1400.37,11408.76,0,11408.76,2800.74,8608.02,0.754509693
OI000448,O00174,P030,2,6724.47,0.05,2090.3,13448.94,672.447,12776.493,4180.6,8595.893,0.672789708
OI001587,O00629,P030,2,6724.47,0.05,2090.3,13448.94,672.447,12776.493,4180.6,8595.893,0.672789708
OI003617,O01441,P030,2,6724.47,0.05,2090.3,13448.94,672.447,12776.493,4180.6,8595.893,0.672789708
OI004140,O01656,P030,2,6724.47,0.05,2090.3,13448.94,672.447,12776.493,4180.6,8595.893,0.672789708
OI005455,O02167,P030,2,6724.47,0.05,2090.3,13448.94,672.447,12776.493,4180.6,8595.893,0.672789708
OI001920,O00758,P032,3,6623.25,0.1,3109.6,19869.75,1986.975,17882.775,9328.8,8553.975,0.478335997
OI004768,O01909,P032,3,6623.25,0.1,3109.6,19869.75,1986.975,17882.775,9328.8,8553.975,0.478335997
OI005174,O02058,P032,3,6623.25,0.1,3109.6,19869.75,1986.975,17882.775,9328.8,8553.975,0.478335997
OI001042,O00406,P022,3,5959.11,0,3108.79,17877.33,0,17877.33,9326.37,8550.96,0.478313037
OI002589,O01024,P022,3,5959.11,0,3108.79,17877.33,0,17877.33,9326.37,8550.96,0.478313037
OI000850,O00335,P068,2,7430.32,0.15,2041.8,14860.64,2229.096,12631.544,4083.6,8547.944,0.676714106
OI002796,O01106,P068,2,7430.32,0.15,2041.8,14860.64,2229.096,12631.544,4083.6,8547.944,0.676714106
OI003248,O01291,P068,2,7430.32,0.15,2041.8,14860.64,2229.096,12631.544,4083.6,8547.944,0.676714106
OI003873,O01548,P068,2,7430.32,0.15,2041.8,14860.64,2229.096,12631.544,4083.6,8547.944,0.676714106
OI000074,O00030,P023,2,6282.87,0.1,1387.27,12565.74,1256.574,11309.166,2774.54,8534.626,0.754664491
OI000729,O00287,P073,4,6594.36,0.2,3155.39,26377.44,5275.488,21101.952,12621.56,8480.392,0.401877134
OI000984,O00383,P073,4,6594.36,0.2,3155.39,26377.44,5275.488,21101.952,12621.56,8480.392,0.401877134
OI001563,O00621,P073,4,6594.36,0.2,3155.39,26377.44,5275.488,21101.952,12621.56,8480.392,0.401877134
OI001683,O00669,P073,4,6594.36,0.2,3155.39,26377.44,5275.488,21101.952,12621.56,8480.392,0.401877134
OI002678,O01058,P073,4,6594.36,0.2,3155.39,26377.44,5275.488,21101.952,12621.56,8480.392,0.401877134
OI003281,O01306,P073,4,6594.36,0.2,3155.39,26377.44,5275.488,21101.952,12621.56,8480.392,0.401877134
OI001751,O00695,P067,4,3139.17,0.1,711.17,12556.68,1255.668,11301.012,2844.68,8456.332,0.74828095
OI003348,O01332,P067,4,3139.17,0.1,711.17,12556.68,1255.668,11301.012,2844.68,8456.332,0.74828095
OI003570,O01420,P067,4,3139.17,0.1,711.17,12556.68,1255.668,11301.012,2844.68,8456.332,0.74828095
OI004212,O01682,P067,4,3139.17,0.1,711.17,12556.68,1255.668,11301.012,2844.68,8456.332,0.74828095
OI004446,O01784,P067,4,3139.17,0.1,711.17,12556.68,1255.668,11301.012,2844.68,8456.332,0.74828095
OI000609,O00238,P012,3,3994.33,0.1,777.41,11982.99,1198.299,10784.691,2332.23,8452.461,0.783746238
OI001409,O00554,P012,3,3994.33,0.1,777.41,11982.99,1198.299,10784.691,2332.23,8452.461,0.783746238
OI003705,O01478,P012,3,3994.33,0.1,777.41,11982.99,1198.299,10784.691,2332.23,8452.461,0.783746238
OI000969,O00377,P001,2,5060.04,0.05,594.86,10120.08,506.004,9614.076,1189.72,8424.356,0.876252278
OI001320,O00517,P001,2,5060.04,0.05,594.86,10120.08,506.004,9614.076,1189.72,8424.356,0.876252278
OI002138,O00844,P001,2,5060.04,0.05,594.86,10120.08,506.004,9614.076,1189.72,8424.356,0.876252278
OI002160,O00852,P001,2,5060.04,0.05,594.86,10120.08,506.004,9614.076,1189.72,8424.356,0.876252278
OI003824,O01527,P001,2,5060.04,0.05,594.86,10120.08,506.004,9614.076,1189.72,8424.356,0.876252278
OI003719,O01485,P006,4,4253.34,0.1,1733.75,17013.36,1701.336,15312.024,6935,8377.024,0.547087962
OI000210,O00082,P029,3,3811.62,0.2,262.65,11434.86,2286.972,9147.888,787.95,8359.938,0.913865364
OI003372,O01341,P008,4,5224.68,0.05,2873.574,20898.72,1044.936,19853.784,11494.296,8359.488,0.421052632
OI003587,O01429,P008,4,5224.68,0.05,2873.574,20898.72,1044.936,19853.784,11494.296,8359.488,0.421052632
OI003682,O01469,P008,4,5224.68,0.05,2873.574,20898.72,1044.936,19853.784,11494.296,8359.488,0.421052632
OI005393,O02142,P008,4,5224.68,0.05,2873.574,20898.72,1044.936,19853.784,11494.296,8359.488,0.421052632
OI000183,O00073,P024,4,6203.92,0.15,3183.57,24815.68,3722.352,21093.328,12734.28,8359.048,0.396288722
OI000537,O00210,P024,4,6203.92,0.15,3183.57,24815.68,3722.352,21093.328,12734.28,8359.048,0.396288722
OI003741,O01493,P049,3,6189.2,0.15,2480.95,18567.6,2785.14,15782.46,7442.85,8339.61,0.52841002
OI004340,O01737,P049,3,6189.2,0.15,2480.95,18567.6,2785.14,15782.46,7442.85,8339.61,0.52841002
OI001832,O00725,P073,3,6594.36,0.1,3155.39,19783.08,1978.308,17804.772,9466.17,8338.602,0.468335231
OI003518,O01398,P073,3,6594.36,0.1,3155.39,19783.08,1978.308,17804.772,9466.17,8338.602,0.468335231
OI004153,O01661,P073,3,6594.36,0.1,3155.39,19783.08,1978.308,17804.772,9466.17,8338.602,0.468335231
OI002994,O01187,P071,4,3503.29,0.15,896.72,14013.16,2101.974,11911.186,3586.88,8324.306,0.69886458
OI000064,O00026,P046,4,6490.81,0.1,3763.21,25963.24,2596.324,23366.916,15052.84,8314.076,0.355805447
OI000814,O00321,P046,4,6490.81,0.1,3763.21,25963.24,2596.324,23366.916,15052.84,8314.076,0.355805447
OI000158,O00065,P007,3,3880.55,0,1109.38,11641.65,0,11641.65,3328.14,8313.51,0.714117844
OI001033,O00403,P007,3,3880.55,0,1109.38,11641.65,0,11641.65,3328.14,8313.51,0.714117844
OI003460,O01376,P007,3,3880.55,0,1109.38,11641.65,0,11641.65,3328.14,8313.51,0.714117844
OI004355,O01742,P007,3,3880.55,0,1109.38,11641.65,0,11641.65,3328.14,8313.51,0.714117844
OI001235,O00484,P005,4,3320.34,0.3,245.87,13281.36,3984.408,9296.952,983.48,8313.472,0.894214792
OI003469,O01380,P005,4,3320.34,0.3,245.87,13281.36,3984.408,9296.952,983.48,8313.472,0.894214792
OI004724,O01890,P005,4,3320.34,0.3,245.87,13281.36,3984.408,9296.952,983.48,8313.472,0.894214792
OI000484,O00188,P014,2,5526.86,0.1,822.47,11053.72,1105.372,9948.348,1644.94,8303.408,0.834651944
OI000791,O00312,P005,3,3320.34,0.1,245.87,9961.02,996.102,8964.918,737.61,8227.308,0.917722616
OI001673,O00666,P005,3,3320.34,0.1,245.87,9961.02,996.102,8964.918,737.61,8227.308,0.917722616
OI000812,O00321,P027,3,5678.95,0.15,2088.43,17036.85,2555.5275,14481.3225,6265.29,8216.0325,0.567353741
OI001079,O00420,P027,3,5678.95,0.15,2088.43,17036.85,2555.5275,14481.3225,6265.29,8216.0325,0.567353741
OI001498,O00591,P027,3,5678.95,0.15,2088.43,17036.85,2555.5275,14481.3225,6265.29,8216.0325,0.567353741
OI002393,O00947,P027,3,5678.95,0.15,2088.43,17036.85,2555.5275,14481.3225,6265.29,8216.0325,0.567353741
OI004681,O01878,P027,3,5678.95,0.15,2088.43,17036.85,2555.5275,14481.3225,6265.29,8216.0325,0.567353741
OI005262,O02092,P027,3,5678.95,0.15,2088.43,17036.85,2555.5275,14481.3225,6265.29,8216.0325,0.567353741
OI000761,O00298,P011,2,7495.81,0,3389.07,14991.62,0,14991.62,6778.14,8213.48,0.547871411
OI000935,O00363,P011,2,7495.81,0,3389.07,14991.62,0,14991.62,6778.14,8213.48,0.547871411
OI001101,O00430,P011,2,7495.81,0,3389.07,14991.62,0,14991.62,6778.14,8213.48,0.547871411
OI002880,O01141,P047,4,6217.65,0.05,3858.64,24870.6,1243.53,23627.07,15434.56,8192.51,0.346742529
OI003665,O01462,P047,4,6217.65,0.05,3858.64,24870.6,1243.53,23627.07,15434.56,8192.51,0.346742529
OI004378,O01752,P047,4,6217.65,0.05,3858.64,24870.6,1243.53,23627.07,15434.56,8192.51,0.346742529
OI000832,O00328,P040,2,5866.02,0,1770.44,11732.04,0,11732.04,3540.88,8191.16,0.698187187
OI000772,O00302,P046,3,6490.81,0,3763.21,19472.43,0,19472.43,11289.63,8182.8,0.420224903
OI002115,O00834,P046,3,6490.81,0,3763.21,19472.43,0,19472.43,11289.63,8182.8,0.420224903
OI004823,O01930,P046,3,6490.81,0,3763.21,19472.43,0,19472.43,11289.63,8182.8,0.420224903
OI002532,O01002,P057,4,3618.93,0.1,1211.45,14475.72,1447.572,13028.148,4845.8,8182.348,0.628051508
OI003679,O01468,P057,4,3618.93,0.1,1211.45,14475.72,1447.572,13028.148,4845.8,8182.348,0.628051508
OI004742,O01899,P057,4,3618.93,0.1,1211.45,14475.72,1447.572,13028.148,4845.8,8182.348,0.628051508
OI004766,O01908,P057,4,3618.93,0.1,1211.45,14475.72,1447.572,13028.148,4845.8,8182.348,0.628051508
OI005223,O02078,P057,4,3618.93,0.1,1211.45,14475.72,1447.572,13028.148,4845.8,8182.348,0.628051508
OI000879,O00345,P052,4,5599.03,0.05,3277.37,22396.12,1119.806,21276.314,13109.48,8166.834,0.383846281
OI001344,O00525,P052,4,5599.03,0.05,3277.37,22396.12,1119.806,21276.314,13109.48,8166.834,0.383846281
OI002033,O00801,P052,4,5599.03,0.05,3277.37,22396.12,1119.806,21276.314,13109.48,8166.834,0.383846281
OI004589,O01841,P052,4,5599.03,0.05,3277.37,22396.12,1119.806,21276.314,13109.48,8166.834,0.383846281
OI005202,O02068,P052,4,5599.03,0.05,3277.37,22396.12,1119.806,21276.314,13109.48,8166.834,0.383846281
OI004366,O01748,P024,3,6203.92,0.05,3183.57,18611.76,930.588,17681.172,9550.71,8130.462,0.459837278
OI000283,O00112,P018,4,3329.63,0.05,1132.23,13318.52,665.926,12652.594,4528.92,8123.674,0.642056008
OI000296,O00117,P018,4,3329.63,0.05,1132.23,13318.52,665.926,12652.594,4528.92,8123.674,0.642056008
OI001272,O00497,P018,4,3329.63,0.05,1132.23,13318.52,665.926,12652.594,4528.92,8123.674,0.642056008
OI005327,O02118,P018,4,3329.63,0.05,1132.23,13318.52,665.926,12652.594,4528.92,8123.674,0.642056008
OI005502,O02190,P018,4,3329.63,0.05,1132.23,13318.52,665.926,12652.594,4528.92,8123.674,0.642056008
OI000701,O00277,P056,3,5689.43,0.15,2138.41,17068.29,2560.2435,14508.0465,6415.23,8092.8165,0.557815727
OI004050,O01619,P056,3,5689.43,0.15,2138.41,17068.29,2560.2435,14508.0465,6415.23,8092.8165,0.557815727
OI004672,O01874,P056,3,5689.43,0.15,2138.41,17068.29,2560.2435,14508.0465,6415.23,8092.8165,0.557815727
OI005530,O02200,P056,3,5689.43,0.15,2138.41,17068.29,2560.2435,14508.0465,6415.23,8092.8165,0.557815727
OI005368,O02134,P012,4,3994.33,0.3,777.41,15977.32,4793.196,11184.124,3109.64,8074.484,0.721959449
OI001170,O00459,P003,4,6285.84,0.15,3329.26,25143.36,3771.504,21371.856,13317.04,8054.816,0.376888933
OI004801,O01921,P003,4,6285.84,0.15,3329.26,25143.36,3771.504,21371.856,13317.04,8054.816,0.376888933
OI002009,O00792,P054,2,5704.38,0.05,1400.37,11408.76,570.438,10838.322,2800.74,8037.582,0.74158915
OI002055,O00812,P054,2,5704.38,0.05,1400.37,11408.76,570.438,10838.322,2800.74,8037.582,0.74158915
OI005098,O02029,P054,2,5704.38,0.05,1400.37,11408.76,570.438,10838.322,2800.74,8037.582,0.74158915
OI005359,O02131,P054,2,5704.38,0.05,1400.37,11408.76,570.438,10838.322,2800.74,8037.582,0.74158915
OI002198,O00865,P066,4,6217.53,0.05,3905.53,24870.12,1243.506,23626.614,15622.12,8004.494,0.338791415
OI002815,O01114,P066,4,6217.53,0.05,3905.53,24870.12,1243.506,23626.614,15622.12,8004.494,0.338791415
OI004137,O01655,P066,4,6217.53,0.05,3905.53,24870.12,1243.506,23626.614,15622.12,8004.494,0.338791415
OI004301,O01718,P066,4,6217.53,0.05,3905.53,24870.12,1243.506,23626.614,15622.12,8004.494,0.338791415
OI001555,O00617,P007,4,3880.55,0.2,1109.38,15522.2,3104.44,12417.76,4437.52,7980.24,0.642647305
OI002810,O01111,P007,4,3880.55,0.2,1109.38,15522.2,3104.44,12417.76,4437.52,7980.24,0.642647305
OI003295,O01312,P007,4,3880.55,0.2,1109.38,15522.2,3104.44,12417.76,4437.52,7980.24,0.642647305
OI004891,O01954,P007,4,3880.55,0.2,1109.38,15522.2,3104.44,12417.76,4437.52,7980.24,0.642647305
OI004348,O01740,P074,3,7323.07,0,4674.57,21969.21,0,21969.21,14023.71,7945.5,0.361665258
OI004777,O01912,P074,3,7323.07,0,4674.57,21969.21,0,21969.21,14023.71,7945.5,0.361665258
OI001680,O00668,P030,2,6724.47,0.1,2090.3,13448.94,1344.894,12104.046,4180.6,7923.446,0.654611359
OI002130,O00840,P030,2,6724.47,0.1,2090.3,13448.94,1344.894,12104.046,4180.6,7923.446,0.654611359
OI002730,O01078,P030,2,6724.47,0.1,2090.3,13448.94,1344.894,12104.046,4180.6,7923.446,0.654611359
OI004209,O01681,P030,2,6724.47,0.1,2090.3,13448.94,1344.894,12104.046,4180.6,7923.446,0.654611359
OI004729,O01893,P030,2,6724.47,0.1,2090.3,13448.94,1344.894,12104.046,4180.6,7923.446,0.654611359
OI001321,O00517,P028,4,6060.07,0.1,3474.32,24240.28,2424.028,21816.252,13897.28,7918.972,0.362984989
OI002879,O01140,P028,4,6060.07,0.1,3474.32,24240.28,2424.028,21816.252,13897.28,7918.972,0.362984989
OI003602,O01435,P028,4,6060.07,0.1,3474.32,24240.28,2424.028,21816.252,13897.28,7918.972,0.362984989
OI000118,O00048,P001,2,5060.04,0.1,594.86,10120.08,1012.008,9108.072,1189.72,7918.352,0.869377405
OI002497,O00988,P001,2,5060.04,0.1,594.86,10120.08,1012.008,9108.072,1189.72,7918.352,0.869377405
OI002969,O01175,P001,2,5060.04,0.1,594.86,10120.08,1012.008,9108.072,1189.72,7918.352,0.869377405
OI004358,O01744,P001,2,5060.04,0.1,594.86,10120.08,1012.008,9108.072,1189.72,7918.352,0.869377405
OI001960,O00773,P012,3,3994.33,0.15,777.41,11982.99,1797.4485,10185.5415,2332.23,7853.3115,0.771025429
OI002777,O01098,P012,3,3994.33,0.15,777.41,11982.99,1797.4485,10185.5415,2332.23,7853.3115,0.771025429
OI004190,O01674,P012,3,3994.33,0.15,777.41,11982.99,1797.4485,10185.5415,2332.23,7853.3115,0.771025429
OI000465,O00182,P030,3,6724.47,0.3,2090.3,20173.41,6052.023,14121.387,6270.9,7850.487,0.55592889
OI002860,O01133,P030,3,6724.47,0.3,2090.3,20173.41,6052.023,14121.387,6270.9,7850.487,0.55592889
OI002897,O01149,P030,3,6724.47,0.3,2090.3,20173.41,6052.023,14121.387,6270.9,7850.487,0.55592889
OI001283,O00501,P067,4,3139.17,0.15,711.17,12556.68,1883.502,10673.178,2844.68,7828.498,0.733473947
OI004813,O01925,P067,4,3139.17,0.15,711.17,12556.68,1883.502,10673.178,2844.68,7828.498,0.733473947
OI000162,O00066,P022,4,5959.11,0.15,3108.79,23836.44,3575.466,20260.974,12435.16,7825.814,0.386250631
OI003186,O01270,P022,4,5959.11,0.15,3108.79,23836.44,3575.466,20260.974,12435.16,7825.814,0.386250631
OI003648,O01456,P022,4,5959.11,0.15,3108.79,23836.44,3575.466,20260.974,12435.16,7825.814,0.386250631
OI004961,O01976,P022,4,5959.11,0.15,3108.79,23836.44,3575.466,20260.974,12435.16,7825.814,0.386250631
OI000930,O00361,P011,3,7495.81,0.2,3389.07,22487.43,4497.486,17989.944,10167.21,7822.734,0.434839264
OI002584,O01022,P011,3,7495.81,0.2,3389.07,22487.43,4497.486,17989.944,10167.21,7822.734,0.434839264
OI004056,O01622,P011,3,7495.81,0.2,3389.07,22487.43,4497.486,17989.944,10167.21,7822.734,0.434839264
OI004163,O01664,P011,3,7495.81,0.2,3389.07,22487.43,4497.486,17989.944,10167.21,7822.734,0.434839264
OI005492,O02186,P011,3,7495.81,0.2,3389.07,22487.43,4497.486,17989.944,10167.21,7822.734,0.434839264
OI000587,O00230,P071,3,3503.29,0,896.72,10509.87,0,10509.87,2690.16,7819.71,0.744034893
OI000060,O00024,P070,2,4988.16,0,1084.07,9976.32,0,9976.32,2168.14,7808.18,0.782671366
OI002166,O00855,P070,2,4988.16,0,1084.07,9976.32,0,9976.32,2168.14,7808.18,0.782671366
OI000881,O00346,P068,2,7430.32,0.2,2041.8,14860.64,2972.128,11888.512,4083.6,7804.912,0.656508737
OI001108,O00433,P068,2,7430.32,0.2,2041.8,14860.64,2972.128,11888.512,4083.6,7804.912,0.656508737
OI002483,O00983,P068,2,7430.32,0.2,2041.8,14860.64,2972.128,11888.512,4083.6,7804.912,0.656508737
OI004551,O01827,P068,2,7430.32,0.2,2041.8,14860.64,2972.128,11888.512,4083.6,7804.912,0.656508737
OI005033,O02005,P068,2,7430.32,0.2,2041.8,14860.64,2972.128,11888.512,4083.6,7804.912,0.656508737
OI005357,O02131,P068,2,7430.32,0.2,2041.8,14860.64,2972.128,11888.512,4083.6,7804.912,0.656508737
OI000789,O00311,P054,3,5704.38,0.3,1400.37,17113.14,5133.942,11979.198,4201.11,7778.088,0.649299561
OI003231,O01285,P028,3,6060.07,0,3474.32,18180.21,0,18180.21,10422.96,7757.25,0.42668649
OI004286,O01710,P028,3,6060.07,0,3474.32,18180.21,0,18180.21,10422.96,7757.25,0.42668649
OI004704,O01884,P028,3,6060.07,0,3474.32,18180.21,0,18180.21,10422.96,7757.25,0.42668649
OI001057,O00412,P014,2,5526.86,0.15,822.47,11053.72,1658.058,9395.662,1644.94,7750.722,0.824925588
OI002982,O01181,P014,2,5526.86,0.15,822.47,11053.72,1658.058,9395.662,1644.94,7750.722,0.824925588
OI003815,O01521,P014,2,5526.86,0.15,822.47,11053.72,1658.058,9395.662,1644.94,7750.722,0.824925588
OI002940,O01167,P007,3,3880.55,0.05,1109.38,11641.65,582.0825,11059.5675,3328.14,7731.4275,0.699071415
OI001402,O00551,P005,3,3320.34,0.15,245.87,9961.02,1494.153,8466.867,737.61,7729.257,0.91288277
OI001928,O00762,P005,3,3320.34,0.15,245.87,9961.02,1494.153,8466.867,737.61,7729.257,0.91288277
OI002898,O01149,P005,3,3320.34,0.15,245.87,9961.02,1494.153,8466.867,737.61,7729.257,0.91288277
OI003595,O01432,P010,2,7442.3,0.3,1346.4,14884.6,4465.38,10419.22,2692.8,7726.42,0.74155455
OI000276,O00108,P074,4,7323.07,0.1,4674.57,29292.28,2929.228,26363.052,18698.28,7664.772,0.290739175
OI002498,O00989,P074,4,7323.07,0.1,4674.57,29292.28,2929.228,26363.052,18698.28,7664.772,0.290739175
OI003958,O01584,P074,4,7323.07,0.1,4674.57,29292.28,2929.228,26363.052,18698.28,7664.772,0.290739175
OI000047,O00019,P022,3,5959.11,0.05,3108.79,17877.33,893.8665,16983.4635,9326.37,7657.0935,0.450855828
OI001597,O00633,P022,3,5959.11,0.05,3108.79,17877.33,893.8665,16983.4635,9326.37,7657.0935,0.450855828
OI002547,O01007,P022,3,5959.11,0.05,3108.79,17877.33,893.8665,16983.4635,9326.37,7657.0935,0.450855828
OI003577,O01423,P022,3,5959.11,0.05,3108.79,17877.33,893.8665,16983.4635,9326.37,7657.0935,0.450855828
OI004423,O01771,P022,3,5959.11,0.05,3108.79,17877.33,893.8665,16983.4635,9326.37,7657.0935,0.450855828
OI001731,O00686,P071,4,3503.29,0.2,896.72,14013.16,2802.632,11210.528,3586.88,7623.648,0.680043616
OI002684,O01060,P071,4,3503.29,0.2,896.72,14013.16,2802.632,11210.528,3586.88,7623.648,0.680043616
OI003340,O01327,P071,4,3503.29,0.2,896.72,14013.16,2802.632,11210.528,3586.88,7623.648,0.680043616
OI003631,O01448,P071,4,3503.29,0.2,896.72,14013.16,2802.632,11210.528,3586.88,7623.648,0.680043616
OI000425,O00165,P061,2,5698.31,0.3,186.41,11396.62,3418.986,7977.634,372.82,7604.814,0.953266846
OI001355,O00529,P061,2,5698.31,0.3,186.41,11396.62,3418.986,7977.634,372.82,7604.814,0.953266846
OI003400,O01352,P040,2,5866.02,0.05,1770.44,11732.04,586.602,11145.438,3540.88,7604.558,0.682302302
OI003711,O01481,P040,2,5866.02,0.05,1770.44,11732.04,586.602,11145.438,3540.88,7604.558,0.682302302
OI000632,O00247,P032,3,6623.25,0.15,3109.6,19869.75,2980.4625,16889.2875,9328.8,7560.4875,0.447649879
OI000716,O00282,P032,3,6623.25,0.15,3109.6,19869.75,2980.4625,16889.2875,9328.8,7560.4875,0.447649879
OI001230,O00483,P032,3,6623.25,0.15,3109.6,19869.75,2980.4625,16889.2875,9328.8,7560.4875,0.447649879
OI002454,O00974,P032,3,6623.25,0.15,3109.6,19869.75,2980.4625,16889.2875,9328.8,7560.4875,0.447649879
OI000335,O00135,P006,3,4253.34,0,1733.75,12760.02,0,12760.02,5201.25,7558.77,0.592379166
OI003445,O01370,P006,3,4253.34,0,1733.75,12760.02,0,12760.02,5201.25,7558.77,0.592379166
OI003613,O01439,P006,3,4253.34,0,1733.75,12760.02,0,12760.02,5201.25,7558.77,0.592379166
OI004897,O01956,P006,3,4253.34,0,1733.75,12760.02,0,12760.02,5201.25,7558.77,0.592379166
OI003450,O01372,P027,4,5678.95,0.3,2088.43,22715.8,6814.74,15901.06,8353.72,7547.34,0.474643829
OI004381,O01753,P027,4,5678.95,0.3,2088.43,22715.8,6814.74,15901.06,8353.72,7547.34,0.474643829
OI004568,O01833,P027,4,5678.95,0.3,2088.43,22715.8,6814.74,15901.06,8353.72,7547.34,0.474643829
OI004894,O01955,P027,4,5678.95,0.3,2088.43,22715.8,6814.74,15901.06,8353.72,7547.34,0.474643829
OI003948,O01580,P006,4,4253.34,0.15,1733.75,17013.36,2552.004,14461.356,6935,7526.356,0.520446077
OI005003,O01992,P006,4,4253.34,0.15,1733.75,17013.36,2552.004,14461.356,6935,7526.356,0.520446077
OI005146,O02048,P006,4,4253.34,0.15,1733.75,17013.36,2552.004,14461.356,6935,7526.356,0.520446077
OI001537,O00609,P054,2,5704.38,0.1,1400.37,11408.76,1140.876,10267.884,2800.74,7467.144,0.727232992
OI004228,O01688,P054,2,5704.38,0.1,1400.37,11408.76,1140.876,10267.884,2800.74,7467.144,0.727232992
OI005404,O02148,P054,2,5704.38,0.1,1400.37,11408.76,1140.876,10267.884,2800.74,7467.144,0.727232992
OI003365,O01337,P011,2,7495.81,0.05,3389.07,14991.62,749.581,14242.039,6778.14,7463.899,0.524075169
OI003626,O01445,P057,4,3618.93,0.15,1211.45,14475.72,2171.358,12304.362,4845.8,7458.562,0.606172185
OI001902,O00750,P018,4,3329.63,0.1,1132.23,13318.52,1331.852,11986.668,4528.92,7457.748,0.622170231
OI003264,O01298,P018,4,3329.63,0.1,1132.23,13318.52,1331.852,11986.668,4528.92,7457.748,0.622170231
OI003611,O01438,P018,4,3329.63,0.1,1132.23,13318.52,1331.852,11986.668,4528.92,7457.748,0.622170231
OI004534,O01822,P018,4,3329.63,0.1,1132.23,13318.52,1331.852,11986.668,4528.92,7457.748,0.622170231
OI001955,O00772,P011,4,7495.81,0.3,3389.07,29983.24,8994.972,20988.268,13556.28,7431.988,0.354102015
OI002337,O00926,P049,2,6189.2,0,2480.95,12378.4,0,12378.4,4961.9,7416.5,0.599148517
OI002656,O01050,P049,2,6189.2,0,2480.95,12378.4,0,12378.4,4961.9,7416.5,0.599148517
OI003483,O01385,P049,2,6189.2,0,2480.95,12378.4,0,12378.4,4961.9,7416.5,0.599148517
OI004631,O01857,P049,2,6189.2,0,2480.95,12378.4,0,12378.4,4961.9,7416.5,0.599148517
OI004540,O01824,P001,2,5060.04,0.15,594.86,10120.08,1518.012,8602.068,1189.72,7412.348,0.861693723
OI000722,O00285,P049,3,6189.2,0.2,2480.95,18567.6,3713.52,14854.08,7442.85,7411.23,0.498935646
OI001631,O00647,P049,3,6189.2,0.2,2480.95,18567.6,3713.52,14854.08,7442.85,7411.23,0.498935646
OI002290,O00905,P049,4,6189.2,0.3,2480.95,24756.8,7427.04,17329.76,9923.8,7405.96,0.427355024
OI003206,O01275,P049,4,6189.2,0.3,2480.95,24756.8,7427.04,17329.76,9923.8,7405.96,0.427355024
OI003265,O01299,P049,4,6189.2,0.3,2480.95,24756.8,7427.04,17329.76,9923.8,7405.96,0.427355024
OI003649,O01456,P049,4,6189.2,0.3,2480.95,24756.8,7427.04,17329.76,9923.8,7405.96,0.427355024
OI001015,O00396,P056,4,5689.43,0.3,2138.41,22757.72,6827.316,15930.404,8553.64,7376.764,0.463061954
OI003165,O01261,P056,4,5689.43,0.3,2138.41,22757.72,6827.316,15930.404,8553.64,7376.764,0.463061954
OI000148,O00060,P027,3,5678.95,0.2,2088.43,17036.85,3407.37,13629.48,6265.29,7364.19,0.54031335
OI001189,O00468,P027,3,5678.95,0.2,2088.43,17036.85,3407.37,13629.48,6265.29,7364.19,0.54031335
OI001552,O00616,P027,3,5678.95,0.2,2088.43,17036.85,3407.37,13629.48,6265.29,7364.19,0.54031335
OI001672,O00665,P027,3,5678.95,0.2,2088.43,17036.85,3407.37,13629.48,6265.29,7364.19,0.54031335
OI002127,O00839,P027,3,5678.95,0.2,2088.43,17036.85,3407.37,13629.48,6265.29,7364.19,0.54031335
OI003054,O01214,P027,3,5678.95,0.2,2088.43,17036.85,3407.37,13629.48,6265.29,7364.19,0.54031335
OI003424,O01361,P027,3,5678.95,0.2,2088.43,17036.85,3407.37,13629.48,6265.29,7364.19,0.54031335
OI005316,O02113,P027,3,5678.95,0.2,2088.43,17036.85,3407.37,13629.48,6265.29,7364.19,0.54031335
OI000347,O00139,P073,3,6594.36,0.15,3155.39,19783.08,2967.462,16815.618,9466.17,7349.448,0.437060832
OI000406,O00159,P073,3,6594.36,0.15,3155.39,19783.08,2967.462,16815.618,9466.17,7349.448,0.437060832
OI001602,O00636,P073,3,6594.36,0.15,3155.39,19783.08,2967.462,16815.618,9466.17,7349.448,0.437060832
OI002385,O00945,P073,3,6594.36,0.15,3155.39,19783.08,2967.462,16815.618,9466.17,7349.448,0.437060832
OI005456,O02167,P073,3,6594.36,0.15,3155.39,19783.08,2967.462,16815.618,9466.17,7349.448,0.437060832
OI001348,O00526,P008,4,5224.68,0.1,2873.574,20898.72,2089.872,18808.848,11494.296,7314.552,0.388888889
OI002526,O01001,P008,4,5224.68,0.1,2873.574,20898.72,2089.872,18808.848,11494.296,7314.552,0.388888889
OI000035,O00016,P070,2,4988.16,0.05,1084.07,9976.32,498.816,9477.504,2168.14,7309.364,0.771233017
OI000066,O00027,P070,2,4988.16,0.05,1084.07,9976.32,498.816,9477.504,2168.14,7309.364,0.771233017
OI000185,O00074,P070,2,4988.16,0.05,1084.07,9976.32,498.816,9477.504,2168.14,7309.364,0.771233017
OI003267,O01300,P070,2,4988.16,0.05,1084.07,9976.32,498.816,9477.504,2168.14,7309.364,0.771233017
OI000100,O00041,P071,3,3503.29,0.05,896.72,10509.87,525.4935,9984.3765,2690.16,7294.2165,0.730563045
OI001906,O00752,P071,3,3503.29,0.05,896.72,10509.87,525.4935,9984.3765,2690.16,7294.2165,0.730563045
OI003043,O01210,P071,3,3503.29,0.05,896.72,10509.87,525.4935,9984.3765,2690.16,7294.2165,0.730563045
OI004481,O01799,P071,3,3503.29,0.05,896.72,10509.87,525.4935,9984.3765,2690.16,7294.2165,0.730563045
OI000681,O00270,P067,3,3139.17,0,711.17,9417.51,0,9417.51,2133.51,7284,0.773452855
OI001390,O00545,P067,3,3139.17,0,711.17,9417.51,0,9417.51,2133.51,7284,0.773452855
OI001548,O00614,P067,3,3139.17,0,711.17,9417.51,0,9417.51,2133.51,7284,0.773452855
OI003809,O01519,P067,3,3139.17,0,711.17,9417.51,0,9417.51,2133.51,7284,0.773452855
OI004462,O01793,P023,2,6282.87,0.2,1387.27,12565.74,2513.148,10052.592,2774.54,7278.052,0.723997552
OI001736,O00687,P012,3,3994.33,0.2,777.41,11982.99,2396.598,9586.392,2332.23,7254.162,0.756714518
OI005277,O02097,P012,3,3994.33,0.2,777.41,11982.99,2396.598,9586.392,2332.23,7254.162,0.756714518
OI002702,O01066,P030,2,6724.47,0.15,2090.3,13448.94,2017.341,11431.599,4180.6,7250.999,0.63429438
OI002906,O01154,P030,2,6724.47,0.15,2090.3,13448.94,2017.341,11431.599,4180.6,7250.999,0.63429438
OI004457,O01791,P030,2,6724.47,0.15,2090.3,13448.94,2017.341,11431.599,4180.6,7250.999,0.63429438
OI002105,O00831,P056,3,5689.43,0.2,2138.41,17068.29,3413.658,13654.632,6415.23,7239.402,0.53017921
OI004302,O01718,P056,3,5689.43,0.2,2138.41,17068.29,3413.658,13654.632,6415.23,7239.402,0.53017921
OI002616,O01034,P005,3,3320.34,0.2,245.87,9961.02,1992.204,7968.816,737.61,7231.206,0.907437943
OI003363,O01337,P005,3,3320.34,0.2,245.87,9961.02,1992.204,7968.816,737.61,7231.206,0.907437943
OI005214,O02073,P005,3,3320.34,0.2,245.87,9961.02,1992.204,7968.816,737.61,7231.206,0.907437943
OI001932,O00763,P070,3,4988.16,0.3,1084.07,14964.48,4489.344,10475.136,3252.21,7222.926,0.689530523
OI004754,O01904,P070,3,4988.16,0.3,1084.07,14964.48,4489.344,10475.136,3252.21,7222.926,0.689530523
OI002844,O01125,P057,3,3618.93,0,1211.45,10856.79,0,10856.79,3634.35,7222.44,0.665246357
OI003901,O01561,P057,3,3618.93,0,1211.45,10856.79,0,10856.79,3634.35,7222.44,0.665246357
OI002545,O01007,P029,3,3811.62,0.3,262.65,11434.86,3430.458,8004.402,787.95,7216.452,0.901560416
OI002827,O01119,P015,2,7330.81,0.3,1525.08,14661.62,4398.486,10263.134,3050.16,7212.974,0.702804231
OI004130,O01653,P015,2,7330.81,0.3,1525.08,14661.62,4398.486,10263.134,3050.16,7212.974,0.702804231
OI004172,O01666,P015,2,7330.81,0.3,1525.08,14661.62,4398.486,10263.134,3050.16,7212.974,0.702804231
OI004445,O01783,P015,2,7330.81,0.3,1525.08,14661.62,4398.486,10263.134,3050.16,7212.974,0.702804231
OI001645,O00651,P046,3,6490.81,0.05,3763.21,19472.43,973.6215,18498.8085,11289.63,7209.1785,0.389710424
OI002892,O01148,P046,3,6490.81,0.05,3763.21,19472.43,973.6215,18498.8085,11289.63,7209.1785,0.389710424
OI001841,O00727,P067,4,3139.17,0.2,711.17,12556.68,2511.336,10045.344,2844.68,7200.664,0.716816069
OI003072,O01219,P067,4,3139.17,0.2,711.17,12556.68,2511.336,10045.344,2844.68,7200.664,0.716816069
OI003494,O01388,P067,4,3139.17,0.2,711.17,12556.68,2511.336,10045.344,2844.68,7200.664,0.716816069
OI000408,O00160,P024,3,6203.92,0.1,3183.57,18611.76,1861.176,16750.584,9550.71,7199.874,0.429828238
OI000494,O00193,P024,3,6203.92,0.1,3183.57,18611.76,1861.176,16750.584,9550.71,7199.874,0.429828238
OI003610,O01438,P024,3,6203.92,0.1,3183.57,18611.76,1861.176,16750.584,9550.71,7199.874,0.429828238
OI003789,O01512,P014,2,5526.86,0.2,822.47,11053.72,2210.744,8842.976,1644.94,7198.036,0.813983437
OI000634,O00248,P027,2,5678.95,0,2088.43,11357.9,0,11357.9,4176.86,7181.04,0.63225068
OI001282,O00501,P027,2,5678.95,0,2088.43,11357.9,0,11357.9,4176.86,7181.04,0.63225068
OI001285,O00502,P027,2,5678.95,0,2088.43,11357.9,0,11357.9,4176.86,7181.04,0.63225068
OI002108,O00832,P027,2,5678.95,0,2088.43,11357.9,0,11357.9,4176.86,7181.04,0.63225068
OI003836,O01533,P027,2,5678.95,0,2088.43,11357.9,0,11357.9,4176.86,7181.04,0.63225068
OI005037,O02006,P027,2,5678.95,0,2088.43,11357.9,0,11357.9,4176.86,7181.04,0.63225068
OI000016,O00009,P051,4,3109.99,0,1315.1,12439.96,0,12439.96,5260.4,7179.56,0.577136904
OI000318,O00126,P051,4,3109.99,0,1315.1,12439.96,0,12439.96,5260.4,7179.56,0.577136904
OI003507,O01392,P051,4,3109.99,0,1315.1,12439.96,0,12439.96,5260.4,7179.56,0.577136904
OI003650,O01457,P051,4,3109.99,0,1315.1,12439.96,0,12439.96,5260.4,7179.56,0.577136904
OI004144,O01657,P051,4,3109.99,0,1315.1,12439.96,0,12439.96,5260.4,7179.56,0.577136904
OI000787,O00310,P007,3,3880.55,0.1,1109.38,11641.65,1164.165,10477.485,3328.14,7149.345,0.68235316
OI002187,O00861,P007,3,3880.55,0.1,1109.38,11641.65,1164.165,10477.485,3328.14,7149.345,0.68235316
OI000143,O00058,P024,4,6203.92,0.2,3183.57,24815.68,4963.136,19852.544,12734.28,7118.264,0.358556767
OI002091,O00825,P024,4,6203.92,0.2,3183.57,24815.68,4963.136,19852.544,12734.28,7118.264,0.358556767
OI003344,O01329,P024,4,6203.92,0.2,3183.57,24815.68,4963.136,19852.544,12734.28,7118.264,0.358556767
OI004717,O01888,P024,4,6203.92,0.2,3183.57,24815.68,4963.136,19852.544,12734.28,7118.264,0.358556767
OI005478,O02179,P024,4,6203.92,0.2,3183.57,24815.68,4963.136,19852.544,12734.28,7118.264,0.358556767
OI003394,O01349,P056,2,5689.43,0,2138.41,11378.86,0,11378.86,4276.82,7102.04,0.624143368
OI004947,O01971,P056,2,5689.43,0,2138.41,11378.86,0,11378.86,4276.82,7102.04,0.624143368
OI005211,O02072,P056,2,5689.43,0,2138.41,11378.86,0,11378.86,4276.82,7102.04,0.624143368
OI000200,O00079,P029,2,3811.62,0,262.65,7623.24,0,7623.24,525.3,7097.94,0.931092291
OI001676,O00667,P029,2,3811.62,0,262.65,7623.24,0,7623.24,525.3,7097.94,0.931092291
OI001936,O00765,P029,2,3811.62,0,262.65,7623.24,0,7623.24,525.3,7097.94,0.931092291
OI001045,O00407,P047,3,6217.65,0,3858.64,18652.95,0,18652.95,11575.92,7077.03,0.379405402
OI002694,O01063,P047,3,6217.65,0,3858.64,18652.95,0,18652.95,11575.92,7077.03,0.379405402
OI003044,O01210,P047,3,6217.65,0,3858.64,18652.95,0,18652.95,11575.92,7077.03,0.379405402
OI003614,O01440,P047,3,6217.65,0,3858.64,18652.95,0,18652.95,11575.92,7077.03,0.379405402
OI000775,O00303,P008,3,5224.68,0,2873.574,15674.04,0,15674.04,8620.722,7053.318,0.45
OI001727,O00684,P008,3,5224.68,0,2873.574,15674.04,0,15674.04,8620.722,7053.318,0.45
OI003302,O01315,P008,3,5224.68,0,2873.574,15674.04,0,15674.04,8620.722,7053.318,0.45
OI000760,O00298,P052,4,5599.03,0.1,3277.37,22396.12,2239.612,20156.508,13109.48,7047.028,0.349615519
OI001399,O00548,P052,4,5599.03,0.1,3277.37,22396.12,2239.612,20156.508,13109.48,7047.028,0.349615519
OI001519,O00601,P052,4,5599.03,0.1,3277.37,22396.12,2239.612,20156.508,13109.48,7047.028,0.349615519
OI001360,O00530,P032,2,6623.25,0,3109.6,13246.5,0,13246.5,6219.2,7027.3,0.530502397
OI002571,O01017,P032,2,6623.25,0,3109.6,13246.5,0,13246.5,6219.2,7027.3,0.530502397
OI004685,O01879,P032,2,6623.25,0,3109.6,13246.5,0,13246.5,6219.2,7027.3,0.530502397
OI001482,O00584,P040,2,5866.02,0.1,1770.44,11732.04,1173.204,10558.836,3540.88,7017.956,0.664652429
OI002754,O01088,P040,2,5866.02,0.1,1770.44,11732.04,1173.204,10558.836,3540.88,7017.956,0.664652429
OI003421,O01360,P040,2,5866.02,0.1,1770.44,11732.04,1173.204,10558.836,3540.88,7017.956,0.664652429
OI003839,O01535,P040,2,5866.02,0.1,1770.44,11732.04,1173.204,10558.836,3540.88,7017.956,0.664652429
OI000630,O00247,P046,4,6490.81,0.15,3763.21,25963.24,3894.486,22068.754,15052.84,7015.914,0.31791165
OI004236,O01690,P046,4,6490.81,0.15,3763.21,25963.24,3894.486,22068.754,15052.84,7015.914,0.31791165
OI000017,O00009,P003,3,6285.84,0.1,3329.26,18857.52,1885.752,16971.768,9987.78,6983.988,0.411506214
OI002955,O01171,P003,3,6285.84,0.1,3329.26,18857.52,1885.752,16971.768,9987.78,6983.988,0.411506214
OI003667,O01463,P003,3,6285.84,0.1,3329.26,18857.52,1885.752,16971.768,9987.78,6983.988,0.411506214
OI004968,O01979,P003,3,6285.84,0.1,3329.26,18857.52,1885.752,16971.768,9987.78,6983.988,0.411506214
OI000356,O00141,P052,3,5599.03,0,3277.37,16797.09,0,16797.09,9832.11,6964.98,0.414653967
OI001516,O00599,P052,3,5599.03,0,3277.37,16797.09,0,16797.09,9832.11,6964.98,0.414653967
OI000174,O00070,P047,4,6217.65,0.1,3858.64,24870.6,2487.06,22383.54,15434.56,6948.98,0.310450447
OI000229,O00092,P047,4,6217.65,0.1,3858.64,24870.6,2487.06,22383.54,15434.56,6948.98,0.310450447
OI000819,O00323,P047,4,6217.65,0.1,3858.64,24870.6,2487.06,22383.54,15434.56,6948.98,0.310450447
OI001657,O00657,P047,4,6217.65,0.1,3858.64,24870.6,2487.06,22383.54,15434.56,6948.98,0.310450447
OI004245,O01693,P047,4,6217.65,0.1,3858.64,24870.6,2487.06,22383.54,15434.56,6948.98,0.310450447
OI004629,O01856,P047,4,6217.65,0.1,3858.64,24870.6,2487.06,22383.54,15434.56,6948.98,0.310450447
OI005264,O02093,P066,3,6217.53,0,3905.53,18652.59,0,18652.59,11716.59,6936,0.371851845
OI002409,O00954,P006,3,4253.34,0.05,1733.75,12760.02,638.001,12122.019,5201.25,6920.769,0.570925437
OI002791,O01103,P006,3,4253.34,0.05,1733.75,12760.02,638.001,12122.019,5201.25,6920.769,0.570925437
OI000007,O00004,P001,2,5060.04,0.2,594.86,10120.08,2024.016,8096.064,1189.72,6906.344,0.853049581
OI000032,O00015,P001,2,5060.04,0.2,594.86,10120.08,2024.016,8096.064,1189.72,6906.344,0.853049581
OI000226,O00091,P001,2,5060.04,0.2,594.86,10120.08,2024.016,8096.064,1189.72,6906.344,0.853049581
OI002211,O00870,P001,2,5060.04,0.2,594.86,10120.08,2024.016,8096.064,1189.72,6906.344,0.853049581
OI000647,O00253,P054,2,5704.38,0.15,1400.37,11408.76,1711.314,9697.446,2800.74,6896.706,0.711187874
OI001166,O00457,P054,2,5704.38,0.15,1400.37,11408.76,1711.314,9697.446,2800.74,6896.706,0.711187874
OI002504,O00993,P054,2,5704.38,0.15,1400.37,11408.76,1711.314,9697.446,2800.74,6896.706,0.711187874
OI002926,O01161,P054,2,5704.38,0.15,1400.37,11408.76,1711.314,9697.446,2800.74,6896.706,0.711187874
OI004005,O01603,P054,2,5704.38,0.15,1400.37,11408.76,1711.314,9697.446,2800.74,6896.706,0.711187874
OI004588,O01840,P073,2,6594.36,0,3155.39,13188.72,0,13188.72,6310.78,6877.94,0.521501708
OI000097,O00040,P028,3,6060.07,0.05,3474.32,18180.21,909.0105,17271.1995,10422.96,6848.2395,0.396512095
OI001875,O00740,P028,3,6060.07,0.05,3474.32,18180.21,909.0105,17271.1995,10422.96,6848.2395,0.396512095
OI002824,O01118,P028,3,6060.07,0.05,3474.32,18180.21,909.0105,17271.1995,10422.96,6848.2395,0.396512095
OI004013,O01605,P028,3,6060.07,0.05,3474.32,18180.21,909.0105,17271.1995,10422.96,6848.2395,0.396512095
OI005104,O02032,P028,3,6060.07,0.05,3474.32,18180.21,909.0105,17271.1995,10422.96,6848.2395,0.396512095
OI003262,O01297,P074,3,7323.07,0.05,4674.57,21969.21,1098.4605,20870.7495,14023.71,6847.0395,0.328068693
OI005028,O02003,P074,3,7323.07,0.05,4674.57,21969.21,1098.4605,20870.7495,14023.71,6847.0395,0.328068693
OI000113,O00046,P067,3,3139.17,0.05,711.17,9417.51,470.8755,8946.6345,2133.51,6813.1245,0.761529321
OI000317,O00126,P067,3,3139.17,0.05,711.17,9417.51,470.8755,8946.6345,2133.51,6813.1245,0.761529321
OI004491,O01804,P067,3,3139.17,0.05,711.17,9417.51,470.8755,8946.6345,2133.51,6813.1245,0.761529321
OI001792,O00710,P070,2,4988.16,0.1,1084.07,9976.32,997.632,8978.688,2168.14,6810.548,0.75852374
OI003257,O01295,P070,2,4988.16,0.1,1084.07,9976.32,997.632,8978.688,2168.14,6810.548,0.75852374
OI002782,O01100,P003,4,6285.84,0.2,3329.26,25143.36,5028.672,20114.688,13317.04,6797.648,0.337944491
OI004642,O01861,P003,4,6285.84,0.2,3329.26,25143.36,5028.672,20114.688,13317.04,6797.648,0.337944491
OI001036,O00403,P049,2,6189.2,0.05,2480.95,12378.4,618.92,11759.48,4961.9,6797.58,0.57805107
OI001492,O00588,P049,2,6189.2,0.05,2480.95,12378.4,618.92,11759.48,4961.9,6797.58,0.57805107
OI002253,O00888,P049,2,6189.2,0.05,2480.95,12378.4,618.92,11759.48,4961.9,6797.58,0.57805107
OI004008,O01604,P049,2,6189.2,0.05,2480.95,12378.4,618.92,11759.48,4961.9,6797.58,0.57805107
OI000297,O00118,P018,4,3329.63,0.15,1132.23,13318.52,1997.778,11320.742,4528.92,6791.822,0.599944951
OI001346,O00526,P018,4,3329.63,0.15,1132.23,13318.52,1997.778,11320.742,4528.92,6791.822,0.599944951
OI002313,O00916,P018,4,3329.63,0.15,1132.23,13318.52,1997.778,11320.742,4528.92,6791.822,0.599944951
OI002508,O00994,P071,3,3503.29,0.1,896.72,10509.87,1050.987,9458.883,2690.16,6768.723,0.715594325
OI002642,O01044,P071,3,3503.29,0.1,896.72,10509.87,1050.987,9458.883,2690.16,6768.723,0.715594325
OI003541,O01406,P071,3,3503.29,0.1,896.72,10509.87,1050.987,9458.883,2690.16,6768.723,0.715594325
OI001286,O00503,P057,4,3618.93,0.2,1211.45,14475.72,2895.144,11580.576,4845.8,6734.776,0.581557947
OI003198,O01273,P057,4,3618.93,0.2,1211.45,14475.72,2895.144,11580.576,4845.8,6734.776,0.581557947
OI000264,O00105,P029,2,3811.62,0.05,262.65,7623.24,381.162,7242.078,525.3,6716.778,0.92746557
OI002213,O00871,P029,2,3811.62,0.05,262.65,7623.24,381.162,7242.078,525.3,6716.778,0.92746557
OI000125,O00051,P011,2,7495.81,0.1,3389.07,14991.62,1499.162,13492.458,6778.14,6714.318,0.497634901
OI001428,O00560,P011,2,7495.81,0.1,3389.07,14991.62,1499.162,13492.458,6778.14,6714.318,0.497634901
OI001449,O00570,P011,2,7495.81,0.1,3389.07,14991.62,1499.162,13492.458,6778.14,6714.318,0.497634901
OI002171,O00856,P028,4,6060.07,0.15,3474.32,24240.28,3636.042,20604.238,13897.28,6706.958,0.325513518
OI002979,O01179,P028,4,6060.07,0.15,3474.32,24240.28,3636.042,20604.238,13897.28,6706.958,0.325513518
OI004297,O01714,P028,4,6060.07,0.15,3474.32,24240.28,3636.042,20604.238,13897.28,6706.958,0.325513518
OI004530,O01821,P028,4,6060.07,0.15,3474.32,24240.28,3636.042,20604.238,13897.28,6706.958,0.325513518
OI000163,O00066,P075,4,6578.23,0,4906.98,26312.92,0,26312.92,19627.92,6685,0.254057702
OI003970,O01589,P075,4,6578.23,0,4906.98,26312.92,0,26312.92,19627.92,6685,0.254057702
OI001481,O00584,P057,3,3618.93,0.05,1211.45,10856.79,542.8395,10313.9505,3634.35,6679.6005,0.647627745
OI001740,O00690,P057,3,3618.93,0.05,1211.45,10856.79,542.8395,10313.9505,3634.35,6679.6005,0.647627745
OI003097,O01233,P057,3,3618.93,0.05,1211.45,10856.79,542.8395,10313.9505,3634.35,6679.6005,0.647627745
OI003110,O01238,P057,3,3618.93,0.05,1211.45,10856.79,542.8395,10313.9505,3634.35,6679.6005,0.647627745
OI003864,O01545,P057,3,3618.93,0.05,1211.45,10856.79,542.8395,10313.9505,3634.35,6679.6005,0.647627745
OI004577,O01837,P057,3,3618.93,0.05,1211.45,10856.79,542.8395,10313.9505,3634.35,6679.6005,0.647627745
OI004624,O01854,P057,3,3618.93,0.05,1211.45,10856.79,542.8395,10313.9505,3634.35,6679.6005,0.647627745
OI000592,O00232,P006,4,4253.34,0.2,1733.75,17013.36,3402.672,13610.688,6935,6675.688,0.490473957
OI000982,O00382,P006,4,4253.34,0.2,1733.75,17013.36,3402.672,13610.688,6935,6675.688,0.490473957
OI003980,O01591,P006,4,4253.34,0.2,1733.75,17013.36,3402.672,13610.688,6935,6675.688,0.490473957
OI004079,O01632,P006,4,4253.34,0.2,1733.75,17013.36,3402.672,13610.688,6935,6675.688,0.490473957
OI000012,O00007,P022,4,5959.11,0.2,3108.79,23836.44,4767.288,19069.152,12435.16,6633.992,0.347891296
OI004921,O01964,P022,4,5959.11,0.2,3108.79,23836.44,4767.288,19069.152,12435.16,6633.992,0.347891296
OI005117,O02036,P022,4,5959.11,0.2,3108.79,23836.44,4767.288,19069.152,12435.16,6633.992,0.347891296
OI000512,O00200,P027,2,5678.95,0.05,2088.43,11357.9,567.895,10790.005,4176.86,6613.145,0.612895453
OI000963,O00375,P027,2,5678.95,0.05,2088.43,11357.9,567.895,10790.005,4176.86,6613.145,0.612895453
OI004505,O01812,P027,2,5678.95,0.05,2088.43,11357.9,567.895,10790.005,4176.86,6613.145,0.612895453
OI004772,O01910,P027,2,5678.95,0.05,2088.43,11357.9,567.895,10790.005,4176.86,6613.145,0.612895453
OI001677,O00667,P018,3,3329.63,0,1132.23,9988.89,0,9988.89,3396.69,6592.2,0.659953208
OI002177,O00859,P018,3,3329.63,0,1132.23,9988.89,0,9988.89,3396.69,6592.2,0.659953208
OI002568,O01015,P018,3,3329.63,0,1132.23,9988.89,0,9988.89,3396.69,6592.2,0.659953208
OI001350,O00527,P030,2,6724.47,0.2,2090.3,13448.94,2689.788,10759.152,4180.6,6578.552,0.611437779
OI002920,O01159,P030,2,6724.47,0.2,2090.3,13448.94,2689.788,10759.152,4180.6,6578.552,0.611437779
OI004761,O01906,P030,2,6724.47,0.2,2090.3,13448.94,2689.788,10759.152,4180.6,6578.552,0.611437779
OI001089,O00424,P007,3,3880.55,0.15,1109.38,11641.65,1746.2475,9895.4025,3328.14,6567.2625,0.663668052
OI001244,O00487,P007,3,3880.55,0.15,1109.38,11641.65,1746.2475,9895.4025,3328.14,6567.2625,0.663668052
OI004002,O01601,P007,3,3880.55,0.15,1109.38,11641.65,1746.2475,9895.4025,3328.14,6567.2625,0.663668052
OI002962,O01173,P032,3,6623.25,0.2,3109.6,19869.75,3973.95,15895.8,9328.8,6567,0.413127996
OI000350,O00140,P051,4,3109.99,0.05,1315.1,12439.96,621.998,11817.962,5260.4,6557.562,0.554880952
OI000476,O00185,P051,4,3109.99,0.05,1315.1,12439.96,621.998,11817.962,5260.4,6557.562,0.554880952
OI001809,O00716,P051,4,3109.99,0.05,1315.1,12439.96,621.998,11817.962,5260.4,6557.562,0.554880952
OI003050,O01212,P051,4,3109.99,0.05,1315.1,12439.96,621.998,11817.962,5260.4,6557.562,0.554880952
OI003965,O01586,P051,4,3109.99,0.05,1315.1,12439.96,621.998,11817.962,5260.4,6557.562,0.554880952
OI002088,O00823,P056,2,5689.43,0.05,2138.41,11378.86,568.943,10809.917,4276.82,6533.097,0.60436144
OI002452,O00974,P056,2,5689.43,0.05,2138.41,11378.86,568.943,10809.917,4276.82,6533.097,0.60436144
OI002896,O01149,P056,2,5689.43,0.05,2138.41,11378.86,568.943,10809.917,4276.82,6533.097,0.60436144
OI004039,O01615,P056,2,5689.43,0.05,2138.41,11378.86,568.943,10809.917,4276.82,6533.097,0.60436144
OI000396,O00155,P012,2,3994.33,0,777.41,7988.66,0,7988.66,1554.82,6433.84,0.805371614
OI000549,O00215,P012,2,3994.33,0,777.41,7988.66,0,7988.66,1554.82,6433.84,0.805371614
OI000746,O00294,P012,2,3994.33,0,777.41,7988.66,0,7988.66,1554.82,6433.84,0.805371614
OI000757,O00297,P012,2,3994.33,0,777.41,7988.66,0,7988.66,1554.82,6433.84,0.805371614
OI000925,O00360,P012,2,3994.33,0,777.41,7988.66,0,7988.66,1554.82,6433.84,0.805371614
OI002231,O00880,P012,2,3994.33,0,777.41,7988.66,0,7988.66,1554.82,6433.84,0.805371614
OI003825,O01528,P012,2,3994.33,0,777.41,7988.66,0,7988.66,1554.82,6433.84,0.805371614
OI000636,O00249,P040,2,5866.02,0.15,1770.44,11732.04,1759.806,9972.234,3540.88,6431.354,0.644926102
OI001715,O00679,P040,2,5866.02,0.15,1770.44,11732.04,1759.806,9972.234,3540.88,6431.354,0.644926102
OI001824,O00721,P040,2,5866.02,0.15,1770.44,11732.04,1759.806,9972.234,3540.88,6431.354,0.644926102
OI002006,O00790,P040,2,5866.02,0.15,1770.44,11732.04,1759.806,9972.234,3540.88,6431.354,0.644926102
OI002262,O00893,P040,2,5866.02,0.15,1770.44,11732.04,1759.806,9972.234,3540.88,6431.354,0.644926102
OI004776,O01911,P040,2,5866.02,0.15,1770.44,11732.04,1759.806,9972.234,3540.88,6431.354,0.644926102
OI004876,O01950,P040,2,5866.02,0.15,1770.44,11732.04,1759.806,9972.234,3540.88,6431.354,0.644926102
OI005125,O02039,P040,2,5866.02,0.15,1770.44,11732.04,1759.806,9972.234,3540.88,6431.354,0.644926102
OI000391,O00153,P007,4,3880.55,0.3,1109.38,15522.2,4656.66,10865.54,4437.52,6428.02,0.59159692
OI001253,O00490,P007,4,3880.55,0.3,1109.38,15522.2,4656.66,10865.54,4437.52,6428.02,0.59159692
OI001818,O00719,P007,4,3880.55,0.3,1109.38,15522.2,4656.66,10865.54,4437.52,6428.02,0.59159692
OI001538,O00610,P032,2,6623.25,0.05,3109.6,13246.5,662.325,12584.175,6219.2,6364.975,0.505791997
OI001567,O00623,P032,2,6623.25,0.05,3109.6,13246.5,662.325,12584.175,6219.2,6364.975,0.505791997
OI001578,O00626,P032,2,6623.25,0.05,3109.6,13246.5,662.325,12584.175,6219.2,6364.975,0.505791997
OI004520,O01818,P032,2,6623.25,0.05,3109.6,13246.5,662.325,12584.175,6219.2,6364.975,0.505791997
OI000130,O00052,P073,3,6594.36,0.2,3155.39,19783.08,3956.616,15826.464,9466.17,6360.294,0.401877134
OI004035,O01614,P073,3,6594.36,0.2,3155.39,19783.08,3956.616,15826.464,9466.17,6360.294,0.401877134
OI005170,O02056,P073,3,6594.36,0.2,3155.39,19783.08,3956.616,15826.464,9466.17,6360.294,0.401877134
OI002090,O00824,P043,4,6217.67,0,4630.79,24870.68,0,24870.68,18523.16,6347.52,0.255221007
OI002718,O01073,P043,4,6217.67,0,4630.79,24870.68,0,24870.68,18523.16,6347.52,0.255221007
OI005527,O02199,P043,4,6217.67,0,4630.79,24870.68,0,24870.68,18523.16,6347.52,0.255221007
OI000037,O00016,P067,3,3139.17,0.1,711.17,9417.51,941.751,8475.759,2133.51,6342.249,0.74828095
OI001185,O00465,P067,3,3139.17,0.1,711.17,9417.51,941.751,8475.759,2133.51,6342.249,0.74828095
OI004238,O01691,P067,3,3139.17,0.1,711.17,9417.51,941.751,8475.759,2133.51,6342.249,0.74828095
OI001212,O00476,P029,2,3811.62,0.1,262.65,7623.24,762.324,6860.916,525.3,6335.616,0.923435879
OI002672,O01056,P029,2,3811.62,0.1,262.65,7623.24,762.324,6860.916,525.3,6335.616,0.923435879
OI004215,O01683,P029,2,3811.62,0.1,262.65,7623.24,762.324,6860.916,525.3,6335.616,0.923435879
OI004666,O01871,P029,2,3811.62,0.1,262.65,7623.24,762.324,6860.916,525.3,6335.616,0.923435879
OI004712,O01886,P029,2,3811.62,0.1,262.65,7623.24,762.324,6860.916,525.3,6335.616,0.923435879
OI004874,O01949,P029,2,3811.62,0.1,262.65,7623.24,762.324,6860.916,525.3,6335.616,0.923435879
OI001026,O00401,P054,2,5704.38,0.2,1400.37,11408.76,2281.752,9127.008,2800.74,6326.268,0.693137116
OI003345,O01330,P054,2,5704.38,0.2,1400.37,11408.76,2281.752,9127.008,2800.74,6326.268,0.693137116
OI003476,O01383,P054,2,5704.38,0.2,1400.37,11408.76,2281.752,9127.008,2800.74,6326.268,0.693137116
OI003848,O01540,P054,2,5704.38,0.2,1400.37,11408.76,2281.752,9127.008,2800.74,6326.268,0.693137116
OI002182,O00860,P068,2,7430.32,0.3,2041.8,14860.64,4458.192,10402.448,4083.6,6318.848,0.607438557
OI002293,O00905,P068,2,7430.32,0.3,2041.8,14860.64,4458.192,10402.448,4083.6,6318.848,0.607438557
OI002564,O01014,P068,2,7430.32,0.3,2041.8,14860.64,4458.192,10402.448,4083.6,6318.848,0.607438557
OI002781,O01100,P068,2,7430.32,0.3,2041.8,14860.64,4458.192,10402.448,4083.6,6318.848,0.607438557
OI003573,O01422,P068,2,7430.32,0.3,2041.8,14860.64,4458.192,10402.448,4083.6,6318.848,0.607438557
OI005511,O02192,P068,2,7430.32,0.3,2041.8,14860.64,4458.192,10402.448,4083.6,6318.848,0.607438557
OI000410,O00160,P070,2,4988.16,0.15,1084.07,9976.32,1496.448,8479.872,2168.14,6311.732,0.744319254
OI002778,O01099,P070,2,4988.16,0.15,1084.07,9976.32,1496.448,8479.872,2168.14,6311.732,0.744319254
OI003780,O01508,P070,2,4988.16,0.15,1084.07,9976.32,1496.448,8479.872,2168.14,6311.732,0.744319254
OI005245,O02083,P070,2,4988.16,0.15,1084.07,9976.32,1496.448,8479.872,2168.14,6311.732,0.744319254
OI005311,O02112,P070,2,4988.16,0.15,1084.07,9976.32,1496.448,8479.872,2168.14,6311.732,0.744319254
OI000516,O00201,P020,4,5123.92,0,3551.75,20495.68,0,20495.68,14207,6288.68,0.306829537
OI002425,O00961,P020,4,5123.92,0,3551.75,20495.68,0,20495.68,14207,6288.68,0.306829537
OI000152,O00061,P006,3,4253.34,0.1,1733.75,12760.02,1276.002,11484.018,5201.25,6282.768,0.547087962
OI002192,O00863,P006,3,4253.34,0.1,1733.75,12760.02,1276.002,11484.018,5201.25,6282.768,0.547087962
OI003325,O01322,P006,3,4253.34,0.1,1733.75,12760.02,1276.002,11484.018,5201.25,6282.768,0.547087962
OI003929,O01574,P006,3,4253.34,0.1,1733.75,12760.02,1276.002,11484.018,5201.25,6282.768,0.547087962
OI005408,O02150,P008,3,5224.68,0.05,2873.574,15674.04,783.702,14890.338,8620.722,6269.616,0.421052632
OI001215,O00477,P008,4,5224.68,0.15,2873.574,20898.72,3134.808,17763.912,11494.296,6269.616,0.352941176
OI003877,O01550,P008,4,5224.68,0.15,2873.574,20898.72,3134.808,17763.912,11494.296,6269.616,0.352941176
OI003899,O01560,P008,4,5224.68,0.15,2873.574,20898.72,3134.808,17763.912,11494.296,6269.616,0.352941176
OI000699,O00276,P024,3,6203.92,0.15,3183.57,18611.76,2791.764,15819.996,9550.71,6269.286,0.396288722
OI001349,O00526,P024,3,6203.92,0.15,3183.57,18611.76,2791.764,15819.996,9550.71,6269.286,0.396288722
OI004644,O01861,P024,3,6203.92,0.15,3183.57,18611.76,2791.764,15819.996,9550.71,6269.286,0.396288722
OI003180,O01268,P025,4,3270.83,0,1704.38,13083.32,0,13083.32,6817.52,6265.8,0.478915138
OI003592,O01431,P025,4,3270.83,0,1704.38,13083.32,0,13083.32,6817.52,6265.8,0.478915138
OI004507,O01813,P025,4,3270.83,0,1704.38,13083.32,0,13083.32,6817.52,6265.8,0.478915138
OI005528,O02199,P025,4,3270.83,0,1704.38,13083.32,0,13083.32,6817.52,6265.8,0.478915138
OI000325,O00131,P071,3,3503.29,0.15,896.72,10509.87,1576.4805,8933.3895,2690.16,6243.2295,0.69886458
OI000532,O00208,P071,3,3503.29,0.15,896.72,10509.87,1576.4805,8933.3895,2690.16,6243.2295,0.69886458
OI000567,O00221,P071,3,3503.29,0.15,896.72,10509.87,1576.4805,8933.3895,2690.16,6243.2295,0.69886458
OI001002,O00391,P071,3,3503.29,0.15,896.72,10509.87,1576.4805,8933.3895,2690.16,6243.2295,0.69886458
OI002749,O01087,P071,3,3503.29,0.15,896.72,10509.87,1576.4805,8933.3895,2690.16,6243.2295,0.69886458
OI003416,O01358,P046,3,6490.81,0.1,3763.21,19472.43,1947.243,17525.187,11289.63,6235.557,0.355805447
OI004122,O01651,P046,3,6490.81,0.1,3763.21,19472.43,1947.243,17525.187,11289.63,6235.557,0.355805447
OI002609,O01033,P005,3,3320.34,0.3,245.87,9961.02,2988.306,6972.714,737.61,6235.104,0.894214792
OI003865,O01546,P005,3,3320.34,0.3,245.87,9961.02,2988.306,6972.714,737.61,6235.104,0.894214792
OI001216,O00478,P071,4,3503.29,0.3,896.72,14013.16,4203.948,9809.212,3586.88,6222.332,0.634335561
OI002760,O01090,P071,4,3503.29,0.3,896.72,14013.16,4203.948,9809.212,3586.88,6222.332,0.634335561
OI003174,O01265,P071,4,3503.29,0.3,896.72,14013.16,4203.948,9809.212,3586.88,6222.332,0.634335561
OI001415,O00556,P073,2,6594.36,0.05,3155.39,13188.72,659.436,12529.284,6310.78,6218.504,0.496317587
OI002261,O00893,P073,2,6594.36,0.05,3155.39,13188.72,659.436,12529.284,6310.78,6218.504,0.496317587
OI002594,O01026,P073,2,6594.36,0.05,3155.39,13188.72,659.436,12529.284,6310.78,6218.504,0.496317587
OI004394,O01761,P073,2,6594.36,0.05,3155.39,13188.72,659.436,12529.284,6310.78,6218.504,0.496317587
OI004612,O01849,P073,2,6594.36,0.05,3155.39,13188.72,659.436,12529.284,6310.78,6218.504,0.496317587
OI005077,O02020,P073,2,6594.36,0.05,3155.39,13188.72,659.436,12529.284,6310.78,6218.504,0.496317587
OI000878,O00345,P074,4,7323.07,0.15,4674.57,29292.28,4393.842,24898.438,18698.28,6200.158,0.24901795
OI001174,O00460,P074,4,7323.07,0.15,4674.57,29292.28,4393.842,24898.438,18698.28,6200.158,0.24901795
OI001594,O00633,P074,4,7323.07,0.15,4674.57,29292.28,4393.842,24898.438,18698.28,6200.158,0.24901795
OI004888,O01954,P074,4,7323.07,0.15,4674.57,29292.28,4393.842,24898.438,18698.28,6200.158,0.24901795
OI001275,O00498,P049,2,6189.2,0.1,2480.95,12378.4,1237.84,11140.56,4961.9,6178.66,0.554609463
OI001819,O00720,P049,2,6189.2,0.1,2480.95,12378.4,1237.84,11140.56,4961.9,6178.66,0.554609463
OI001992,O00786,P049,2,6189.2,0.1,2480.95,12378.4,1237.84,11140.56,4961.9,6178.66,0.554609463
OI000323,O00130,P005,2,3320.34,0,245.87,6640.68,0,6640.68,491.74,6148.94,0.925950354
OI000780,O00306,P005,2,3320.34,0,245.87,6640.68,0,6640.68,491.74,6148.94,0.925950354
OI003738,O01491,P005,2,3320.34,0,245.87,6640.68,0,6640.68,491.74,6148.94,0.925950354
OI000486,O00189,P047,3,6217.65,0.05,3858.64,18652.95,932.6475,17720.3025,11575.92,6144.3825,0.346742529
OI000808,O00319,P057,3,3618.93,0.1,1211.45,10856.79,1085.679,9771.111,3634.35,6136.761,0.628051508
OI001394,O00546,P057,3,3618.93,0.1,1211.45,10856.79,1085.679,9771.111,3634.35,6136.761,0.628051508
OI000421,O00164,P018,4,3329.63,0.2,1132.23,13318.52,2663.704,10654.816,4528.92,6125.896,0.57494151
OI002544,O01007,P018,4,3329.63,0.2,1132.23,13318.52,2663.704,10654.816,4528.92,6125.896,0.57494151
OI003159,O01258,P018,4,3329.63,0.2,1132.23,13318.52,2663.704,10654.816,4528.92,6125.896,0.57494151
OI003668,O01463,P018,4,3329.63,0.2,1132.23,13318.52,2663.704,10654.816,4528.92,6125.896,0.57494151
OI004365,O01747,P018,4,3329.63,0.2,1132.23,13318.52,2663.704,10654.816,4528.92,6125.896,0.57494151
OI000506,O00199,P052,3,5599.03,0.05,3277.37,16797.09,839.8545,15957.2355,9832.11,6125.1255,0.383846281
OI001944,O00768,P052,3,5599.03,0.05,3277.37,16797.09,839.8545,15957.2355,9832.11,6125.1255,0.383846281
OI002640,O01044,P032,4,6623.25,0.3,3109.6,26493,7947.9,18545.1,12438.4,6106.7,0.329289138
OI002689,O01062,P032,4,6623.25,0.3,3109.6,26493,7947.9,18545.1,12438.4,6106.7,0.329289138
OI002903,O01152,P032,4,6623.25,0.3,3109.6,26493,7947.9,18545.1,12438.4,6106.7,0.329289138
OI003660,O01461,P032,4,6623.25,0.3,3109.6,26493,7947.9,18545.1,12438.4,6106.7,0.329289138
OI004930,O01967,P032,4,6623.25,0.3,3109.6,26493,7947.9,18545.1,12438.4,6106.7,0.329289138
OI001440,O00565,P010,1,7442.3,0,1346.4,7442.3,0,7442.3,1346.4,6095.9,0.819088185
OI000177,O00071,P018,3,3329.63,0.05,1132.23,9988.89,499.4445,9489.4455,3396.69,6092.7555,0.642056008
OI003136,O01250,P018,3,3329.63,0.05,1132.23,9988.89,499.4445,9489.4455,3396.69,6092.7555,0.642056008
OI004710,O01886,P018,3,3329.63,0.05,1132.23,9988.89,499.4445,9489.4455,3396.69,6092.7555,0.642056008
OI000334,O00134,P014,2,5526.86,0.3,822.47,11053.72,3316.116,7737.604,1644.94,6092.664,0.787409643
OI001807,O00714,P012,3,3994.33,0.3,777.41,11982.99,3594.897,8388.093,2332.23,6055.863,0.721959449
OI003167,O01262,P012,3,3994.33,0.3,777.41,11982.99,3594.897,8388.093,2332.23,6055.863,0.721959449
OI002044,O00806,P027,2,5678.95,0.1,2088.43,11357.9,1135.79,10222.11,4176.86,6045.25,0.591389645
OI004601,O01846,P003,3,6285.84,0.15,3329.26,18857.52,2828.628,16028.892,9987.78,6041.112,0.376888933
OI000666,O00263,P024,2,6203.92,0,3183.57,12407.84,0,12407.84,6367.14,6040.7,0.486845414
OI002316,O00917,P024,2,6203.92,0,3183.57,12407.84,0,12407.84,6367.14,6040.7,0.486845414
OI002828,O01119,P024,2,6203.92,0,3183.57,12407.84,0,12407.84,6367.14,6040.7,0.486845414
OI003179,O01268,P024,2,6203.92,0,3183.57,12407.84,0,12407.84,6367.14,6040.7,0.486845414
OI004136,O01655,P024,2,6203.92,0,3183.57,12407.84,0,12407.84,6367.14,6040.7,0.486845414
OI004949,O01972,P012,2,3994.33,0.05,777.41,7988.66,399.433,7589.227,1554.82,6034.407,0.795128015
OI000916,O00357,P023,2,6282.87,0.3,1387.27,12565.74,3769.722,8796.018,2774.54,6021.478,0.684568631
OI001705,O00676,P023,2,6282.87,0.3,1387.27,12565.74,3769.722,8796.018,2774.54,6021.478,0.684568631
OI002197,O00865,P023,2,6282.87,0.3,1387.27,12565.74,3769.722,8796.018,2774.54,6021.478,0.684568631
OI002763,O01091,P023,2,6282.87,0.3,1387.27,12565.74,3769.722,8796.018,2774.54,6021.478,0.684568631
OI002783,O01101,P023,2,6282.87,0.3,1387.27,12565.74,3769.722,8796.018,2774.54,6021.478,0.684568631
OI003193,O01272,P023,2,6282.87,0.3,1387.27,12565.74,3769.722,8796.018,2774.54,6021.478,0.684568631
OI000114,O00047,P007,3,3880.55,0.2,1109.38,11641.65,2328.33,9313.32,3328.14,5985.18,0.642647305
OI001123,O00439,P007,3,3880.55,0.2,1109.38,11641.65,2328.33,9313.32,3328.14,5985.18,0.642647305
OI003755,O01497,P007,3,3880.55,0.2,1109.38,11641.65,2328.33,9313.32,3328.14,5985.18,0.642647305
OI000914,O00356,P011,2,7495.81,0.15,3389.07,14991.62,2248.743,12742.877,6778.14,5964.737,0.468084013
OI002157,O00851,P011,2,7495.81,0.15,3389.07,14991.62,2248.743,12742.877,6778.14,5964.737,0.468084013
OI003026,O01201,P011,2,7495.81,0.15,3389.07,14991.62,2248.743,12742.877,6778.14,5964.737,0.468084013
OI004113,O01647,P011,2,7495.81,0.15,3389.07,14991.62,2248.743,12742.877,6778.14,5964.737,0.468084013
OI000907,O00354,P056,2,5689.43,0.1,2138.41,11378.86,1137.886,10240.974,4276.82,5964.154,0.58238152
OI002245,O00885,P056,2,5689.43,0.1,2138.41,11378.86,1137.886,10240.974,4276.82,5964.154,0.58238152
OI004395,O01762,P056,2,5689.43,0.1,2138.41,11378.86,1137.886,10240.974,4276.82,5964.154,0.58238152
OI005346,O02126,P029,2,3811.62,0.15,262.65,7623.24,1143.486,6479.754,525.3,5954.454,0.918932108
OI000613,O00240,P028,3,6060.07,0.1,3474.32,18180.21,1818.021,16362.189,10422.96,5939.229,0.362984989
OI000910,O00355,P028,3,6060.07,0.1,3474.32,18180.21,1818.021,16362.189,10422.96,5939.229,0.362984989
OI002752,O01088,P028,3,6060.07,0.1,3474.32,18180.21,1818.021,16362.189,10422.96,5939.229,0.362984989
OI004277,O01705,P028,3,6060.07,0.1,3474.32,18180.21,1818.021,16362.189,10422.96,5939.229,0.362984989
OI000234,O00094,P051,4,3109.99,0.1,1315.1,12439.96,1243.996,11195.964,5260.4,5935.564,0.530152116
OI003640,O01451,P051,4,3109.99,0.1,1315.1,12439.96,1243.996,11195.964,5260.4,5935.564,0.530152116
OI002387,O00945,P052,4,5599.03,0.15,3277.37,22396.12,3359.418,19036.702,13109.48,5927.222,0.311357608
OI005086,O02023,P052,4,5599.03,0.15,3277.37,22396.12,3359.418,19036.702,13109.48,5927.222,0.311357608
OI000068,O00028,P003,2,6285.84,0,3329.26,12571.68,0,12571.68,6658.52,5913.16,0.470355593
OI001462,O00576,P003,2,6285.84,0,3329.26,12571.68,0,12571.68,6658.52,5913.16,0.470355593
OI001783,O00707,P003,2,6285.84,0,3329.26,12571.68,0,12571.68,6658.52,5913.16,0.470355593
OI002085,O00822,P003,2,6285.84,0,3329.26,12571.68,0,12571.68,6658.52,5913.16,0.470355593
OI000380,O00149,P067,3,3139.17,0.15,711.17,9417.51,1412.6265,8004.8835,2133.51,5871.3735,0.733473947
OI002258,O00891,P067,3,3139.17,0.15,711.17,9417.51,1412.6265,8004.8835,2133.51,5871.3735,0.733473947
OI003012,O01195,P067,3,3139.17,0.15,711.17,9417.51,1412.6265,8004.8835,2133.51,5871.3735,0.733473947
OI000555,O00218,P022,3,5959.11,0.15,3108.79,17877.33,2681.5995,15195.7305,9326.37,5869.3605,0.386250631
OI001247,O00488,P022,3,5959.11,0.15,3108.79,17877.33,2681.5995,15195.7305,9326.37,5869.3605,0.386250631
OI002566,O01015,P022,3,5959.11,0.15,3108.79,17877.33,2681.5995,15195.7305,9326.37,5869.3605,0.386250631
OI003742,O01493,P022,3,5959.11,0.15,3108.79,17877.33,2681.5995,15195.7305,9326.37,5869.3605,0.386250631
OI003868,O01547,P022,3,5959.11,0.15,3108.79,17877.33,2681.5995,15195.7305,9326.37,5869.3605,0.386250631
OI002798,O01106,P040,2,5866.02,0.2,1770.44,11732.04,2346.408,9385.632,3540.88,5844.752,0.622733983
OI003453,O01374,P040,2,5866.02,0.2,1770.44,11732.04,2346.408,9385.632,3540.88,5844.752,0.622733983
OI003396,O01350,P073,4,6594.36,0.3,3155.39,26377.44,7913.232,18464.208,12621.56,5842.648,0.316431011
OI004707,O01885,P073,4,6594.36,0.3,3155.39,26377.44,7913.232,18464.208,12621.56,5842.648,0.316431011
OI005143,O02047,P073,4,6594.36,0.3,3155.39,26377.44,7913.232,18464.208,12621.56,5842.648,0.316431011
OI004173,O01667,P005,2,3320.34,0.05,245.87,6640.68,332.034,6308.646,491.74,5816.906,0.922053005
OI000917,O00357,P070,2,4988.16,0.2,1084.07,9976.32,1995.264,7981.056,2168.14,5812.916,0.728339207
OI001489,O00587,P070,2,4988.16,0.2,1084.07,9976.32,1995.264,7981.056,2168.14,5812.916,0.728339207
OI003149,O01254,P070,2,4988.16,0.2,1084.07,9976.32,1995.264,7981.056,2168.14,5812.916,0.728339207
OI002655,O01049,P015,1,7330.81,0,1525.08,7330.81,0,7330.81,1525.08,5805.73,0.791962962
OI003644,O01455,P015,1,7330.81,0,1525.08,7330.81,0,7330.81,1525.08,5805.73,0.791962962
OI004316,O01724,P015,1,7330.81,0,1525.08,7330.81,0,7330.81,1525.08,5805.73,0.791962962
OI001288,O00503,P074,3,7323.07,0.1,4674.57,21969.21,2196.921,19772.289,14023.71,5748.579,0.290739175
OI003487,O01386,P074,3,7323.07,0.1,4674.57,21969.21,2196.921,19772.289,14023.71,5748.579,0.290739175
OI000295,O00117,P010,1,7442.3,0.05,1346.4,7442.3,372.115,7070.185,1346.4,5723.785,0.809566511
OI001167,O00458,P010,1,7442.3,0.05,1346.4,7442.3,372.115,7070.185,1346.4,5723.785,0.809566511
OI003420,O01359,P010,1,7442.3,0.05,1346.4,7442.3,372.115,7070.185,1346.4,5723.785,0.809566511
OI005313,O02112,P010,1,7442.3,0.05,1346.4,7442.3,372.115,7070.185,1346.4,5723.785,0.809566511
OI001821,O00720,P046,4,6490.81,0.2,3763.21,25963.24,5192.648,20770.592,15052.84,5717.752,0.275281128
OI000940,O00365,P071,3,3503.29,0.2,896.72,10509.87,2101.974,8407.896,2690.16,5717.736,0.680043616
OI001055,O00412,P071,3,3503.29,0.2,896.72,10509.87,2101.974,8407.896,2690.16,5717.736,0.680043616
OI001533,O00607,P071,3,3503.29,0.2,896.72,10509.87,2101.974,8407.896,2690.16,5717.736,0.680043616
OI003580,O01425,P071,3,3503.29,0.2,896.72,10509.87,2101.974,8407.896,2690.16,5717.736,0.680043616
OI003708,O01479,P071,3,3503.29,0.2,896.72,10509.87,2101.974,8407.896,2690.16,5717.736,0.680043616
OI000092,O00038,P047,4,6217.65,0.15,3858.64,24870.6,3730.59,21140.01,15434.56,5705.45,0.269888709
OI000247,O00098,P047,4,6217.65,0.15,3858.64,24870.6,3730.59,21140.01,15434.56,5705.45,0.269888709
OI001834,O00725,P047,4,6217.65,0.15,3858.64,24870.6,3730.59,21140.01,15434.56,5705.45,0.269888709
OI004558,O01831,P047,4,6217.65,0.15,3858.64,24870.6,3730.59,21140.01,15434.56,5705.45,0.269888709
OI001091,O00425,P032,2,6623.25,0.1,3109.6,13246.5,1324.65,11921.85,6219.2,5702.65,0.478335997
OI002106,O00831,P032,2,6623.25,0.1,3109.6,13246.5,1324.65,11921.85,6219.2,5702.65,0.478335997
OI002247,O00886,P032,2,6623.25,0.1,3109.6,13246.5,1324.65,11921.85,6219.2,5702.65,0.478335997
OI003554,O01414,P032,2,6623.25,0.1,3109.6,13246.5,1324.65,11921.85,6219.2,5702.65,0.478335997
OI003675,O01466,P032,2,6623.25,0.1,3109.6,13246.5,1324.65,11921.85,6219.2,5702.65,0.478335997
OI001671,O00664,P022,2,5959.11,0,3108.79,11918.22,0,11918.22,6217.58,5700.64,0.478313037
OI000301,O00119,P027,3,5678.95,0.3,2088.43,17036.85,5111.055,11925.795,6265.29,5660.505,0.474643829
OI000981,O00382,P027,3,5678.95,0.3,2088.43,17036.85,5111.055,11925.795,6265.29,5660.505,0.474643829
OI002322,O00919,P027,3,5678.95,0.3,2088.43,17036.85,5111.055,11925.795,6265.29,5660.505,0.474643829
OI002993,O01187,P027,3,5678.95,0.3,2088.43,17036.85,5111.055,11925.795,6265.29,5660.505,0.474643829
OI005102,O02031,P027,3,5678.95,0.3,2088.43,17036.85,5111.055,11925.795,6265.29,5660.505,0.474643829
OI001121,O00438,P006,3,4253.34,0.15,1733.75,12760.02,1914.003,10846.017,5201.25,5644.767,0.520446077
OI001701,O00675,P006,3,4253.34,0.15,1733.75,12760.02,1914.003,10846.017,5201.25,5644.767,0.520446077
OI002146,O00847,P006,3,4253.34,0.15,1733.75,12760.02,1914.003,10846.017,5201.25,5644.767,0.520446077
OI002480,O00982,P006,3,4253.34,0.15,1733.75,12760.02,1914.003,10846.017,5201.25,5644.767,0.520446077
OI001828,O00724,P012,2,3994.33,0.1,777.41,7988.66,798.866,7189.794,1554.82,5634.974,0.783746238
OI003013,O01195,P012,2,3994.33,0.1,777.41,7988.66,798.866,7189.794,1554.82,5634.974,0.783746238
OI004429,O01773,P012,2,3994.33,0.1,777.41,7988.66,798.866,7189.794,1554.82,5634.974,0.783746238
OI003181,O01269,P025,4,3270.83,0.05,1704.38,13083.32,654.166,12429.154,6817.52,5611.634,0.451489619
OI003754,O01497,P057,3,3618.93,0.15,1211.45,10856.79,1628.5185,9228.2715,3634.35,5593.9215,0.606172185
OI003995,O01598,P057,3,3618.93,0.15,1211.45,10856.79,1628.5185,9228.2715,3634.35,5593.9215,0.606172185
OI005190,O02063,P018,3,3329.63,0.1,1132.23,9988.89,998.889,8990.001,3396.69,5593.311,0.622170231
OI001008,O00394,P011,3,7495.81,0.3,3389.07,22487.43,6746.229,15741.201,10167.21,5573.991,0.354102015
OI001400,O00549,P011,3,7495.81,0.3,3389.07,22487.43,6746.229,15741.201,10167.21,5573.991,0.354102015
OI001406,O00552,P011,3,7495.81,0.3,3389.07,22487.43,6746.229,15741.201,10167.21,5573.991,0.354102015
OI001730,O00685,P011,3,7495.81,0.3,3389.07,22487.43,6746.229,15741.201,10167.21,5573.991,0.354102015
OI001938,O00765,P011,3,7495.81,0.3,3389.07,22487.43,6746.229,15741.201,10167.21,5573.991,0.354102015
OI002056,O00812,P011,3,7495.81,0.3,3389.07,22487.43,6746.229,15741.201,10167.21,5573.991,0.354102015
OI002437,O00967,P011,3,7495.81,0.3,3389.07,22487.43,6746.229,15741.201,10167.21,5573.991,0.354102015
OI005025,O02002,P011,3,7495.81,0.3,3389.07,22487.43,6746.229,15741.201,10167.21,5573.991,0.354102015
OI002086,O00822,P029,2,3811.62,0.2,262.65,7623.24,1524.648,6098.592,525.3,5573.292,0.913865364
OI004199,O01677,P029,2,3811.62,0.2,262.65,7623.24,1524.648,6098.592,525.3,5573.292,0.913865364
OI004275,O01704,P029,2,3811.62,0.2,262.65,7623.24,1524.648,6098.592,525.3,5573.292,0.913865364
OI000087,O00037,P049,2,6189.2,0.15,2480.95,12378.4,1856.76,10521.64,4961.9,5559.74,0.52841002
OI000217,O00087,P049,3,6189.2,0.3,2480.95,18567.6,5570.28,12997.32,7442.85,5554.47,0.427355024
OI002573,O01018,P049,3,6189.2,0.3,2480.95,18567.6,5570.28,12997.32,7442.85,5554.47,0.427355024
OI003538,O01405,P007,2,3880.55,0,1109.38,7761.1,0,7761.1,2218.76,5542.34,0.714117844
OI003963,O01586,P007,2,3880.55,0,1109.38,7761.1,0,7761.1,2218.76,5542.34,0.714117844
OI001688,O00670,P056,3,5689.43,0.3,2138.41,17068.29,5120.487,11947.803,6415.23,5532.573,0.463061954
OI002241,O00884,P056,3,5689.43,0.3,2138.41,17068.29,5120.487,11947.803,6415.23,5532.573,0.463061954
OI002956,O01171,P056,3,5689.43,0.3,2138.41,17068.29,5120.487,11947.803,6415.23,5532.573,0.463061954
OI004250,O01695,P056,3,5689.43,0.3,2138.41,17068.29,5120.487,11947.803,6415.23,5532.573,0.463061954
OI000617,O00241,P066,4,6217.53,0.15,3905.53,24870.12,3730.518,21139.602,15622.12,5517.482,0.26100217
OI003395,O01350,P066,4,6217.53,0.15,3905.53,24870.12,3730.518,21139.602,15622.12,5517.482,0.26100217
OI003906,O01563,P066,4,6217.53,0.15,3905.53,24870.12,3730.518,21139.602,15622.12,5517.482,0.26100217
OI004177,O01668,P066,4,6217.53,0.15,3905.53,24870.12,3730.518,21139.602,15622.12,5517.482,0.26100217
OI005130,O02042,P066,4,6217.53,0.15,3905.53,24870.12,3730.518,21139.602,15622.12,5517.482,0.26100217
OI000607,O00237,P061,1,5698.31,0,186.41,5698.31,0,5698.31,186.41,5511.9,0.967286792
OI003124,O01243,P061,1,5698.31,0,186.41,5698.31,0,5698.31,186.41,5511.9,0.967286792
OI003676,O01466,P061,1,5698.31,0,186.41,5698.31,0,5698.31,186.41,5511.9,0.967286792
OI000614,O00241,P028,4,6060.07,0.2,3474.32,24240.28,4848.056,19392.224,13897.28,5494.944,0.283358113
OI000849,O00334,P028,4,6060.07,0.2,3474.32,24240.28,4848.056,19392.224,13897.28,5494.944,0.283358113
OI000698,O00276,P008,3,5224.68,0.1,2873.574,15674.04,1567.404,14106.636,8620.722,5485.914,0.388888889
OI000848,O00334,P008,3,5224.68,0.1,2873.574,15674.04,1567.404,14106.636,8620.722,5485.914,0.388888889
OI000978,O00380,P008,3,5224.68,0.1,2873.574,15674.04,1567.404,14106.636,8620.722,5485.914,0.388888889
OI000089,O00038,P005,2,3320.34,0.1,245.87,6640.68,664.068,5976.612,491.74,5484.872,0.917722616
OI001082,O00421,P005,2,3320.34,0.1,245.87,6640.68,664.068,5976.612,491.74,5484.872,0.917722616
OI002929,O01162,P005,2,3320.34,0.1,245.87,6640.68,664.068,5976.612,491.74,5484.872,0.917722616
OI000608,O00237,P027,2,5678.95,0.15,2088.43,11357.9,1703.685,9654.215,4176.86,5477.355,0.567353741
OI004086,O01636,P027,2,5678.95,0.15,2088.43,11357.9,1703.685,9654.215,4176.86,5477.355,0.567353741
OI000747,O00294,P046,2,6490.81,0,3763.21,12981.62,0,12981.62,7526.42,5455.2,0.420224903
OI001714,O00679,P046,2,6490.81,0,3763.21,12981.62,0,12981.62,7526.42,5455.2,0.420224903
OI002147,O00848,P046,2,6490.81,0,3763.21,12981.62,0,12981.62,7526.42,5455.2,0.420224903
OI005323,O02117,P046,2,6490.81,0,3763.21,12981.62,0,12981.62,7526.42,5455.2,0.420224903
OI000851,O00336,P015,1,7330.81,0.05,1525.08,7330.81,366.5405,6964.2695,1525.08,5439.1895,0.781013644
OI001040,O00405,P015,1,7330.81,0.05,1525.08,7330.81,366.5405,6964.2695,1525.08,5439.1895,0.781013644
OI003687,O01472,P015,1,7330.81,0.05,1525.08,7330.81,366.5405,6964.2695,1525.08,5439.1895,0.781013644
OI000797,O00315,P024,2,6203.92,0.05,3183.57,12407.84,620.392,11787.448,6367.14,5420.308,0.459837278
OI001473,O00581,P024,2,6203.92,0.05,3183.57,12407.84,620.392,11787.448,6367.14,5420.308,0.459837278
OI002637,O01043,P024,2,6203.92,0.05,3183.57,12407.84,620.392,11787.448,6367.14,5420.308,0.459837278
OI003803,O01517,P067,3,3139.17,0.2,711.17,9417.51,1883.502,7534.008,2133.51,5400.498,0.716816069
OI000692,O00274,P056,2,5689.43,0.15,2138.41,11378.86,1706.829,9672.031,4276.82,5395.211,0.557815727
OI003154,O01256,P056,2,5689.43,0.15,2138.41,11378.86,1706.829,9672.031,4276.82,5395.211,0.557815727
OI003321,O01321,P056,2,5689.43,0.15,2138.41,11378.86,1706.829,9672.031,4276.82,5395.211,0.557815727
OI003951,O01580,P056,2,5689.43,0.15,2138.41,11378.86,1706.829,9672.031,4276.82,5395.211,0.557815727
OI004278,O01705,P056,2,5689.43,0.15,2138.41,11378.86,1706.829,9672.031,4276.82,5395.211,0.557815727
OI005254,O02088,P056,2,5689.43,0.15,2138.41,11378.86,1706.829,9672.031,4276.82,5395.211,0.557815727
OI005508,O02191,P056,2,5689.43,0.15,2138.41,11378.86,1706.829,9672.031,4276.82,5395.211,0.557815727
OI001716,O00679,P068,1,7430.32,0,2041.8,7430.32,0,7430.32,2041.8,5388.52,0.72520699
OI002500,O00990,P068,1,7430.32,0,2041.8,7430.32,0,7430.32,2041.8,5388.52,0.72520699
OI004218,O01684,P068,1,7430.32,0,2041.8,7430.32,0,7430.32,2041.8,5388.52,0.72520699
OI004318,O01725,P068,1,7430.32,0,2041.8,7430.32,0,7430.32,2041.8,5388.52,0.72520699
OI004548,O01826,P068,1,7430.32,0,2041.8,7430.32,0,7430.32,2041.8,5388.52,0.72520699
OI005179,O02059,P068,1,7430.32,0,2041.8,7430.32,0,7430.32,2041.8,5388.52,0.72520699
OI004185,O01672,P051,3,3109.99,0,1315.1,9329.97,0,9329.97,3945.3,5384.67,0.577136904
OI003645,O01455,P075,4,6578.23,0.05,4906.98,26312.92,1315.646,24997.274,19627.92,5369.354,0.214797582
OI000745,O00294,P010,1,7442.3,0.1,1346.4,7442.3,744.23,6698.07,1346.4,5351.67,0.798986872
OI001775,O00703,P010,1,7442.3,0.1,1346.4,7442.3,744.23,6698.07,1346.4,5351.67,0.798986872
OI001087,O00424,P024,3,6203.92,0.2,3183.57,18611.76,3722.352,14889.408,9550.71,5338.698,0.358556767
OI001605,O00637,P024,3,6203.92,0.2,3183.57,18611.76,3722.352,14889.408,9550.71,5338.698,0.358556767
OI001935,O00764,P024,3,6203.92,0.2,3183.57,18611.76,3722.352,14889.408,9550.71,5338.698,0.358556767
OI002865,O01135,P024,3,6203.92,0.2,3183.57,18611.76,3722.352,14889.408,9550.71,5338.698,0.358556767
OI003066,O01217,P024,3,6203.92,0.2,3183.57,18611.76,3722.352,14889.408,9550.71,5338.698,0.358556767
OI004300,O01717,P024,3,6203.92,0.2,3183.57,18611.76,3722.352,14889.408,9550.71,5338.698,0.358556767
OI005231,O02080,P024,3,6203.92,0.2,3183.57,18611.76,3722.352,14889.408,9550.71,5338.698,0.358556767
OI000225,O00090,P074,2,7323.07,0,4674.57,14646.14,0,14646.14,9349.14,5297,0.361665258
OI001148,O00449,P074,2,7323.07,0,4674.57,14646.14,0,14646.14,9349.14,5297,0.361665258
OI004192,O01675,P074,2,7323.07,0,4674.57,14646.14,0,14646.14,9349.14,5297,0.361665258
OI001191,O00468,P052,3,5599.03,0.1,3277.37,16797.09,1679.709,15117.381,9832.11,5285.271,0.349615519
OI003827,O01529,P052,3,5599.03,0.1,3277.37,16797.09,1679.709,15117.381,9832.11,5285.271,0.349615519
OI004304,O01719,P003,2,6285.84,0.05,3329.26,12571.68,628.584,11943.096,6658.52,5284.576,0.442479571
OI000168,O00068,P020,4,5123.92,0.05,3551.75,20495.68,1024.784,19470.896,14207,5263.896,0.270346881
OI004760,O01906,P020,4,5123.92,0.05,3551.75,20495.68,1024.784,19470.896,14207,5263.896,0.270346881
OI000759,O00298,P046,3,6490.81,0.15,3763.21,19472.43,2920.8645,16551.5655,11289.63,5261.9355,0.31791165
OI001437,O00564,P046,3,6490.81,0.15,3763.21,19472.43,2920.8645,16551.5655,11289.63,5261.9355,0.31791165
OI003052,O01213,P046,3,6490.81,0.15,3763.21,19472.43,2920.8645,16551.5655,11289.63,5261.9355,0.31791165
OI001560,O00620,P012,2,3994.33,0.15,777.41,7988.66,1198.299,6790.361,1554.82,5235.541,0.771025429
OI002511,O00996,P012,2,3994.33,0.15,777.41,7988.66,1198.299,6790.361,1554.82,5235.541,0.771025429
OI004625,O01855,P012,2,3994.33,0.15,777.41,7988.66,1198.299,6790.361,1554.82,5235.541,0.771025429
OI005017,O02000,P012,2,3994.33,0.15,777.41,7988.66,1198.299,6790.361,1554.82,5235.541,0.771025429
OI001471,O00579,P030,2,6724.47,0.3,2090.3,13448.94,4034.682,9414.258,4180.6,5233.658,0.55592889
OI002288,O00903,P030,2,6724.47,0.3,2090.3,13448.94,4034.682,9414.258,4180.6,5233.658,0.55592889
OI002462,O00977,P030,2,6724.47,0.3,2090.3,13448.94,4034.682,9414.258,4180.6,5233.658,0.55592889
OI003202,O01274,P030,2,6724.47,0.3,2090.3,13448.94,4034.682,9414.258,4180.6,5233.658,0.55592889
OI000638,O00249,P061,1,5698.31,0.05,186.41,5698.31,284.9155,5413.3945,186.41,5226.9845,0.965565044
OI002110,O00832,P061,1,5698.31,0.05,186.41,5698.31,284.9155,5413.3945,186.41,5226.9845,0.965565044
OI002348,O00930,P061,1,5698.31,0.05,186.41,5698.31,284.9155,5413.3945,186.41,5226.9845,0.965565044
OI004556,O01830,P061,1,5698.31,0.05,186.41,5698.31,284.9155,5413.3945,186.41,5226.9845,0.965565044
OI004746,O01901,P061,1,5698.31,0.05,186.41,5698.31,284.9155,5413.3945,186.41,5226.9845,0.965565044
OI000624,O00245,P008,4,5224.68,0.2,2873.574,20898.72,4179.744,16718.976,11494.296,5224.68,0.3125
OI004480,O01799,P008,4,5224.68,0.2,2873.574,20898.72,4179.744,16718.976,11494.296,5224.68,0.3125
OI004636,O01859,P008,4,5224.68,0.2,2873.574,20898.72,4179.744,16718.976,11494.296,5224.68,0.3125
OI000451,O00175,P011,2,7495.81,0.2,3389.07,14991.62,2998.324,11993.296,6778.14,5215.156,0.434839264
OI001301,O00507,P011,2,7495.81,0.2,3389.07,14991.62,2998.324,11993.296,6778.14,5215.156,0.434839264
OI001980,O00781,P071,2,3503.29,0,896.72,7006.58,0,7006.58,1793.44,5213.14,0.744034893
OI004455,O01789,P071,2,3503.29,0,896.72,7006.58,0,7006.58,1793.44,5213.14,0.744034893
OI004652,O01864,P071,2,3503.29,0,896.72,7006.58,0,7006.58,1793.44,5213.14,0.744034893
OI005238,O02082,P071,2,3503.29,0,896.72,7006.58,0,7006.58,1793.44,5213.14,0.744034893
OI005457,O02168,P071,2,3503.29,0,896.72,7006.58,0,7006.58,1793.44,5213.14,0.744034893
OI000038,O00017,P047,3,6217.65,0.1,3858.64,18652.95,1865.295,16787.655,11575.92,5211.735,0.310450447
OI003593,O01431,P047,3,6217.65,0.1,3858.64,18652.95,1865.295,16787.655,11575.92,5211.735,0.310450447
OI003504,O01392,P028,2,6060.07,0,3474.32,12120.14,0,12120.14,6948.64,5171.5,0.42668649
OI004068,O01628,P028,2,6060.07,0,3474.32,12120.14,0,12120.14,6948.64,5171.5,0.42668649
OI004759,O01906,P028,2,6060.07,0,3474.32,12120.14,0,12120.14,6948.64,5171.5,0.42668649
OI005487,O02184,P007,2,3880.55,0.05,1109.38,7761.1,388.055,7373.045,2218.76,5154.285,0.699071415
OI000291,O00116,P005,2,3320.34,0.15,245.87,6640.68,996.102,5644.578,491.74,5152.838,0.91288277
OI000534,O00209,P005,2,3320.34,0.15,245.87,6640.68,996.102,5644.578,491.74,5152.838,0.91288277
OI003911,O01565,P005,2,3320.34,0.15,245.87,6640.68,996.102,5644.578,491.74,5152.838,0.91288277
OI004508,O01813,P005,2,3320.34,0.15,245.87,6640.68,996.102,5644.578,491.74,5152.838,0.91288277
OI000918,O00358,P022,2,5959.11,0.05,3108.79,11918.22,595.911,11322.309,6217.58,5104.729,0.450855828
OI000924,O00360,P022,2,5959.11,0.05,3108.79,11918.22,595.911,11322.309,6217.58,5104.729,0.450855828
OI002741,O01084,P043,4,6217.67,0.05,4630.79,24870.68,1243.534,23627.146,18523.16,5103.986,0.216022113
OI004528,O01820,P043,4,6217.67,0.05,4630.79,24870.68,1243.534,23627.146,18523.16,5103.986,0.216022113
OI000230,O00092,P018,3,3329.63,0.15,1132.23,9988.89,1498.3335,8490.5565,3396.69,5093.8665,0.599944951
OI000619,O00242,P018,3,3329.63,0.15,1132.23,9988.89,1498.3335,8490.5565,3396.69,5093.8665,0.599944951
OI000869,O00341,P018,3,3329.63,0.15,1132.23,9988.89,1498.3335,8490.5565,3396.69,5093.8665,0.599944951
OI003843,O01538,P018,3,3329.63,0.15,1132.23,9988.89,1498.3335,8490.5565,3396.69,5093.8665,0.599944951
OI000001,O00001,P015,1,7330.81,0.1,1525.08,7330.81,733.081,6597.729,1525.08,5072.649,0.768847735
OI000556,O00218,P015,1,7330.81,0.1,1525.08,7330.81,733.081,6597.729,1525.08,5072.649,0.768847735
OI003533,O01404,P015,1,7330.81,0.1,1525.08,7330.81,733.081,6597.729,1525.08,5072.649,0.768847735
OI000723,O00285,P066,3,6217.53,0.1,3905.53,18652.59,1865.259,16787.331,11716.59,5070.741,0.302057605
OI001051,O00410,P066,3,6217.53,0.1,3905.53,18652.59,1865.259,16787.331,11716.59,5070.741,0.302057605
OI001598,O00634,P066,3,6217.53,0.1,3905.53,18652.59,1865.259,16787.331,11716.59,5070.741,0.302057605
OI002112,O00833,P066,3,6217.53,0.1,3905.53,18652.59,1865.259,16787.331,11716.59,5070.741,0.302057605
OI002724,O01076,P066,3,6217.53,0.1,3905.53,18652.59,1865.259,16787.331,11716.59,5070.741,0.302057605
OI003768,O01503,P066,3,6217.53,0.1,3905.53,18652.59,1865.259,16787.331,11716.59,5070.741,0.302057605
OI005514,O02194,P066,3,6217.53,0.1,3905.53,18652.59,1865.259,16787.331,11716.59,5070.741,0.302057605
OI002701,O01066,P057,3,3618.93,0.2,1211.45,10856.79,2171.358,8685.432,3634.35,5051.082,0.581557947
OI004814,O01925,P057,3,3618.93,0.2,1211.45,10856.79,2171.358,8685.432,3634.35,5051.082,0.581557947
OI001369,O00534,P032,2,6623.25,0.15,3109.6,13246.5,1986.975,11259.525,6219.2,5040.325,0.447649879
OI002185,O00861,P032,2,6623.25,0.15,3109.6,13246.5,1986.975,11259.525,6219.2,5040.325,0.447649879
OI003323,O01322,P032,2,6623.25,0.15,3109.6,13246.5,1986.975,11259.525,6219.2,5040.325,0.447649879
OI005151,O02050,P032,2,6623.25,0.15,3109.6,13246.5,1986.975,11259.525,6219.2,5040.325,0.447649879
OI000308,O00122,P006,2,4253.34,0,1733.75,8506.68,0,8506.68,3467.5,5039.18,0.592379166
OI000340,O00137,P006,2,4253.34,0,1733.75,8506.68,0,8506.68,3467.5,5039.18,0.592379166
OI001054,O00411,P006,2,4253.34,0,1733.75,8506.68,0,8506.68,3467.5,5039.18,0.592379166
OI002765,O01091,P006,2,4253.34,0,1733.75,8506.68,0,8506.68,3467.5,5039.18,0.592379166
OI002851,O01128,P006,2,4253.34,0,1733.75,8506.68,0,8506.68,3467.5,5039.18,0.592379166
OI000628,O00246,P028,3,6060.07,0.15,3474.32,18180.21,2727.0315,15453.1785,10422.96,5030.2185,0.325513518
OI000941,O00366,P028,3,6060.07,0.15,3474.32,18180.21,2727.0315,15453.1785,10422.96,5030.2185,0.325513518
OI004797,O01918,P028,3,6060.07,0.15,3474.32,18180.21,2727.0315,15453.1785,10422.96,5030.2185,0.325513518
OI002420,O00959,P068,1,7430.32,0.05,2041.8,7430.32,371.516,7058.804,2041.8,5017.004,0.7107442
OI002645,O01046,P068,1,7430.32,0.05,2041.8,7430.32,371.516,7058.804,2041.8,5017.004,0.7107442
OI003362,O01336,P068,1,7430.32,0.05,2041.8,7430.32,371.516,7058.804,2041.8,5017.004,0.7107442
OI003418,O01359,P068,1,7430.32,0.05,2041.8,7430.32,371.516,7058.804,2041.8,5017.004,0.7107442
OI004816,O01927,P068,1,7430.32,0.05,2041.8,7430.32,371.516,7058.804,2041.8,5017.004,0.7107442
OI002000,O00789,P075,3,6578.23,0,4906.98,19734.69,0,19734.69,14720.94,5013.75,0.254057702
OI003736,O01491,P075,3,6578.23,0,4906.98,19734.69,0,19734.69,14720.94,5013.75,0.254057702
OI004096,O01640,P075,3,6578.23,0,4906.98,19734.69,0,19734.69,14720.94,5013.75,0.254057702
OI000023,O00011,P006,3,4253.34,0.2,1733.75,12760.02,2552.004,10208.016,5201.25,5006.766,0.490473957
OI002080,O00820,P010,1,7442.3,0.15,1346.4,7442.3,1116.345,6325.955,1346.4,4979.555,0.787162571
OI002132,O00842,P010,1,7442.3,0.15,1346.4,7442.3,1116.345,6325.955,1346.4,4979.555,0.787162571
OI005431,O02157,P022,3,5959.11,0.2,3108.79,17877.33,3575.466,14301.864,9326.37,4975.494,0.347891296
OI002565,O01014,P006,4,4253.34,0.3,1733.75,17013.36,5104.008,11909.352,6935,4974.352,0.417684522
OI003316,O01320,P006,4,4253.34,0.3,1733.75,17013.36,5104.008,11909.352,6935,4974.352,0.417684522
OI003847,O01540,P006,4,4253.34,0.3,1733.75,17013.36,5104.008,11909.352,6935,4974.352,0.417684522
OI004142,O01657,P006,4,4253.34,0.3,1733.75,17013.36,5104.008,11909.352,6935,4974.352,0.417684522
OI004274,O01704,P006,4,4253.34,0.3,1733.75,17013.36,5104.008,11909.352,6935,4974.352,0.417684522
OI001058,O00412,P025,4,3270.83,0.1,1704.38,13083.32,1308.332,11774.988,6817.52,4957.468,0.42101682
OI001542,O00612,P025,4,3270.83,0.1,1704.38,13083.32,1308.332,11774.988,6817.52,4957.468,0.42101682
OI003885,O01554,P025,4,3270.83,0.1,1704.38,13083.32,1308.332,11774.988,6817.52,4957.468,0.42101682
OI005452,O02166,P025,4,3270.83,0.1,1704.38,13083.32,1308.332,11774.988,6817.52,4957.468,0.42101682
OI002914,O01157,P061,1,5698.31,0.1,186.41,5698.31,569.831,5128.479,186.41,4942.069,0.963651991
OI003588,O01429,P049,2,6189.2,0.2,2480.95,12378.4,2475.68,9902.72,4961.9,4940.82,0.498935646
OI001951,O00770,P051,3,3109.99,0.05,1315.1,9329.97,466.4985,8863.4715,3945.3,4918.1715,0.554880952
OI003624,O01443,P051,3,3109.99,0.05,1315.1,9329.97,466.4985,8863.4715,3945.3,4918.1715,0.554880952
OI004225,O01687,P051,3,3109.99,0.05,1315.1,9329.97,466.4985,8863.4715,3945.3,4918.1715,0.554880952
OI001585,O00629,P027,2,5678.95,0.2,2088.43,11357.9,2271.58,9086.32,4176.86,4909.46,0.54031335
OI003746,O01494,P027,2,5678.95,0.2,2088.43,11357.9,2271.58,9086.32,4176.86,4909.46,0.54031335
OI001503,O00594,P073,2,6594.36,0.15,3155.39,13188.72,1978.308,11210.412,6310.78,4899.632,0.437060832
OI002989,O01184,P073,2,6594.36,0.15,3155.39,13188.72,1978.308,11210.412,6310.78,4899.632,0.437060832
OI000305,O00121,P023,1,6282.87,0,1387.27,6282.87,0,6282.87,1387.27,4895.6,0.779198042
OI002369,O00939,P071,2,3503.29,0.05,896.72,7006.58,350.329,6656.251,1793.44,4862.811,0.730563045
OI003293,O01310,P071,2,3503.29,0.05,896.72,7006.58,350.329,6656.251,1793.44,4862.811,0.730563045
OI004555,O01830,P071,2,3503.29,0.05,896.72,7006.58,350.329,6656.251,1793.44,4862.811,0.730563045
OI000361,O00143,P067,2,3139.17,0,711.17,6278.34,0,6278.34,1422.34,4856,0.773452855
OI001953,O00772,P067,2,3139.17,0,711.17,6278.34,0,6278.34,1422.34,4856,0.773452855
OI003988,O01595,P012,2,3994.33,0.2,777.41,7988.66,1597.732,6390.928,1554.82,4836.108,0.756714518
OI004385,O01756,P012,2,3994.33,0.2,777.41,7988.66,1597.732,6390.928,1554.82,4836.108,0.756714518
OI001756,O00696,P056,2,5689.43,0.2,2138.41,11378.86,2275.772,9103.088,4276.82,4826.268,0.53017921
OI002755,O01089,P056,2,5689.43,0.2,2138.41,11378.86,2275.772,9103.088,4276.82,4826.268,0.53017921
OI003683,O01469,P056,2,5689.43,0.2,2138.41,11378.86,2275.772,9103.088,4276.82,4826.268,0.53017921
OI004082,O01634,P056,2,5689.43,0.2,2138.41,11378.86,2275.772,9103.088,4276.82,4826.268,0.53017921
OI005012,O01996,P056,2,5689.43,0.2,2138.41,11378.86,2275.772,9103.088,4276.82,4826.268,0.53017921
OI005296,O02105,P056,2,5689.43,0.2,2138.41,11378.86,2275.772,9103.088,4276.82,4826.268,0.53017921
OI001487,O00586,P005,2,3320.34,0.2,245.87,6640.68,1328.136,5312.544,491.74,4820.804,0.907437943
OI002840,O01124,P005,2,3320.34,0.2,245.87,6640.68,1328.136,5312.544,491.74,4820.804,0.907437943
OI004826,O01932,P005,2,3320.34,0.2,245.87,6640.68,1328.136,5312.544,491.74,4820.804,0.907437943
OI000620,O00243,P070,2,4988.16,0.3,1084.07,9976.32,2992.896,6983.424,2168.14,4815.284,0.689530523
OI000880,O00345,P070,2,4988.16,0.3,1084.07,9976.32,2992.896,6983.424,2168.14,4815.284,0.689530523
OI004877,O01950,P070,2,4988.16,0.3,1084.07,9976.32,2992.896,6983.424,2168.14,4815.284,0.689530523
OI000643,O00251,P057,2,3618.93,0,1211.45,7237.86,0,7237.86,2422.9,4814.96,0.665246357
OI000673,O00265,P057,2,3618.93,0,1211.45,7237.86,0,7237.86,2422.9,4814.96,0.665246357
OI001315,O00514,P057,2,3618.93,0,1211.45,7237.86,0,7237.86,2422.9,4814.96,0.665246357
OI003332,O01325,P057,2,3618.93,0,1211.45,7237.86,0,7237.86,2422.9,4814.96,0.665246357
OI005434,O02158,P057,2,3618.93,0,1211.45,7237.86,0,7237.86,2422.9,4814.96,0.665246357
OI001710,O00677,P029,2,3811.62,0.3,262.65,7623.24,2286.972,5336.268,525.3,4810.968,0.901560416
OI002017,O00794,P029,2,3811.62,0.3,262.65,7623.24,2286.972,5336.268,525.3,4810.968,0.901560416
OI003769,O01503,P029,2,3811.62,0.3,262.65,7623.24,2286.972,5336.268,525.3,4810.968,0.901560416
OI003867,O01547,P029,2,3811.62,0.3,262.65,7623.24,2286.972,5336.268,525.3,4810.968,0.901560416
OI005119,O02037,P029,2,3811.62,0.3,262.65,7623.24,2286.972,5336.268,525.3,4810.968,0.901560416
OI000662,O00261,P052,4,5599.03,0.2,3277.37,22396.12,4479.224,17916.896,13109.48,4807.416,0.268317459
OI005469,O02173,P052,4,5599.03,0.2,3277.37,22396.12,4479.224,17916.896,13109.48,4807.416,0.268317459
OI003498,O01389,P046,2,6490.81,0.05,3763.21,12981.62,649.081,12332.539,7526.42,4806.119,0.389710424
OI004203,O01679,P046,2,6490.81,0.05,3763.21,12981.62,649.081,12332.539,7526.42,4806.119,0.389710424
OI000277,O00108,P024,2,6203.92,0.1,3183.57,12407.84,1240.784,11167.056,6367.14,4799.916,0.429828238
OI004775,O01911,P024,2,6203.92,0.1,3183.57,12407.84,1240.784,11167.056,6367.14,4799.916,0.429828238
OI005038,O02006,P024,2,6203.92,0.1,3183.57,12407.84,1240.784,11167.056,6367.14,4799.916,0.429828238
OI000656,O00257,P018,4,3329.63,0.3,1132.23,13318.52,3995.556,9322.964,4528.92,4794.044,0.514218869
OI001160,O00455,P018,4,3329.63,0.3,1132.23,13318.52,3995.556,9322.964,4528.92,4794.044,0.514218869
OI002913,O01157,P007,2,3880.55,0.1,1109.38,7761.1,776.11,6984.99,2218.76,4766.23,0.68235316
OI003898,O01559,P007,2,3880.55,0.1,1109.38,7761.1,776.11,6984.99,2218.76,4766.23,0.68235316
OI004194,O01675,P043,3,6217.67,0,4630.79,18653.01,0,18653.01,13892.37,4760.64,0.255221007
OI005121,O02038,P043,3,6217.67,0,4630.79,18653.01,0,18653.01,13892.37,4760.64,0.255221007
OI002303,O00910,P074,4,7323.07,0.2,4674.57,29292.28,5858.456,23433.824,18698.28,4735.544,0.202081572
OI003102,O01235,P074,4,7323.07,0.2,4674.57,29292.28,5858.456,23433.824,18698.28,4735.544,0.202081572
OI005047,O02009,P074,4,7323.07,0.2,4674.57,29292.28,5858.456,23433.824,18698.28,4735.544,0.202081572
OI000438,O00170,P047,2,6217.65,0,3858.64,12435.3,0,12435.3,7717.28,4718.02,0.379405402
OI003983,O01593,P047,2,6217.65,0,3858.64,12435.3,0,12435.3,7717.28,4718.02,0.379405402
OI000977,O00379,P020,3,5123.92,0,3551.75,15371.76,0,15371.76,10655.25,4716.51,0.306829537
OI002232,O00880,P020,3,5123.92,0,3551.75,15371.76,0,15371.76,10655.25,4716.51,0.306829537
OI002657,O01050,P020,3,5123.92,0,3551.75,15371.76,0,15371.76,10655.25,4716.51,0.306829537
OI005510,O02192,P020,3,5123.92,0,3551.75,15371.76,0,15371.76,10655.25,4716.51,0.306829537
OI002736,O01081,P015,1,7330.81,0.15,1525.08,7330.81,1099.6215,6231.1885,1525.08,4706.1085,0.755250543
OI003142,O01252,P015,1,7330.81,0.15,1525.08,7330.81,1099.6215,6231.1885,1525.08,4706.1085,0.755250543
OI003794,O01514,P015,1,7330.81,0.15,1525.08,7330.81,1099.6215,6231.1885,1525.08,4706.1085,0.755250543
OI004254,O01697,P015,1,7330.81,0.15,1525.08,7330.81,1099.6215,6231.1885,1525.08,4706.1085,0.755250543
OI002172,O00856,P014,1,5526.86,0,822.47,5526.86,0,5526.86,822.47,4704.39,0.85118675
OI002389,O00946,P014,1,5526.86,0,822.47,5526.86,0,5526.86,822.47,4704.39,0.85118675
OI002507,O00994,P014,1,5526.86,0,822.47,5526.86,0,5526.86,822.47,4704.39,0.85118675
OI002961,O01173,P014,1,5526.86,0,822.47,5526.86,0,5526.86,822.47,4704.39,0.85118675
OI003773,O01506,P014,1,5526.86,0,822.47,5526.86,0,5526.86,822.47,4704.39,0.85118675
OI005178,O02059,P014,1,5526.86,0,822.47,5526.86,0,5526.86,822.47,4704.39,0.85118675
OI005191,O02064,P014,1,5526.86,0,822.47,5526.86,0,5526.86,822.47,4704.39,0.85118675
OI002148,O00848,P008,3,5224.68,0.15,2873.574,15674.04,2351.106,13322.934,8620.722,4702.212,0.352941176
OI002641,O01044,P008,3,5224.68,0.15,2873.574,15674.04,2351.106,13322.934,8620.722,4702.212,0.352941176
OI004288,O01710,P008,3,5224.68,0.15,2873.574,15674.04,2351.106,13322.934,8620.722,4702.212,0.352941176
OI004583,O01839,P008,2,5224.68,0,2873.574,10449.36,0,10449.36,5747.148,4702.212,0.45
OI004771,O01909,P008,2,5224.68,0,2873.574,10449.36,0,10449.36,5747.148,4702.212,0.45
OI005203,O02069,P008,2,5224.68,0,2873.574,10449.36,0,10449.36,5747.148,4702.212,0.45
OI002302,O00910,P025,3,3270.83,0,1704.38,9812.49,0,9812.49,5113.14,4699.35,0.478915138
OI004246,O01694,P025,3,3270.83,0,1704.38,9812.49,0,9812.49,5113.14,4699.35,0.478915138
OI005305,O02109,P025,3,3270.83,0,1704.38,9812.49,0,9812.49,5113.14,4699.35,0.478915138
OI002040,O00803,P051,4,3109.99,0.2,1315.1,12439.96,2487.992,9951.968,5260.4,4691.568,0.47142113
OI002222,O00875,P051,4,3109.99,0.2,1315.1,12439.96,2487.992,9951.968,5260.4,4691.568,0.47142113
OI000884,O00346,P040,2,5866.02,0.3,1770.44,11732.04,3519.612,8212.428,3540.88,4671.548,0.568838838
OI001721,O00681,P040,2,5866.02,0.3,1770.44,11732.04,3519.612,8212.428,3540.88,4671.548,0.568838838
OI002170,O00856,P040,2,5866.02,0.3,1770.44,11732.04,3519.612,8212.428,3540.88,4671.548,0.568838838
OI003104,O01236,P040,2,5866.02,0.3,1770.44,11732.04,3519.612,8212.428,3540.88,4671.548,0.568838838
OI003210,O01277,P040,2,5866.02,0.3,1770.44,11732.04,3519.612,8212.428,3540.88,4671.548,0.568838838
OI005306,O02109,P040,2,5866.02,0.3,1770.44,11732.04,3519.612,8212.428,3540.88,4671.548,0.568838838
OI001911,O00754,P071,3,3503.29,0.3,896.72,10509.87,3152.961,7356.909,2690.16,4666.749,0.634335561
OI001095,O00426,P061,1,5698.31,0.15,186.41,5698.31,854.7465,4843.5635,186.41,4657.1535,0.961513873
OI001890,O00745,P061,1,5698.31,0.15,186.41,5698.31,854.7465,4843.5635,186.41,4657.1535,0.961513873
OI001895,O00747,P061,1,5698.31,0.15,186.41,5698.31,854.7465,4843.5635,186.41,4657.1535,0.961513873
OI002206,O00867,P061,1,5698.31,0.15,186.41,5698.31,854.7465,4843.5635,186.41,4657.1535,0.961513873
OI002352,O00933,P061,1,5698.31,0.15,186.41,5698.31,854.7465,4843.5635,186.41,4657.1535,0.961513873
OI002836,O01122,P061,1,5698.31,0.15,186.41,5698.31,854.7465,4843.5635,186.41,4657.1535,0.961513873
OI001766,O00701,P003,2,6285.84,0.1,3329.26,12571.68,1257.168,11314.512,6658.52,4655.992,0.411506214
OI002353,O00933,P003,2,6285.84,0.1,3329.26,12571.68,1257.168,11314.512,6658.52,4655.992,0.411506214
OI002886,O01145,P003,2,6285.84,0.1,3329.26,12571.68,1257.168,11314.512,6658.52,4655.992,0.411506214
OI001014,O00396,P074,3,7323.07,0.15,4674.57,21969.21,3295.3815,18673.8285,14023.71,4650.1185,0.24901795
OI001214,O00477,P074,3,7323.07,0.15,4674.57,21969.21,3295.3815,18673.8285,14023.71,4650.1185,0.24901795
OI002960,O01173,P074,3,7323.07,0.15,4674.57,21969.21,3295.3815,18673.8285,14023.71,4650.1185,0.24901795
OI000075,O00031,P068,1,7430.32,0.1,2041.8,7430.32,743.032,6687.288,2041.8,4645.488,0.694674433
OI000355,O00141,P068,1,7430.32,0.1,2041.8,7430.32,743.032,6687.288,2041.8,4645.488,0.694674433
OI002141,O00845,P068,1,7430.32,0.1,2041.8,7430.32,743.032,6687.288,2041.8,4645.488,0.694674433
OI003637,O01450,P068,1,7430.32,0.1,2041.8,7430.32,743.032,6687.288,2041.8,4645.488,0.694674433
OI004643,O01861,P068,1,7430.32,0.1,2041.8,7430.32,743.032,6687.288,2041.8,4645.488,0.694674433
OI003974,O01590,P052,2,5599.03,0,3277.37,11198.06,0,11198.06,6554.74,4643.32,0.414653967
OI005197,O02065,P052,2,5599.03,0,3277.37,11198.06,0,11198.06,6554.74,4643.32,0.414653967
OI005470,O02174,P052,2,5599.03,0,3277.37,11198.06,0,11198.06,6554.74,4643.32,0.414653967
OI001507,O00596,P024,4,6203.92,0.3,3183.57,24815.68,7444.704,17370.976,12734.28,4636.696,0.26692202
OI001513,O00598,P024,4,6203.92,0.3,3183.57,24815.68,7444.704,17370.976,12734.28,4636.696,0.26692202
OI005385,O02140,P024,4,6203.92,0.3,3183.57,24815.68,7444.704,17370.976,12734.28,4636.696,0.26692202
OI005415,O02152,P024,4,6203.92,0.3,3183.57,24815.68,7444.704,17370.976,12734.28,4636.696,0.26692202
OI001322,O00518,P030,1,6724.47,0,2090.3,6724.47,0,6724.47,2090.3,4634.17,0.689150223
OI001763,O00700,P030,1,6724.47,0,2090.3,6724.47,0,6724.47,2090.3,4634.17,0.689150223
OI002812,O01113,P030,1,6724.47,0,2090.3,6724.47,0,6724.47,2090.3,4634.17,0.689150223
OI005144,O02047,P030,1,6724.47,0,2090.3,6724.47,0,6724.47,2090.3,4634.17,0.689150223
OI003985,O01594,P076,4,1644.18,0,487.76,6576.72,0,6576.72,1951.04,4625.68,0.703341483
OI004454,O01788,P076,4,1644.18,0,487.76,6576.72,0,6576.72,1951.04,4625.68,0.703341483
OI005329,O02119,P066,2,6217.53,0,3905.53,12435.06,0,12435.06,7811.06,4624,0.371851845
OI005463,O02171,P066,2,6217.53,0,3905.53,12435.06,0,12435.06,7811.06,4624,0.371851845
OI000639,O00249,P006,2,4253.34,0.05,1733.75,8506.68,425.334,8081.346,3467.5,4613.846,0.570925437
OI003601,O01435,P006,2,4253.34,0.05,1733.75,8506.68,425.334,8081.346,3467.5,4613.846,0.570925437
OI003791,O01513,P006,2,4253.34,0.05,1733.75,8506.68,425.334,8081.346,3467.5,4613.846,0.570925437
OI004396,O01762,P006,2,4253.34,0.05,1733.75,8506.68,425.334,8081.346,3467.5,4613.846,0.570925437
OI003230,O01285,P010,1,7442.3,0.2,1346.4,7442.3,1488.46,5953.84,1346.4,4607.44,0.773860231
OI000056,O00022,P018,3,3329.63,0.2,1132.23,9988.89,1997.778,7991.112,3396.69,4594.422,0.57494151
OI002633,O01041,P018,3,3329.63,0.2,1132.23,9988.89,1997.778,7991.112,3396.69,4594.422,0.57494151
OI002818,O01115,P018,3,3329.63,0.2,1132.23,9988.89,1997.778,7991.112,3396.69,4594.422,0.57494151
OI002948,O01169,P023,1,6282.87,0.05,1387.27,6282.87,314.1435,5968.7265,1387.27,4581.4565,0.767576886
OI004549,O01826,P023,1,6282.87,0.05,1387.27,6282.87,314.1435,5968.7265,1387.27,4581.4565,0.767576886
OI000195,O00077,P028,2,6060.07,0.05,3474.32,12120.14,606.007,11514.133,6948.64,4565.493,0.396512095
OI000395,O00155,P028,2,6060.07,0.05,3474.32,12120.14,606.007,11514.133,6948.64,4565.493,0.396512095
OI002893,O01148,P028,2,6060.07,0.05,3474.32,12120.14,606.007,11514.133,6948.64,4565.493,0.396512095
OI005325,O02118,P074,2,7323.07,0.05,4674.57,14646.14,732.307,13913.833,9349.14,4564.693,0.328068693
OI000498,O00194,P067,2,3139.17,0.05,711.17,6278.34,313.917,5964.423,1422.34,4542.083,0.761529321
OI001982,O00782,P067,2,3139.17,0.05,711.17,6278.34,313.917,5964.423,1422.34,4542.083,0.761529321
OI003862,O01544,P067,2,3139.17,0.05,711.17,6278.34,313.917,5964.423,1422.34,4542.083,0.761529321
OI004413,O01768,P067,2,3139.17,0.05,711.17,6278.34,313.917,5964.423,1422.34,4542.083,0.761529321
OI000126,O00051,P080,4,5576.76,0,4441.52,22307.04,0,22307.04,17766.08,4540.96,0.203566228
OI002525,O01000,P080,4,5576.76,0,4441.52,22307.04,0,22307.04,17766.08,4540.96,0.203566228
OI004266,O01701,P080,4,5576.76,0,4441.52,22307.04,0,22307.04,17766.08,4540.96,0.203566228
OI004574,O01837,P080,4,5576.76,0,4441.52,22307.04,0,22307.04,17766.08,4540.96,0.203566228
OI000902,O00352,P071,2,3503.29,0.1,896.72,7006.58,700.658,6305.922,1793.44,4512.482,0.715594325
OI002874,O01138,P071,2,3503.29,0.1,896.72,7006.58,700.658,6305.922,1793.44,4512.482,0.715594325
OI004167,O01665,P071,2,3503.29,0.1,896.72,7006.58,700.658,6305.922,1793.44,4512.482,0.715594325
OI000424,O00165,P022,2,5959.11,0.1,3108.79,11918.22,1191.822,10726.398,6217.58,4508.818,0.420347819
OI003652,O01458,P022,2,5959.11,0.1,3108.79,11918.22,1191.822,10726.398,6217.58,4508.818,0.420347819
OI004485,O01801,P022,2,5959.11,0.1,3108.79,11918.22,1191.822,10726.398,6217.58,4508.818,0.420347819
OI000430,O00167,P001,1,5060.04,0,594.86,5060.04,0,5060.04,594.86,4465.18,0.882439665
OI001333,O00522,P001,1,5060.04,0,594.86,5060.04,0,5060.04,594.86,4465.18,0.882439665
OI001990,O00785,P001,1,5060.04,0,594.86,5060.04,0,5060.04,594.86,4465.18,0.882439665
OI004331,O01732,P001,1,5060.04,0,594.86,5060.04,0,5060.04,594.86,4465.18,0.882439665
OI000574,O00224,P047,4,6217.65,0.2,3858.64,24870.6,4974.12,19896.48,15434.56,4461.92,0.224256753
OI000582,O00228,P047,4,6217.65,0.2,3858.64,24870.6,4974.12,19896.48,15434.56,4461.92,0.224256753
OI003933,O01575,P047,4,6217.65,0.2,3858.64,24870.6,4974.12,19896.48,15434.56,4461.92,0.224256753
OI001353,O00527,P067,3,3139.17,0.3,711.17,9417.51,2825.253,6592.257,2133.51,4458.747,0.676361222
OI002669,O01055,P067,3,3139.17,0.3,711.17,9417.51,2825.253,6592.257,2133.51,4458.747,0.676361222
OI002899,O01149,P067,3,3139.17,0.3,711.17,9417.51,2825.253,6592.257,2133.51,4458.747,0.676361222
OI003074,O01220,P067,3,3139.17,0.3,711.17,9417.51,2825.253,6592.257,2133.51,4458.747,0.676361222
OI004706,O01885,P067,3,3139.17,0.3,711.17,9417.51,2825.253,6592.257,2133.51,4458.747,0.676361222
OI005225,O02078,P067,3,3139.17,0.3,711.17,9417.51,2825.253,6592.257,2133.51,4458.747,0.676361222
OI001340,O00524,P057,2,3618.93,0.05,1211.45,7237.86,361.893,6875.967,2422.9,4453.067,0.647627745
OI003062,O01216,P057,2,3618.93,0.05,1211.45,7237.86,361.893,6875.967,2422.9,4453.067,0.647627745
OI004752,O01904,P057,2,3618.93,0.05,1211.45,7237.86,361.893,6875.967,2422.9,4453.067,0.647627745
OI000529,O00207,P051,3,3109.99,0.1,1315.1,9329.97,932.997,8396.973,3945.3,4451.673,0.530152116
OI004926,O01965,P051,3,3109.99,0.1,1315.1,9329.97,932.997,8396.973,3945.3,4451.673,0.530152116
OI001681,O00668,P052,3,5599.03,0.15,3277.37,16797.09,2519.5635,14277.5265,9832.11,4445.4165,0.311357608
OI002412,O00954,P052,3,5599.03,0.15,3277.37,16797.09,2519.5635,14277.5265,9832.11,4445.4165,0.311357608
OI003351,O01333,P052,3,5599.03,0.15,3277.37,16797.09,2519.5635,14277.5265,9832.11,4445.4165,0.311357608
OI004303,O01719,P052,3,5599.03,0.15,3277.37,16797.09,2519.5635,14277.5265,9832.11,4445.4165,0.311357608
OI004987,O01986,P052,3,5599.03,0.15,3277.37,16797.09,2519.5635,14277.5265,9832.11,4445.4165,0.311357608
OI003435,O01364,P014,1,5526.86,0.05,822.47,5526.86,276.343,5250.517,822.47,4428.047,0.843354473
OI003834,O01532,P014,1,5526.86,0.05,822.47,5526.86,276.343,5250.517,822.47,4428.047,0.843354473
OI000268,O00106,P018,2,3329.63,0,1132.23,6659.26,0,6659.26,2264.46,4394.8,0.659953208
OI004084,O01635,P018,2,3329.63,0,1132.23,6659.26,0,6659.26,2264.46,4394.8,0.659953208
OI004996,O01989,P018,2,3329.63,0,1132.23,6659.26,0,6659.26,2264.46,4394.8,0.659953208
OI001366,O00532,P073,3,6594.36,0.3,3155.39,19783.08,5934.924,13848.156,9466.17,4381.986,0.316431011
OI003008,O01193,P073,3,6594.36,0.3,3155.39,19783.08,5934.924,13848.156,9466.17,4381.986,0.316431011
OI003411,O01356,P073,3,6594.36,0.3,3155.39,19783.08,5934.924,13848.156,9466.17,4381.986,0.316431011
OI005289,O02102,P073,3,6594.36,0.3,3155.39,19783.08,5934.924,13848.156,9466.17,4381.986,0.316431011
OI000726,O00286,P032,2,6623.25,0.2,3109.6,13246.5,2649.3,10597.2,6219.2,4378,0.413127996
OI001271,O00497,P032,2,6623.25,0.2,3109.6,13246.5,2649.3,10597.2,6219.2,4378,0.413127996
OI002560,O01013,P032,2,6623.25,0.2,3109.6,13246.5,2649.3,10597.2,6219.2,4378,0.413127996
OI005042,O02007,P032,2,6623.25,0.2,3109.6,13246.5,2649.3,10597.2,6219.2,4378,0.413127996
OI004639,O01860,P061,1,5698.31,0.2,186.41,5698.31,1139.662,4558.648,186.41,4372.238,0.95910849
OI005192,O02064,P061,1,5698.31,0.2,186.41,5698.31,1139.662,4558.648,186.41,4372.238,0.95910849
OI001695,O00672,P015,1,7330.81,0.2,1525.08,7330.81,1466.162,5864.648,1525.08,4339.568,0.739953702
OI005522,O02197,P015,1,7330.81,0.2,1525.08,7330.81,1466.162,5864.648,1525.08,4339.568,0.739953702
OI000776,O00303,P054,1,5704.38,0,1400.37,5704.38,0,5704.38,1400.37,4304.01,0.754509693
OI002457,O00976,P054,1,5704.38,0,1400.37,5704.38,0,5704.38,1400.37,4304.01,0.754509693
OI003726,O01488,P054,1,5704.38,0,1400.37,5704.38,0,5704.38,1400.37,4304.01,0.754509693
OI004935,O01968,P054,1,5704.38,0,1400.37,5704.38,0,5704.38,1400.37,4304.01,0.754509693
OI005014,O01997,P054,1,5704.38,0,1400.37,5704.38,0,5704.38,1400.37,4304.01,0.754509693
OI002491,O00986,P025,4,3270.83,0.15,1704.38,13083.32,1962.498,11120.822,6817.52,4303.302,0.386958986
OI005184,O02061,P025,4,3270.83,0.15,1704.38,13083.32,1962.498,11120.822,6817.52,4303.302,0.386958986
OI000214,O00086,P030,1,6724.47,0.05,2090.3,6724.47,336.2235,6388.2465,2090.3,4297.9465,0.672789708
OI001376,O00538,P030,1,6724.47,0.05,2090.3,6724.47,336.2235,6388.2465,2090.3,4297.9465,0.672789708
OI002097,O00828,P030,1,6724.47,0.05,2090.3,6724.47,336.2235,6388.2465,2090.3,4297.9465,0.672789708
OI005105,O02032,P030,1,6724.47,0.05,2090.3,6724.47,336.2235,6388.2465,2090.3,4297.9465,0.672789708
OI005210,O02072,P030,1,6724.47,0.05,2090.3,6724.47,336.2235,6388.2465,2090.3,4297.9465,0.672789708
OI002039,O00803,P076,4,1644.18,0.05,487.76,6576.72,328.836,6247.884,1951.04,4296.844,0.687727877
OI002340,O00928,P076,4,1644.18,0.05,487.76,6576.72,328.836,6247.884,1951.04,4296.844,0.687727877
OI002939,O01167,P076,4,1644.18,0.05,487.76,6576.72,328.836,6247.884,1951.04,4296.844,0.687727877
OI003804,O01517,P076,4,1644.18,0.05,487.76,6576.72,328.836,6247.884,1951.04,4296.844,0.687727877
OI004384,O01755,P076,4,1644.18,0.05,487.76,6576.72,328.836,6247.884,1951.04,4296.844,0.687727877
OI001181,O00463,P046,3,6490.81,0.2,3763.21,19472.43,3894.486,15577.944,11289.63,4288.314,0.275281128
OI005269,O02095,P046,3,6490.81,0.2,3763.21,19472.43,3894.486,15577.944,11289.63,4288.314,0.275281128
OI002333,O00925,P003,4,6285.84,0.3,3329.26,25143.36,7543.008,17600.352,13317.04,4283.312,0.243365133
OI002757,O01089,P003,4,6285.84,0.3,3329.26,25143.36,7543.008,17600.352,13317.04,4283.312,0.243365133
OI003005,O01192,P047,3,6217.65,0.15,3858.64,18652.95,2797.9425,15855.0075,11575.92,4279.0875,0.269888709
OI004928,O01966,P047,3,6217.65,0.15,3858.64,18652.95,2797.9425,15855.0075,11575.92,4279.0875,0.269888709
OI005424,O02154,P047,3,6217.65,0.15,3858.64,18652.95,2797.9425,15855.0075,11575.92,4279.0875,0.269888709
OI002843,O01125,P066,4,6217.53,0.2,3905.53,24870.12,4974.024,19896.096,15622.12,4273.976,0.214814806
OI005249,O02085,P066,4,6217.53,0.2,3905.53,24870.12,4974.024,19896.096,15622.12,4273.976,0.214814806
OI001638,O00649,P068,1,7430.32,0.15,2041.8,7430.32,1114.548,6315.772,2041.8,4273.972,0.676714106
OI002788,O01102,P068,1,7430.32,0.15,2041.8,7430.32,1114.548,6315.772,2041.8,4273.972,0.676714106
OI003173,O01265,P068,1,7430.32,0.15,2041.8,7430.32,1114.548,6315.772,2041.8,4273.972,0.676714106
OI001209,O00475,P023,1,6282.87,0.1,1387.27,6282.87,628.287,5654.583,1387.27,4267.313,0.754664491
OI003176,O01267,P023,1,6282.87,0.1,1387.27,6282.87,628.287,5654.583,1387.27,4267.313,0.754664491
OI003788,O01512,P023,1,6282.87,0.1,1387.27,6282.87,628.287,5654.583,1387.27,4267.313,0.754664491
OI000120,O00049,P022,4,5959.11,0.3,3108.79,23836.44,7150.932,16685.508,12435.16,4250.348,0.25473291
OI001777,O00704,P022,4,5959.11,0.3,3108.79,23836.44,7150.932,16685.508,12435.16,4250.348,0.25473291
OI004500,O01808,P022,4,5959.11,0.3,3108.79,23836.44,7150.932,16685.508,12435.16,4250.348,0.25473291
OI005015,O01998,P022,4,5959.11,0.3,3108.79,23836.44,7150.932,16685.508,12435.16,4250.348,0.25473291
OI002766,O01092,P073,2,6594.36,0.2,3155.39,13188.72,2637.744,10550.976,6310.78,4240.196,0.401877134
OI004942,O01970,P020,4,5123.92,0.1,3551.75,20495.68,2049.568,18446.112,14207,4239.112,0.229810596
OI005078,O02021,P020,4,5123.92,0.1,3551.75,20495.68,2049.568,18446.112,14207,4239.112,0.229810596
OI000979,O00380,P067,2,3139.17,0.1,711.17,6278.34,627.834,5650.506,1422.34,4228.166,0.74828095
OI001025,O00401,P067,2,3139.17,0.1,711.17,6278.34,627.834,5650.506,1422.34,4228.166,0.74828095
OI004512,O01814,P067,2,3139.17,0.1,711.17,6278.34,627.834,5650.506,1422.34,4228.166,0.74828095
OI004856,O01943,P001,1,5060.04,0.05,594.86,5060.04,253.002,4807.038,594.86,4212.178,0.876252278
OI000224,O00089,P025,3,3270.83,0.05,1704.38,9812.49,490.6245,9321.8655,5113.14,4208.7255,0.451489619
OI001619,O00642,P025,3,3270.83,0.05,1704.38,9812.49,490.6245,9321.8655,5113.14,4208.7255,0.451489619
OI002183,O00860,P025,3,3270.83,0.05,1704.38,9812.49,490.6245,9321.8655,5113.14,4208.7255,0.451489619
OI002621,O01037,P025,3,3270.83,0.05,1704.38,9812.49,490.6245,9321.8655,5113.14,4208.7255,0.451489619
OI002704,O01067,P025,3,3270.83,0.05,1704.38,9812.49,490.6245,9321.8655,5113.14,4208.7255,0.451489619
OI001419,O00557,P006,2,4253.34,0.1,1733.75,8506.68,850.668,7656.012,3467.5,4188.512,0.547087962
OI004195,O01676,P006,2,4253.34,0.1,1733.75,8506.68,850.668,7656.012,3467.5,4188.512,0.547087962
OI002786,O01101,P008,2,5224.68,0.05,2873.574,10449.36,522.468,9926.892,5747.148,4179.744,0.421052632
OI002819,O01116,P008,2,5224.68,0.05,2873.574,10449.36,522.468,9926.892,5747.148,4179.744,0.421052632
OI005149,O02049,P008,2,5224.68,0.05,2873.574,10449.36,522.468,9926.892,5747.148,4179.744,0.421052632
OI000341,O00137,P024,2,6203.92,0.15,3183.57,12407.84,1861.176,10546.664,6367.14,4179.524,0.396288722
OI002221,O00875,P024,2,6203.92,0.15,3183.57,12407.84,1861.176,10546.664,6367.14,4179.524,0.396288722
OI003817,O01523,P024,2,6203.92,0.15,3183.57,12407.84,1861.176,10546.664,6367.14,4179.524,0.396288722
OI004469,O01795,P024,2,6203.92,0.15,3183.57,12407.84,1861.176,10546.664,6367.14,4179.524,0.396288722
OI002358,O00935,P071,2,3503.29,0.15,896.72,7006.58,1050.987,5955.593,1793.44,4162.153,0.69886458
OI004667,O01872,P071,2,3503.29,0.15,896.72,7006.58,1050.987,5955.593,1793.44,4162.153,0.69886458
OI005055,O02011,P071,2,3503.29,0.15,896.72,7006.58,1050.987,5955.593,1793.44,4162.153,0.69886458
OI000116,O00047,P046,2,6490.81,0.1,3763.21,12981.62,1298.162,11683.458,7526.42,4157.038,0.355805447
OI002968,O01175,P046,2,6490.81,0.1,3763.21,12981.62,1298.162,11683.458,7526.42,4157.038,0.355805447
OI005300,O02106,P046,2,6490.81,0.1,3763.21,12981.62,1298.162,11683.458,7526.42,4157.038,0.355805447
OI003263,O01298,P005,2,3320.34,0.3,245.87,6640.68,1992.204,4648.476,491.74,4156.736,0.894214792
OI003346,O01331,P005,2,3320.34,0.3,245.87,6640.68,1992.204,4648.476,491.74,4156.736,0.894214792
OI000272,O00107,P014,1,5526.86,0.1,822.47,5526.86,552.686,4974.174,822.47,4151.704,0.834651944
OI002356,O00934,P014,1,5526.86,0.1,822.47,5526.86,552.686,4974.174,822.47,4151.704,0.834651944
OI002987,O01183,P014,1,5526.86,0.1,822.47,5526.86,552.686,4974.174,822.47,4151.704,0.834651944
OI003284,O01307,P014,1,5526.86,0.1,822.47,5526.86,552.686,4974.174,822.47,4151.704,0.834651944
OI003997,O01598,P014,1,5526.86,0.1,822.47,5526.86,552.686,4974.174,822.47,4151.704,0.834651944
OI004598,O01845,P066,3,6217.53,0.15,3905.53,18652.59,2797.8885,15854.7015,11716.59,4138.1115,0.26100217
OI003386,O01346,P077,4,1850.78,0,819.29,7403.12,0,7403.12,3277.16,4125.96,0.557327181
OI003523,O01401,P077,4,1850.78,0,819.29,7403.12,0,7403.12,3277.16,4125.96,0.557327181
OI004836,O01935,P077,4,1850.78,0,819.29,7403.12,0,7403.12,3277.16,4125.96,0.557327181
OI003790,O01513,P028,3,6060.07,0.2,3474.32,18180.21,3636.042,14544.168,10422.96,4121.208,0.283358113
OI004925,O01965,P028,3,6060.07,0.2,3474.32,18180.21,3636.042,14544.168,10422.96,4121.208,0.283358113
OI001067,O00416,P040,1,5866.02,0,1770.44,5866.02,0,5866.02,1770.44,4095.58,0.698187187
OI004576,O01837,P040,1,5866.02,0,1770.44,5866.02,0,5866.02,1770.44,4095.58,0.698187187
OI000744,O00294,P057,2,3618.93,0.1,1211.45,7237.86,723.786,6514.074,2422.9,4091.174,0.628051508
OI002190,O00862,P057,2,3618.93,0.1,1211.45,7237.86,723.786,6514.074,2422.9,4091.174,0.628051508
OI003017,O01196,P057,2,3618.93,0.1,1211.45,7237.86,723.786,6514.074,2422.9,4091.174,0.628051508
OI003931,O01575,P057,2,3618.93,0.1,1211.45,7237.86,723.786,6514.074,2422.9,4091.174,0.628051508
OI005447,O02165,P057,2,3618.93,0.1,1211.45,7237.86,723.786,6514.074,2422.9,4091.174,0.628051508
OI003406,O01354,P078,4,5006.54,0,3985.08,20026.16,0,20026.16,15940.32,4085.84,0.204025135
OI004294,O01713,P078,4,5006.54,0,3985.08,20026.16,0,20026.16,15940.32,4085.84,0.204025135
OI004674,O01875,P078,4,5006.54,0,3985.08,20026.16,0,20026.16,15940.32,4085.84,0.204025135
OI003343,O01328,P052,2,5599.03,0.05,3277.37,11198.06,559.903,10638.157,6554.74,4083.417,0.383846281
OI000302,O00119,P018,2,3329.63,0.05,1132.23,6659.26,332.963,6326.297,2264.46,4061.837,0.642056008
OI001557,O00618,P018,2,3329.63,0.05,1132.23,6659.26,332.963,6326.297,2264.46,4061.837,0.642056008
OI003655,O01459,P018,2,3329.63,0.05,1132.23,6659.26,332.963,6326.297,2264.46,4061.837,0.642056008
OI001743,O00691,P075,4,6578.23,0.1,4906.98,26312.92,2631.292,23681.628,19627.92,4053.708,0.171175225
OI001865,O00736,P075,4,6578.23,0.1,4906.98,26312.92,2631.292,23681.628,19627.92,4053.708,0.171175225
OI002095,O00826,P075,4,6578.23,0.1,4906.98,26312.92,2631.292,23681.628,19627.92,4053.708,0.171175225
OI002285,O00902,P075,4,6578.23,0.1,4906.98,26312.92,2631.292,23681.628,19627.92,4053.708,0.171175225
OI000394,O00154,P012,2,3994.33,0.3,777.41,7988.66,2396.598,5592.062,1554.82,4037.242,0.721959449
OI004133,O01654,P012,2,3994.33,0.3,777.41,7988.66,2396.598,5592.062,1554.82,4037.242,0.721959449
OI004904,O01958,P012,2,3994.33,0.3,777.41,7988.66,2396.598,5592.062,1554.82,4037.242,0.721959449
OI004969,O01979,P012,2,3994.33,0.3,777.41,7988.66,2396.598,5592.062,1554.82,4037.242,0.721959449
OI001017,O00397,P003,2,6285.84,0.15,3329.26,12571.68,1885.752,10685.928,6658.52,4027.408,0.376888933
OI003968,O01588,P003,2,6285.84,0.15,3329.26,12571.68,1885.752,10685.928,6658.52,4027.408,0.376888933
OI004061,O01625,P075,3,6578.23,0.05,4906.98,19734.69,986.7345,18747.9555,14720.94,4027.0155,0.214797582
OI001844,O00729,P054,1,5704.38,0.05,1400.37,5704.38,285.219,5419.161,1400.37,4018.791,0.74158915
OI002697,O01065,P054,1,5704.38,0.05,1400.37,5704.38,285.219,5419.161,1400.37,4018.791,0.74158915
OI003721,O01486,P054,1,5704.38,0.05,1400.37,5704.38,285.219,5419.161,1400.37,4018.791,0.74158915
OI005049,O02009,P054,1,5704.38,0.05,1400.37,5704.38,285.219,5419.161,1400.37,4018.791,0.74158915
OI003204,O01275,P066,2,6217.53,0.05,3905.53,12435.06,621.753,11813.307,7811.06,4002.247,0.338791415
OI005429,O02156,P066,2,6217.53,0.05,3905.53,12435.06,621.753,11813.307,7811.06,4002.247,0.338791415
OI004957,O01975,P007,2,3880.55,0.2,1109.38,7761.1,1552.22,6208.88,2218.76,3990.12,0.642647305
OI000540,O00212,P051,3,3109.99,0.15,1315.1,9329.97,1399.4955,7930.4745,3945.3,3985.1745,0.502514005
OI001326,O00519,P051,3,3109.99,0.15,1315.1,9329.97,1399.4955,7930.4745,3945.3,3985.1745,0.502514005
OI001795,O00710,P076,4,1644.18,0.1,487.76,6576.72,657.672,5919.048,1951.04,3968.008,0.670379426
OI003027,O01201,P076,4,1644.18,0.1,487.76,6576.72,657.672,5919.048,1951.04,3968.008,0.670379426
OI003040,O01209,P076,4,1644.18,0.1,487.76,6576.72,657.672,5919.048,1951.04,3968.008,0.670379426
OI003949,O01580,P076,4,1644.18,0.1,487.76,6576.72,657.672,5919.048,1951.04,3968.008,0.670379426
OI005460,O02169,P076,4,1644.18,0.1,487.76,6576.72,657.672,5919.048,1951.04,3968.008,0.670379426
OI000175,O00070,P057,3,3618.93,0.3,1211.45,10856.79,3257.037,7599.753,3634.35,3965.403,0.52178051
OI003381,O01343,P057,3,3618.93,0.3,1211.45,10856.79,3257.037,7599.753,3634.35,3965.403,0.52178051
OI003751,O01496,P057,3,3618.93,0.3,1211.45,10856.79,3257.037,7599.753,3634.35,3965.403,0.52178051
OI005071,O02017,P057,3,3618.93,0.3,1211.45,10856.79,3257.037,7599.753,3634.35,3965.403,0.52178051
OI000107,O00044,P030,1,6724.47,0.1,2090.3,6724.47,672.447,6052.023,2090.3,3961.723,0.654611359
OI001092,O00425,P030,1,6724.47,0.1,2090.3,6724.47,672.447,6052.023,2090.3,3961.723,0.654611359
OI001596,O00633,P030,1,6724.47,0.1,2090.3,6724.47,672.447,6052.023,2090.3,3961.723,0.654611359
OI001899,O00749,P030,1,6724.47,0.1,2090.3,6724.47,672.447,6052.023,2090.3,3961.723,0.654611359
OI004614,O01850,P030,1,6724.47,0.1,2090.3,6724.47,672.447,6052.023,2090.3,3961.723,0.654611359
OI000227,O00091,P028,2,6060.07,0.1,3474.32,12120.14,1212.014,10908.126,6948.64,3959.486,0.362984989
OI000510,O00200,P028,2,6060.07,0.1,3474.32,12120.14,1212.014,10908.126,6948.64,3959.486,0.362984989
OI001465,O00577,P028,2,6060.07,0.1,3474.32,12120.14,1212.014,10908.126,6948.64,3959.486,0.362984989
OI002306,O00912,P028,2,6060.07,0.1,3474.32,12120.14,1212.014,10908.126,6948.64,3959.486,0.362984989
OI001599,O00635,P001,1,5060.04,0.1,594.86,5060.04,506.004,4554.036,594.86,3959.176,0.869377405
OI004049,O01619,P001,1,5060.04,0.1,594.86,5060.04,506.004,4554.036,594.86,3959.176,0.869377405
OI001674,O00667,P023,1,6282.87,0.15,1387.27,6282.87,942.4305,5340.4395,1387.27,3953.1695,0.74023299
OI000253,O00101,P020,3,5123.92,0.05,3551.75,15371.76,768.588,14603.172,10655.25,3947.922,0.270346881
OI002178,O00859,P020,3,5123.92,0.05,3551.75,15371.76,768.588,14603.172,10655.25,3947.922,0.270346881
OI002965,O01174,P020,3,5123.92,0.05,3551.75,15371.76,768.588,14603.172,10655.25,3947.922,0.270346881
OI003829,O01530,P020,3,5123.92,0.05,3551.75,15371.76,768.588,14603.172,10655.25,3947.922,0.270346881
OI004964,O01977,P020,3,5123.92,0.05,3551.75,15371.76,768.588,14603.172,10655.25,3947.922,0.270346881
OI004324,O01730,P008,3,5224.68,0.2,2873.574,15674.04,3134.808,12539.232,8620.722,3918.51,0.3125
OI005332,O02120,P008,3,5224.68,0.2,2873.574,15674.04,3134.808,12539.232,8620.722,3918.51,0.3125
OI004791,O01917,P022,2,5959.11,0.15,3108.79,11918.22,1787.733,10130.487,6217.58,3912.907,0.386250631
OI001661,O00660,P068,1,7430.32,0.2,2041.8,7430.32,1486.064,5944.256,2041.8,3902.456,0.656508737
OI000079,O00033,P014,1,5526.86,0.15,822.47,5526.86,829.029,4697.831,822.47,3875.361,0.824925588
OI002153,O00849,P014,1,5526.86,0.15,822.47,5526.86,829.029,4697.831,822.47,3875.361,0.824925588
OI004632,O01857,P014,1,5526.86,0.15,822.47,5526.86,829.029,4697.831,822.47,3875.361,0.824925588
OI000288,O00114,P010,1,7442.3,0.3,1346.4,7442.3,2232.69,5209.61,1346.4,3863.21,0.74155455
OI002278,O00899,P043,4,6217.67,0.1,4630.79,24870.68,2487.068,22383.612,18523.16,3860.452,0.172467786
OI001622,O00644,P074,2,7323.07,0.1,4674.57,14646.14,1464.614,13181.526,9349.14,3832.386,0.290739175
OI001395,O00546,P043,3,6217.67,0.05,4630.79,18653.01,932.6505,17720.3595,13892.37,3827.9895,0.216022113
OI004290,O01711,P043,3,6217.67,0.05,4630.79,18653.01,932.6505,17720.3595,13892.37,3827.9895,0.216022113
OI004958,O01975,P043,3,6217.67,0.05,4630.79,18653.01,932.6505,17720.3595,13892.37,3827.9895,0.216022113
OI000904,O00353,P071,2,3503.29,0.2,896.72,7006.58,1401.316,5605.264,1793.44,3811.824,0.680043616
OI002644,O01046,P071,2,3503.29,0.2,896.72,7006.58,1401.316,5605.264,1793.44,3811.824,0.680043616
OI002971,O01176,P071,2,3503.29,0.2,896.72,7006.58,1401.316,5605.264,1793.44,3811.824,0.680043616
OI003727,O01488,P071,2,3503.29,0.2,896.72,7006.58,1401.316,5605.264,1793.44,3811.824,0.680043616
OI003959,O01584,P071,2,3503.29,0.2,896.72,7006.58,1401.316,5605.264,1793.44,3811.824,0.680043616
OI004678,O01876,P071,2,3503.29,0.2,896.72,7006.58,1401.316,5605.264,1793.44,3811.824,0.680043616
OI000488,O00189,P061,1,5698.31,0.3,186.41,5698.31,1709.493,3988.817,186.41,3802.407,0.953266846
OI002323,O00920,P061,1,5698.31,0.3,186.41,5698.31,1709.493,3988.817,186.41,3802.407,0.953266846
OI005348,O02126,P061,1,5698.31,0.3,186.41,5698.31,1709.493,3988.817,186.41,3802.407,0.953266846
OI000029,O00014,P040,1,5866.02,0.05,1770.44,5866.02,293.301,5572.719,1770.44,3802.279,0.682302302
OI001729,O00685,P040,1,5866.02,0.05,1770.44,5866.02,293.301,5572.719,1770.44,3802.279,0.682302302
OI002503,O00992,P040,1,5866.02,0.05,1770.44,5866.02,293.301,5572.719,1770.44,3802.279,0.682302302
OI002553,O01010,P040,1,5866.02,0.05,1770.44,5866.02,293.301,5572.719,1770.44,3802.279,0.682302302
OI003412,O01356,P040,1,5866.02,0.05,1770.44,5866.02,293.301,5572.719,1770.44,3802.279,0.682302302
OI003561,O01416,P040,1,5866.02,0.05,1770.44,5866.02,293.301,5572.719,1770.44,3802.279,0.682302302
OI003716,O01484,P040,1,5866.02,0.05,1770.44,5866.02,293.301,5572.719,1770.44,3802.279,0.682302302
OI004979,O01982,P040,1,5866.02,0.05,1770.44,5866.02,293.301,5572.719,1770.44,3802.279,0.682302302
OI003000,O01190,P027,2,5678.95,0.3,2088.43,11357.9,3407.37,7950.53,4176.86,3773.67,0.474643829
OI000238,O00096,P006,2,4253.34,0.15,1733.75,8506.68,1276.002,7230.678,3467.5,3763.178,0.520446077
OI000796,O00314,P006,2,4253.34,0.15,1733.75,8506.68,1276.002,7230.678,3467.5,3763.178,0.520446077
OI001202,O00472,P006,2,4253.34,0.15,1733.75,8506.68,1276.002,7230.678,3467.5,3763.178,0.520446077
OI001696,O00673,P006,2,4253.34,0.15,1733.75,8506.68,1276.002,7230.678,3467.5,3763.178,0.520446077
OI002063,O00815,P006,2,4253.34,0.15,1733.75,8506.68,1276.002,7230.678,3467.5,3763.178,0.520446077
OI004434,O01777,P006,2,4253.34,0.15,1733.75,8506.68,1276.002,7230.678,3467.5,3763.178,0.520446077
OI003818,O01524,P077,4,1850.78,0.05,819.29,7403.12,370.156,7032.964,3277.16,3755.804,0.534028612
OI001614,O00640,P054,1,5704.38,0.1,1400.37,5704.38,570.438,5133.942,1400.37,3733.572,0.727232992
OI004073,O01629,P054,1,5704.38,0.1,1400.37,5704.38,570.438,5133.942,1400.37,3733.572,0.727232992
OI004364,O01747,P054,1,5704.38,0.1,1400.37,5704.38,570.438,5133.942,1400.37,3733.572,0.727232992
OI000155,O00063,P011,1,7495.81,0.05,3389.07,7495.81,374.7905,7121.0195,3389.07,3731.9495,0.524075169
OI000562,O00220,P011,1,7495.81,0.05,3389.07,7495.81,374.7905,7121.0195,3389.07,3731.9495,0.524075169
OI001500,O00592,P011,1,7495.81,0.05,3389.07,7495.81,374.7905,7121.0195,3389.07,3731.9495,0.524075169
OI001837,O00726,P011,1,7495.81,0.05,3389.07,7495.81,374.7905,7121.0195,3389.07,3731.9495,0.524075169
OI004208,O01681,P011,1,7495.81,0.05,3389.07,7495.81,374.7905,7121.0195,3389.07,3731.9495,0.524075169
OI004312,O01723,P011,1,7495.81,0.05,3389.07,7495.81,374.7905,7121.0195,3389.07,3731.9495,0.524075169
OI005345,O02126,P011,1,7495.81,0.05,3389.07,7495.81,374.7905,7121.0195,3389.07,3731.9495,0.524075169
OI001529,O00605,P057,2,3618.93,0.15,1211.45,7237.86,1085.679,6152.181,2422.9,3729.281,0.606172185
OI003318,O01320,P057,2,3618.93,0.15,1211.45,7237.86,1085.679,6152.181,2422.9,3729.281,0.606172185
OI003447,O01371,P057,2,3618.93,0.15,1211.45,7237.86,1085.679,6152.181,2422.9,3729.281,0.606172185
OI004041,O01616,P057,2,3618.93,0.15,1211.45,7237.86,1085.679,6152.181,2422.9,3729.281,0.606172185
OI001075,O00418,P018,2,3329.63,0.1,1132.23,6659.26,665.926,5993.334,2264.46,3728.874,0.622170231
OI002155,O00850,P018,2,3329.63,0.1,1132.23,6659.26,665.926,5993.334,2264.46,3728.874,0.622170231
OI003405,O01354,P025,3,3270.83,0.1,1704.38,9812.49,981.249,8831.241,5113.14,3718.101,0.42101682
OI000495,O00193,P011,2,7495.81,0.3,3389.07,14991.62,4497.486,10494.134,6778.14,3715.994,0.354102015
OI000508,O00199,P011,2,7495.81,0.3,3389.07,14991.62,4497.486,10494.134,6778.14,3715.994,0.354102015
OI003216,O01279,P011,2,7495.81,0.3,3389.07,14991.62,4497.486,10494.134,6778.14,3715.994,0.354102015
OI003858,O01543,P011,2,7495.81,0.3,3389.07,14991.62,4497.486,10494.134,6778.14,3715.994,0.354102015
OI005451,O02166,P011,2,7495.81,0.3,3389.07,14991.62,4497.486,10494.134,6778.14,3715.994,0.354102015
OI000459,O00179,P049,1,6189.2,0,2480.95,6189.2,0,6189.2,2480.95,3708.25,0.599148517
OI003669,O01463,P049,1,6189.2,0,2480.95,6189.2,0,6189.2,2480.95,3708.25,0.599148517
OI001979,O00781,P001,1,5060.04,0.15,594.86,5060.04,759.006,4301.034,594.86,3706.174,0.861693723
OI004265,O01701,P001,1,5060.04,0.15,594.86,5060.04,759.006,4301.034,594.86,3706.174,0.861693723
OI000481,O00188,P049,2,6189.2,0.3,2480.95,12378.4,3713.52,8664.88,4961.9,3702.98,0.427355024
OI002360,O00936,P049,2,6189.2,0.3,2480.95,12378.4,3713.52,8664.88,4961.9,3702.98,0.427355024
OI002882,O01142,P049,2,6189.2,0.3,2480.95,12378.4,3713.52,8664.88,4961.9,3702.98,0.427355024
OI005449,O02165,P049,2,6189.2,0.3,2480.95,12378.4,3713.52,8664.88,4961.9,3702.98,0.427355024
OI005512,O02193,P049,2,6189.2,0.3,2480.95,12378.4,3713.52,8664.88,4961.9,3702.98,0.427355024
OI002445,O00971,P056,2,5689.43,0.3,2138.41,11378.86,3413.658,7965.202,4276.82,3688.382,0.463061954
OI005123,O02038,P056,2,5689.43,0.3,2138.41,11378.86,3413.658,7965.202,4276.82,3688.382,0.463061954
OI000471,O00183,P008,2,5224.68,0.1,2873.574,10449.36,1044.936,9404.424,5747.148,3657.276,0.388888889
OI004599,O01845,P008,2,5224.68,0.1,2873.574,10449.36,1044.936,9404.424,5747.148,3657.276,0.388888889
OI005084,O02022,P008,2,5224.68,0.1,2873.574,10449.36,1044.936,9404.424,5747.148,3657.276,0.388888889
OI005493,O02186,P008,2,5224.68,0.1,2873.574,10449.36,1044.936,9404.424,5747.148,3657.276,0.388888889
OI002381,O00943,P070,1,4988.16,0.05,1084.07,4988.16,249.408,4738.752,1084.07,3654.682,0.771233017
OI003466,O01379,P055,4,3905.29,0,2991.91,15621.16,0,15621.16,11967.64,3653.52,0.233882759
OI004857,O01944,P055,4,3905.29,0,2991.91,15621.16,0,15621.16,11967.64,3653.52,0.233882759
OI001690,O00671,P025,4,3270.83,0.2,1704.38,13083.32,2616.664,10466.656,6817.52,3649.136,0.348643922
OI004330,O01732,P025,4,3270.83,0.2,1704.38,13083.32,2616.664,10466.656,6817.52,3649.136,0.348643922
OI000160,O00065,P076,4,1644.18,0.15,487.76,6576.72,986.508,5590.212,1951.04,3639.172,0.65098998
OI000815,O00321,P023,1,6282.87,0.2,1387.27,6282.87,1256.574,5026.296,1387.27,3639.026,0.723997552
OI000980,O00381,P030,1,6724.47,0.15,2090.3,6724.47,1008.6705,5715.7995,2090.3,3625.4995,0.63429438
OI002399,O00950,P030,1,6724.47,0.15,2090.3,6724.47,1008.6705,5715.7995,2090.3,3625.4995,0.63429438
OI001001,O00391,P015,1,7330.81,0.3,1525.08,7330.81,2199.243,5131.567,1525.08,3606.487,0.702804231
OI002451,O00973,P015,1,7330.81,0.3,1525.08,7330.81,2199.243,5131.567,1525.08,3606.487,0.702804231
OI004933,O01967,P015,1,7330.81,0.3,1525.08,7330.81,2199.243,5131.567,1525.08,3606.487,0.702804231
OI000631,O00247,P052,3,5599.03,0.2,3277.37,16797.09,3359.418,13437.672,9832.11,3605.562,0.268317459
OI000637,O00249,P052,3,5599.03,0.2,3277.37,16797.09,3359.418,13437.672,9832.11,3605.562,0.268317459
OI001165,O00457,P052,3,5599.03,0.2,3277.37,16797.09,3359.418,13437.672,9832.11,3605.562,0.268317459
OI004029,O01612,P067,2,3139.17,0.2,711.17,6278.34,1255.668,5022.672,1422.34,3600.332,0.716816069
OI000436,O00169,P014,1,5526.86,0.2,822.47,5526.86,1105.372,4421.488,822.47,3599.018,0.813983437
OI002087,O00822,P014,1,5526.86,0.2,822.47,5526.86,1105.372,4421.488,822.47,3599.018,0.813983437
OI003093,O01231,P014,1,5526.86,0.2,822.47,5526.86,1105.372,4421.488,822.47,3599.018,0.813983437
OI001291,O00504,P018,3,3329.63,0.3,1132.23,9988.89,2996.667,6992.223,3396.69,3595.533,0.514218869
OI002246,O00885,P018,3,3329.63,0.3,1132.23,9988.89,2996.667,6992.223,3396.69,3595.533,0.514218869
OI002350,O00931,P018,3,3329.63,0.3,1132.23,9988.89,2996.667,6992.223,3396.69,3595.533,0.514218869
OI002364,O00937,P018,3,3329.63,0.3,1132.23,9988.89,2996.667,6992.223,3396.69,3595.533,0.514218869
OI002378,O00942,P018,3,3329.63,0.3,1132.23,9988.89,2996.667,6992.223,3396.69,3595.533,0.514218869
OI003153,O01255,P018,3,3329.63,0.3,1132.23,9988.89,2996.667,6992.223,3396.69,3595.533,0.514218869
OI001110,O00434,P072,4,3098.66,0,2200.58,12394.64,0,12394.64,8802.32,3592.32,0.289828507
OI002416,O00957,P072,4,3098.66,0,2200.58,12394.64,0,12394.64,8802.32,3592.32,0.289828507
OI003368,O01339,P072,4,3098.66,0,2200.58,12394.64,0,12394.64,8802.32,3592.32,0.289828507
OI003939,O01577,P072,4,3098.66,0,2200.58,12394.64,0,12394.64,8802.32,3592.32,0.289828507
OI004399,O01763,P072,4,3098.66,0,2200.58,12394.64,0,12394.64,8802.32,3592.32,0.289828507
OI004606,O01848,P072,4,3098.66,0,2200.58,12394.64,0,12394.64,8802.32,3592.32,0.289828507
OI000299,O00118,P027,1,5678.95,0,2088.43,5678.95,0,5678.95,2088.43,3590.52,0.63225068
OI001940,O00766,P027,1,5678.95,0,2088.43,5678.95,0,5678.95,2088.43,3590.52,0.63225068
OI002709,O01069,P027,1,5678.95,0,2088.43,5678.95,0,5678.95,2088.43,3590.52,0.63225068
OI003717,O01484,P027,1,5678.95,0,2088.43,5678.95,0,5678.95,2088.43,3590.52,0.63225068
OI004263,O01701,P027,1,5678.95,0,2088.43,5678.95,0,5678.95,2088.43,3590.52,0.63225068
OI005440,O02161,P027,1,5678.95,0,2088.43,5678.95,0,5678.95,2088.43,3590.52,0.63225068
OI000860,O00339,P051,2,3109.99,0,1315.1,6219.98,0,6219.98,2630.2,3589.78,0.577136904
OI003329,O01324,P051,2,3109.99,0,1315.1,6219.98,0,6219.98,2630.2,3589.78,0.577136904
OI004962,O01977,P051,2,3109.99,0,1315.1,6219.98,0,6219.98,2630.2,3589.78,0.577136904
OI002202,O00866,P024,2,6203.92,0.2,3183.57,12407.84,2481.568,9926.272,6367.14,3559.132,0.358556767
OI003432,O01364,P024,2,6203.92,0.2,3183.57,12407.84,2481.568,9926.272,6367.14,3559.132,0.358556767
OI002257,O00890,P074,3,7323.07,0.2,4674.57,21969.21,4393.842,17575.368,14023.71,3551.658,0.202081572
OI002739,O01083,P074,3,7323.07,0.2,4674.57,21969.21,4393.842,17575.368,14023.71,3551.658,0.202081572
OI002805,O01108,P074,3,7323.07,0.2,4674.57,21969.21,4393.842,17575.368,14023.71,3551.658,0.202081572
OI003279,O01305,P074,3,7323.07,0.2,4674.57,21969.21,4393.842,17575.368,14023.71,3551.658,0.202081572
OI000820,O00323,P056,1,5689.43,0,2138.41,5689.43,0,5689.43,2138.41,3551.02,0.624143368
OI001053,O00410,P056,1,5689.43,0,2138.41,5689.43,0,5689.43,2138.41,3551.02,0.624143368
OI002252,O00888,P056,1,5689.43,0,2138.41,5689.43,0,5689.43,2138.41,3551.02,0.624143368
OI003784,O01510,P056,1,5689.43,0,2138.41,5689.43,0,5689.43,2138.41,3551.02,0.624143368
OI004106,O01644,P056,1,5689.43,0,2138.41,5689.43,0,5689.43,2138.41,3551.02,0.624143368
OI004117,O01648,P056,1,5689.43,0,2138.41,5689.43,0,5689.43,2138.41,3551.02,0.624143368
OI004951,O01972,P056,1,5689.43,0,2138.41,5689.43,0,5689.43,2138.41,3551.02,0.624143368
OI000771,O00301,P029,1,3811.62,0,262.65,3811.62,0,3811.62,262.65,3548.97,0.931092291
OI002027,O00799,P029,1,3811.62,0,262.65,3811.62,0,3811.62,262.65,3548.97,0.931092291
OI003342,O01328,P029,1,3811.62,0,262.65,3811.62,0,3811.62,262.65,3548.97,0.931092291
OI003364,O01337,P029,1,3811.62,0,262.65,3811.62,0,3811.62,262.65,3548.97,0.931092291
OI002377,O00942,P079,4,2345.86,0,1462.57,9383.44,0,9383.44,5850.28,3533.16,0.376531421
OI005018,O02000,P079,4,2345.86,0,1462.57,9383.44,0,9383.44,5850.28,3533.16,0.376531421
OI002668,O01054,P052,2,5599.03,0.1,3277.37,11198.06,1119.806,10078.254,6554.74,3523.514,0.349615519
OI002549,O01008,P051,3,3109.99,0.2,1315.1,9329.97,1865.994,7463.976,3945.3,3518.676,0.47142113
OI001139,O00445,P032,1,6623.25,0,3109.6,6623.25,0,6623.25,3109.6,3513.65,0.530502397
OI001977,O00781,P032,1,6623.25,0,3109.6,6623.25,0,6623.25,3109.6,3513.65,0.530502397
OI002049,O00809,P032,1,6623.25,0,3109.6,6623.25,0,6623.25,3109.6,3513.65,0.530502397
OI003467,O01379,P032,1,6623.25,0,3109.6,6623.25,0,6623.25,3109.6,3513.65,0.530502397
OI004091,O01638,P032,1,6623.25,0,3109.6,6623.25,0,6623.25,3109.6,3513.65,0.530502397
OI004357,O01744,P032,1,6623.25,0,3109.6,6623.25,0,6623.25,3109.6,3513.65,0.530502397
OI002319,O00918,P040,1,5866.02,0.1,1770.44,5866.02,586.602,5279.418,1770.44,3508.978,0.664652429
OI003757,O01498,P040,1,5866.02,0.1,1770.44,5866.02,586.602,5279.418,1770.44,3508.978,0.664652429
OI003506,O01392,P046,2,6490.81,0.15,3763.21,12981.62,1947.243,11034.377,7526.42,3507.957,0.31791165
OI005268,O02094,P046,2,6490.81,0.15,3763.21,12981.62,1947.243,11034.377,7526.42,3507.957,0.31791165
OI001659,O00659,P024,3,6203.92,0.3,3183.57,18611.76,5583.528,13028.232,9550.71,3477.522,0.26692202
OI002013,O00793,P024,3,6203.92,0.3,3183.57,18611.76,5583.528,13028.232,9550.71,3477.522,0.26692202
OI002583,O01022,P024,3,6203.92,0.3,3183.57,18611.76,5583.528,13028.232,9550.71,3477.522,0.26692202
OI003378,O01342,P024,3,6203.92,0.3,3183.57,18611.76,5583.528,13028.232,9550.71,3477.522,0.26692202
OI005080,O02021,P024,3,6203.92,0.3,3183.57,18611.76,5583.528,13028.232,9550.71,3477.522,0.26692202
OI000569,O00223,P047,2,6217.65,0.1,3858.64,12435.3,1243.53,11191.77,7717.28,3474.49,0.310450447
OI001926,O00761,P047,2,6217.65,0.1,3858.64,12435.3,1243.53,11191.77,7717.28,3474.49,0.310450447
OI003243,O01289,P076,3,1644.18,0,487.76,4932.54,0,4932.54,1463.28,3469.26,0.703341483
OI004470,O01796,P076,3,1644.18,0,487.76,4932.54,0,4932.54,1463.28,3469.26,0.703341483
OI000810,O00320,P001,1,5060.04,0.2,594.86,5060.04,1012.008,4048.032,594.86,3453.172,0.853049581
OI003993,O01597,P001,1,5060.04,0.2,594.86,5060.04,1012.008,4048.032,594.86,3453.172,0.853049581
OI000432,O00168,P054,1,5704.38,0.15,1400.37,5704.38,855.657,4848.723,1400.37,3448.353,0.711187874
OI001341,O00524,P054,1,5704.38,0.15,1400.37,5704.38,855.657,4848.723,1400.37,3448.353,0.711187874
OI002515,O00997,P054,1,5704.38,0.15,1400.37,5704.38,855.657,4848.723,1400.37,3448.353,0.711187874
OI002623,O01037,P054,1,5704.38,0.15,1400.37,5704.38,855.657,4848.723,1400.37,3448.353,0.711187874
OI004693,O01881,P054,1,5704.38,0.15,1400.37,5704.38,855.657,4848.723,1400.37,3448.353,0.711187874
OI002475,O00980,P051,4,3109.99,0.3,1315.1,12439.96,3731.988,8707.972,5260.4,3447.572,0.395909863
OI003272,O01303,P051,4,3109.99,0.3,1315.1,12439.96,3731.988,8707.972,5260.4,3447.572,0.395909863
OI004406,O01764,P051,4,3109.99,0.3,1315.1,12439.96,3731.988,8707.972,5260.4,3447.572,0.395909863
OI004915,O01963,P051,4,3109.99,0.3,1315.1,12439.96,3731.988,8707.972,5260.4,3447.572,0.395909863
OI001863,O00736,P080,4,5576.76,0.05,4441.52,22307.04,1115.352,21191.688,17766.08,3425.608,0.161648661
OI002530,O01002,P080,4,5576.76,0.05,4441.52,22307.04,1115.352,21191.688,17766.08,3425.608,0.161648661
OI003627,O01445,P080,4,5576.76,0.05,4441.52,22307.04,1115.352,21191.688,17766.08,3425.608,0.161648661
OI000069,O00028,P080,3,5576.76,0,4441.52,16730.28,0,16730.28,13324.56,3405.72,0.203566228
OI004422,O01770,P080,3,5576.76,0,4441.52,16730.28,0,16730.28,13324.56,3405.72,0.203566228
OI005056,O02011,P080,3,5576.76,0,4441.52,16730.28,0,16730.28,13324.56,3405.72,0.203566228
OI000538,O00211,P070,1,4988.16,0.1,1084.07,4988.16,498.816,4489.344,1084.07,3405.274,0.75852374
OI003160,O01258,P070,1,4988.16,0.1,1084.07,4988.16,498.816,4489.344,1084.07,3405.274,0.75852374
OI000443,O00172,P003,2,6285.84,0.2,3329.26,12571.68,2514.336,10057.344,6658.52,3398.824,0.337944491
OI002298,O00908,P003,2,6285.84,0.2,3329.26,12571.68,2514.336,10057.344,6658.52,3398.824,0.337944491
OI002905,O01153,P003,2,6285.84,0.2,3329.26,12571.68,2514.336,10057.344,6658.52,3398.824,0.337944491
OI004572,O01835,P003,2,6285.84,0.2,3329.26,12571.68,2514.336,10057.344,6658.52,3398.824,0.337944491
OI000770,O00301,P049,1,6189.2,0.05,2480.95,6189.2,309.46,5879.74,2480.95,3398.79,0.57805107
OI000856,O00337,P049,1,6189.2,0.05,2480.95,6189.2,309.46,5879.74,2480.95,3398.79,0.57805107
OI003195,O01272,P049,1,6189.2,0.05,2480.95,6189.2,309.46,5879.74,2480.95,3398.79,0.57805107
OI003526,O01401,P049,1,6189.2,0.05,2480.95,6189.2,309.46,5879.74,2480.95,3398.79,0.57805107
OI004570,O01834,P049,1,6189.2,0.05,2480.95,6189.2,309.46,5879.74,2480.95,3398.79,0.57805107
OI004728,O01893,P049,1,6189.2,0.05,2480.95,6189.2,309.46,5879.74,2480.95,3398.79,0.57805107
OI005159,O02052,P049,1,6189.2,0.05,2480.95,6189.2,309.46,5879.74,2480.95,3398.79,0.57805107
OI001577,O00626,P018,2,3329.63,0.15,1132.23,6659.26,998.889,5660.371,2264.46,3395.911,0.599944951
OI003361,O01336,P018,2,3329.63,0.15,1132.23,6659.26,998.889,5660.371,2264.46,3395.911,0.599944951
OI004152,O01661,P018,2,3329.63,0.15,1132.23,6659.26,998.889,5660.371,2264.46,3395.911,0.599944951
OI004708,O01885,P018,2,3329.63,0.15,1132.23,6659.26,998.889,5660.371,2264.46,3395.911,0.599944951
OI005333,O02121,P018,2,3329.63,0.15,1132.23,6659.26,998.889,5660.371,2264.46,3395.911,0.599944951
OI000817,O00322,P077,4,1850.78,0.1,819.29,7403.12,740.312,6662.808,3277.16,3385.648,0.508141312
OI002014,O00793,P077,4,1850.78,0.1,819.29,7403.12,740.312,6662.808,3277.16,3385.648,0.508141312
OI005089,O02025,P077,4,1850.78,0.1,819.29,7403.12,740.312,6662.808,3277.16,3385.648,0.508141312
OI000150,O00061,P066,2,6217.53,0.1,3905.53,12435.06,1243.506,11191.554,7811.06,3380.494,0.302057605
OI001420,O00557,P066,2,6217.53,0.1,3905.53,12435.06,1243.506,11191.554,7811.06,3380.494,0.302057605
OI001574,O00625,P066,2,6217.53,0.1,3905.53,12435.06,1243.506,11191.554,7811.06,3380.494,0.302057605
OI002263,O00893,P066,2,6217.53,0.1,3905.53,12435.06,1243.506,11191.554,7811.06,3380.494,0.302057605
OI000142,O00057,P057,2,3618.93,0.2,1211.45,7237.86,1447.572,5790.288,2422.9,3367.388,0.581557947
OI000535,O00210,P057,2,3618.93,0.2,1211.45,7237.86,1447.572,5790.288,2422.9,3367.388,0.581557947
OI001035,O00403,P057,2,3618.93,0.2,1211.45,7237.86,1447.572,5790.288,2422.9,3367.388,0.581557947
OI002284,O00902,P057,2,3618.93,0.2,1211.45,7237.86,1447.572,5790.288,2422.9,3367.388,0.581557947
OI003303,O01315,P057,2,3618.93,0.2,1211.45,7237.86,1447.572,5790.288,2422.9,3367.388,0.581557947
OI003762,O01500,P057,2,3618.93,0.2,1211.45,7237.86,1447.572,5790.288,2422.9,3367.388,0.581557947
OI004637,O01859,P057,2,3618.93,0.2,1211.45,7237.86,1447.572,5790.288,2422.9,3367.388,0.581557947
OI000602,O00235,P029,1,3811.62,0.05,262.65,3811.62,190.581,3621.039,262.65,3358.389,0.92746557
OI002728,O01077,P029,1,3811.62,0.05,262.65,3811.62,190.581,3621.039,262.65,3358.389,0.92746557
OI003294,O01311,P029,1,3811.62,0.05,262.65,3811.62,190.581,3621.039,262.65,3358.389,0.92746557
OI003576,O01423,P029,1,3811.62,0.05,262.65,3811.62,190.581,3621.039,262.65,3358.389,0.92746557
OI000412,O00161,P011,1,7495.81,0.1,3389.07,7495.81,749.581,6746.229,3389.07,3357.159,0.497634901
OI001517,O00599,P011,1,7495.81,0.1,3389.07,7495.81,749.581,6746.229,3389.07,3357.159,0.497634901
OI000022,O00011,P047,3,6217.65,0.2,3858.64,18652.95,3730.59,14922.36,11575.92,3346.44,0.224256753
OI000169,O00068,P047,3,6217.65,0.2,3858.64,18652.95,3730.59,14922.36,11575.92,3346.44,0.224256753
OI003750,O01496,P047,3,6217.65,0.2,3858.64,18652.95,3730.59,14922.36,11575.92,3346.44,0.224256753
OI004526,O01820,P047,3,6217.65,0.2,3858.64,18652.95,3730.59,14922.36,11575.92,3346.44,0.224256753
OI000006,O00003,P006,2,4253.34,0.2,1733.75,8506.68,1701.336,6805.344,3467.5,3337.844,0.490473957
OI000085,O00036,P006,2,4253.34,0.2,1733.75,8506.68,1701.336,6805.344,3467.5,3337.844,0.490473957
OI003119,O01242,P006,2,4253.34,0.2,1733.75,8506.68,1701.336,6805.344,3467.5,3337.844,0.490473957
OI000996,O00389,P022,2,5959.11,0.2,3108.79,11918.22,2383.644,9534.576,6217.58,3316.996,0.347891296
OI004861,O01945,P022,2,5959.11,0.2,3108.79,11918.22,2383.644,9534.576,6217.58,3316.996,0.347891296
OI004931,O01967,P022,2,5959.11,0.2,3108.79,11918.22,2383.644,9534.576,6217.58,3316.996,0.347891296
OI005339,O02123,P022,2,5959.11,0.2,3108.79,11918.22,2383.644,9534.576,6217.58,3316.996,0.347891296
OI005395,O02143,P022,2,5959.11,0.2,3108.79,11918.22,2383.644,9534.576,6217.58,3316.996,0.347891296
OI003690,O01474,P076,4,1644.18,0.2,487.76,6576.72,1315.344,5261.376,1951.04,3310.336,0.629176854
OI001194,O00469,P027,1,5678.95,0.05,2088.43,5678.95,283.9475,5395.0025,2088.43,3306.5725,0.612895453
OI002386,O00945,P027,1,5678.95,0.05,2088.43,5678.95,283.9475,5395.0025,2088.43,3306.5725,0.612895453
OI000863,O00340,P030,1,6724.47,0.2,2090.3,6724.47,1344.894,5379.576,2090.3,3289.276,0.611437779
OI004414,O01768,P030,1,6724.47,0.2,2090.3,6724.47,1344.894,5379.576,2090.3,3289.276,0.611437779
OI001566,O00622,P051,2,3109.99,0.05,1315.1,6219.98,310.999,5908.981,2630.2,3278.781,0.554880952
OI001343,O00525,P056,1,5689.43,0.05,2138.41,5689.43,284.4715,5404.9585,2138.41,3266.5485,0.60436144
OI002528,O01001,P056,1,5689.43,0.05,2138.41,5689.43,284.4715,5404.9585,2138.41,3266.5485,0.60436144
OI001887,O00744,P025,3,3270.83,0.15,1704.38,9812.49,1471.8735,8340.6165,5113.14,3227.4765,0.386958986
OI002691,O01062,P025,3,3270.83,0.15,1704.38,9812.49,1471.8735,8340.6165,5113.14,3227.4765,0.386958986
OI002910,O01156,P025,3,3270.83,0.15,1704.38,9812.49,1471.8735,8340.6165,5113.14,3227.4765,0.386958986
OI000651,O00255,P076,3,1644.18,0.05,487.76,4932.54,246.627,4685.913,1463.28,3222.633,0.687727877
OI001309,O00511,P012,1,3994.33,0,777.41,3994.33,0,3994.33,777.41,3216.92,0.805371614
OI004758,O01905,P012,1,3994.33,0,777.41,3994.33,0,3994.33,777.41,3216.92,0.805371614
OI004025,O01610,P040,1,5866.02,0.15,1770.44,5866.02,879.903,4986.117,1770.44,3215.677,0.644926102
OI004258,O01699,P040,1,5866.02,0.15,1770.44,5866.02,879.903,4986.117,1770.44,3215.677,0.644926102
OI000564,O00221,P020,4,5123.92,0.15,3551.75,20495.68,3074.352,17421.328,14207,3214.328,0.184505337
OI000793,O00314,P020,4,5123.92,0.15,3551.75,20495.68,3074.352,17421.328,14207,3214.328,0.184505337
OI001618,O00642,P007,2,3880.55,0.3,1109.38,7761.1,2328.33,5432.77,2218.76,3214.01,0.59159692
OI004105,O01644,P007,2,3880.55,0.3,1109.38,7761.1,2328.33,5432.77,2218.76,3214.01,0.59159692
OI005208,O02072,P007,2,3880.55,0.3,1109.38,7761.1,2328.33,5432.77,2218.76,3214.01,0.59159692
OI000003,O00001,P003,3,6285.84,0.3,3329.26,18857.52,5657.256,13200.264,9987.78,3212.484,0.243365133
OI001521,O00601,P003,3,6285.84,0.3,3329.26,18857.52,5657.256,13200.264,9987.78,3212.484,0.243365133
OI003092,O01231,P003,3,6285.84,0.3,3329.26,18857.52,5657.256,13200.264,9987.78,3212.484,0.243365133
OI003237,O01287,P003,3,6285.84,0.3,3329.26,18857.52,5657.256,13200.264,9987.78,3212.484,0.243365133
OI000129,O00052,P022,3,5959.11,0.3,3108.79,17877.33,5363.199,12514.131,9326.37,3187.761,0.25473291
OI000900,O00351,P022,3,5959.11,0.3,3108.79,17877.33,5363.199,12514.131,9326.37,3187.761,0.25473291
OI002938,O01166,P022,3,5959.11,0.3,3108.79,17877.33,5363.199,12514.131,9326.37,3187.761,0.25473291
OI000146,O00058,P032,1,6623.25,0.05,3109.6,6623.25,331.1625,6292.0875,3109.6,3182.4875,0.505791997
OI004337,O01736,P032,1,6623.25,0.05,3109.6,6623.25,331.1625,6292.0875,3109.6,3182.4875,0.505791997
OI001833,O00725,P020,3,5123.92,0.1,3551.75,15371.76,1537.176,13834.584,10655.25,3179.334,0.229810596
OI001860,O00735,P020,3,5123.92,0.1,3551.75,15371.76,1537.176,13834.584,10655.25,3179.334,0.229810596
OI003737,O01491,P020,3,5123.92,0.1,3551.75,15371.76,1537.176,13834.584,10655.25,3179.334,0.229810596
OI005383,O02139,P020,3,5123.92,0.1,3551.75,15371.76,1537.176,13834.584,10655.25,3179.334,0.229810596
OI003903,O01562,P043,2,6217.67,0,4630.79,12435.34,0,12435.34,9261.58,3173.76,0.255221007
OI004687,O01879,P043,2,6217.67,0,4630.79,12435.34,0,12435.34,9261.58,3173.76,0.255221007
OI005068,O02016,P043,2,6217.67,0,4630.79,12435.34,0,12435.34,9261.58,3173.76,0.255221007
OI000446,O00173,P029,1,3811.62,0.1,262.65,3811.62,381.162,3430.458,262.65,3167.808,0.923435879
OI001704,O00675,P029,1,3811.62,0.1,262.65,3811.62,381.162,3430.458,262.65,3167.808,0.923435879
OI001963,O00775,P029,1,3811.62,0.1,262.65,3811.62,381.162,3430.458,262.65,3167.808,0.923435879
OI002254,O00888,P029,1,3811.62,0.1,262.65,3811.62,381.162,3430.458,262.65,3167.808,0.923435879
OI004058,O01623,P029,1,3811.62,0.1,262.65,3811.62,381.162,3430.458,262.65,3167.808,0.923435879
OI003874,O01548,P054,1,5704.38,0.2,1400.37,5704.38,1140.876,4563.504,1400.37,3163.134,0.693137116
OI004202,O01678,P054,1,5704.38,0.2,1400.37,5704.38,1140.876,4563.504,1400.37,3163.134,0.693137116
OI000743,O00293,P068,1,7430.32,0.3,2041.8,7430.32,2229.096,5201.224,2041.8,3159.424,0.607438557
OI001132,O00443,P068,1,7430.32,0.3,2041.8,7430.32,2229.096,5201.224,2041.8,3159.424,0.607438557
OI002236,O00881,P068,1,7430.32,0.3,2041.8,7430.32,2229.096,5201.224,2041.8,3159.424,0.607438557
OI002881,O01141,P070,1,4988.16,0.15,1084.07,4988.16,748.224,4239.936,1084.07,3155.866,0.744319254
OI003238,O01287,P070,1,4988.16,0.15,1084.07,4988.16,748.224,4239.936,1084.07,3155.866,0.744319254
OI003863,O01545,P070,1,4988.16,0.15,1084.07,4988.16,748.224,4239.936,1084.07,3155.866,0.744319254
OI001612,O00640,P020,2,5123.92,0,3551.75,10247.84,0,10247.84,7103.5,3144.34,0.306829537
OI002514,O00997,P020,2,5123.92,0,3551.75,10247.84,0,10247.84,7103.5,3144.34,0.306829537
OI002579,O01021,P020,2,5123.92,0,3551.75,10247.84,0,10247.84,7103.5,3144.34,0.306829537
OI005255,O02088,P008,4,5224.68,0.3,2873.574,20898.72,6269.616,14629.104,11494.296,3134.808,0.214285714
OI005497,O02188,P008,4,5224.68,0.3,2873.574,20898.72,6269.616,14629.104,11494.296,3134.808,0.214285714
OI001647,O00653,P008,2,5224.68,0.15,2873.574,10449.36,1567.404,8881.956,5747.148,3134.808,0.352941176
OI002165,O00854,P008,2,5224.68,0.15,2873.574,10449.36,1567.404,8881.956,5747.148,3134.808,0.352941176
OI004021,O01609,P008,2,5224.68,0.15,2873.574,10449.36,1567.404,8881.956,5747.148,3134.808,0.352941176
OI004880,O01952,P008,2,5224.68,0.15,2873.574,10449.36,1567.404,8881.956,5747.148,3134.808,0.352941176
OI005397,O02143,P008,2,5224.68,0.15,2873.574,10449.36,1567.404,8881.956,5747.148,3134.808,0.352941176
OI000994,O00387,P025,2,3270.83,0,1704.38,6541.66,0,6541.66,3408.76,3132.9,0.478915138
OI001643,O00651,P025,2,3270.83,0,1704.38,6541.66,0,6541.66,3408.76,3132.9,0.478915138
OI002821,O01117,P025,2,3270.83,0,1704.38,6541.66,0,6541.66,3408.76,3132.9,0.478915138
OI005396,O02143,P025,2,3270.83,0,1704.38,6541.66,0,6541.66,3408.76,3132.9,0.478915138
OI000271,O00107,P046,4,6490.81,0.3,3763.21,25963.24,7788.972,18174.268,15052.84,3121.428,0.171749861
OI000473,O00184,P071,2,3503.29,0.3,896.72,7006.58,2101.974,4904.606,1793.44,3111.166,0.634335561
OI002572,O01018,P071,2,3503.29,0.3,896.72,7006.58,2101.974,4904.606,1793.44,3111.166,0.634335561
OI003686,O01472,P071,2,3503.29,0.3,896.72,7006.58,2101.974,4904.606,1793.44,3111.166,0.634335561
OI001961,O00774,P074,2,7323.07,0.15,4674.57,14646.14,2196.921,12449.219,9349.14,3100.079,0.24901795
OI002883,O01142,P074,2,7323.07,0.15,4674.57,14646.14,2196.921,12449.219,9349.14,3100.079,0.24901795
OI003144,O01252,P074,2,7323.07,0.15,4674.57,14646.14,2196.921,12449.219,9349.14,3100.079,0.24901795
OI000281,O00111,P077,3,1850.78,0,819.29,5552.34,0,5552.34,2457.87,3094.47,0.557327181
OI001242,O00486,P077,3,1850.78,0,819.29,5552.34,0,5552.34,2457.87,3094.47,0.557327181
OI002394,O00948,P077,3,1850.78,0,819.29,5552.34,0,5552.34,2457.87,3094.47,0.557327181
OI003397,O01351,P077,3,1850.78,0,819.29,5552.34,0,5552.34,2457.87,3094.47,0.557327181
OI000266,O00105,P049,1,6189.2,0.1,2480.95,6189.2,618.92,5570.28,2480.95,3089.33,0.554609463
OI002830,O01120,P049,1,6189.2,0.1,2480.95,6189.2,618.92,5570.28,2480.95,3089.33,0.554609463
OI001765,O00701,P078,4,5006.54,0.05,3985.08,20026.16,1001.308,19024.852,15940.32,3084.532,0.162131721
OI003913,O01567,P078,4,5006.54,0.05,3985.08,20026.16,1001.308,19024.852,15940.32,3084.532,0.162131721
OI000362,O00143,P028,4,6060.07,0.3,3474.32,24240.28,7272.084,16968.196,13897.28,3070.916,0.180980701
OI003680,O01468,P028,4,6060.07,0.3,3474.32,24240.28,7272.084,16968.196,13897.28,3070.916,0.180980701
OI000741,O00292,P078,3,5006.54,0,3985.08,15019.62,0,15019.62,11955.24,3064.38,0.204025135
OI001238,O00485,P078,3,5006.54,0,3985.08,15019.62,0,15019.62,11955.24,3064.38,0.204025135
OI004910,O01960,P078,3,5006.54,0,3985.08,15019.62,0,15019.62,11955.24,3064.38,0.204025135
OI005372,O02136,P078,3,5006.54,0,3985.08,15019.62,0,15019.62,11955.24,3064.38,0.204025135
OI000043,O00018,P079,4,2345.86,0.05,1462.57,9383.44,469.172,8914.268,5850.28,3063.988,0.343717286
OI000207,O00081,P079,4,2345.86,0.05,1462.57,9383.44,469.172,8914.268,5850.28,3063.988,0.343717286
OI000558,O00218,P079,4,2345.86,0.05,1462.57,9383.44,469.172,8914.268,5850.28,3063.988,0.343717286
OI003793,O01514,P079,4,2345.86,0.05,1462.57,9383.44,469.172,8914.268,5850.28,3063.988,0.343717286
OI004109,O01645,P079,4,2345.86,0.05,1462.57,9383.44,469.172,8914.268,5850.28,3063.988,0.343717286
OI004270,O01703,P079,4,2345.86,0.05,1462.57,9383.44,469.172,8914.268,5850.28,3063.988,0.343717286
OI004504,O01811,P079,4,2345.86,0.05,1462.57,9383.44,469.172,8914.268,5850.28,3063.988,0.343717286
OI000231,O00093,P018,2,3329.63,0.2,1132.23,6659.26,1331.852,5327.408,2264.46,3062.948,0.57494151
OI001825,O00721,P018,2,3329.63,0.2,1132.23,6659.26,1331.852,5327.408,2264.46,3062.948,0.57494151
OI001898,O00748,P018,2,3329.63,0.2,1132.23,6659.26,1331.852,5327.408,2264.46,3062.948,0.57494151
OI003212,O01278,P018,2,3329.63,0.2,1132.23,6659.26,1331.852,5327.408,2264.46,3062.948,0.57494151
OI003233,O01286,P018,2,3329.63,0.2,1132.23,6659.26,1331.852,5327.408,2264.46,3062.948,0.57494151
OI003896,O01558,P018,2,3329.63,0.2,1132.23,6659.26,1331.852,5327.408,2264.46,3062.948,0.57494151
OI000378,O00148,P032,2,6623.25,0.3,3109.6,13246.5,3973.95,9272.55,6219.2,3053.35,0.329289138
OI004307,O01720,P032,2,6623.25,0.3,3109.6,13246.5,3973.95,9272.55,6219.2,3053.35,0.329289138
OI000382,O00150,P014,1,5526.86,0.3,822.47,5526.86,1658.058,3868.802,822.47,3046.332,0.787409643
OI001037,O00404,P014,1,5526.86,0.3,822.47,5526.86,1658.058,3868.802,822.47,3046.332,0.787409643
OI001396,O00546,P014,1,5526.86,0.3,822.47,5526.86,1658.058,3868.802,822.47,3046.332,0.787409643
OI002858,O01132,P014,1,5526.86,0.3,822.47,5526.86,1658.058,3868.802,822.47,3046.332,0.787409643
OI005435,O02158,P014,1,5526.86,0.3,822.47,5526.86,1658.058,3868.802,822.47,3046.332,0.787409643
OI000313,O00124,P075,3,6578.23,0.1,4906.98,19734.69,1973.469,17761.221,14720.94,3040.281,0.171175225
OI002950,O01170,P075,3,6578.23,0.1,4906.98,19734.69,1973.469,17761.221,14720.94,3040.281,0.171175225
OI005454,O02166,P075,3,6578.23,0.1,4906.98,19734.69,1973.469,17761.221,14720.94,3040.281,0.171175225
OI000389,O00152,P027,1,5678.95,0.1,2088.43,5678.95,567.895,5111.055,2088.43,3022.625,0.591389645
OI001041,O00406,P027,1,5678.95,0.1,2088.43,5678.95,567.895,5111.055,2088.43,3022.625,0.591389645
OI001728,O00684,P027,1,5678.95,0.1,2088.43,5678.95,567.895,5111.055,2088.43,3022.625,0.591389645
OI003120,O01242,P027,1,5678.95,0.1,2088.43,5678.95,567.895,5111.055,2088.43,3022.625,0.591389645
OI003393,O01348,P027,1,5678.95,0.1,2088.43,5678.95,567.895,5111.055,2088.43,3022.625,0.591389645
OI003763,O01501,P027,1,5678.95,0.1,2088.43,5678.95,567.895,5111.055,2088.43,3022.625,0.591389645
OI001417,O00557,P024,1,6203.92,0,3183.57,6203.92,0,6203.92,3183.57,3020.35,0.486845414
OI002328,O00922,P024,1,6203.92,0,3183.57,6203.92,0,6203.92,3183.57,3020.35,0.486845414
OI003076,O01221,P024,1,6203.92,0,3183.57,6203.92,0,6203.92,3183.57,3020.35,0.486845414
OI001159,O00454,P012,1,3994.33,0.05,777.41,3994.33,199.7165,3794.6135,777.41,3017.2035,0.795128015
OI004108,O01645,P012,1,3994.33,0.05,777.41,3994.33,199.7165,3794.6135,777.41,3017.2035,0.795128015
OI000543,O00212,P077,4,1850.78,0.15,819.29,7403.12,1110.468,6292.652,3277.16,3015.492,0.479208448
OI002891,O01147,P077,4,1850.78,0.15,819.29,7403.12,1110.468,6292.652,3277.16,3015.492,0.479208448
OI001941,O00767,P023,1,6282.87,0.3,1387.27,6282.87,1884.861,4398.009,1387.27,3010.739,0.684568631
OI003297,O01313,P023,1,6282.87,0.3,1387.27,6282.87,1884.861,4398.009,1387.27,3010.739,0.684568631
OI003604,O01436,P023,1,6282.87,0.3,1387.27,6282.87,1884.861,4398.009,1387.27,3010.739,0.684568631
OI002124,O00837,P011,1,7495.81,0.15,3389.07,7495.81,1124.3715,6371.4385,3389.07,2982.3685,0.468084013
OI004473,O01797,P011,1,7495.81,0.15,3389.07,7495.81,1124.3715,6371.4385,3389.07,2982.3685,0.468084013
OI000290,O00116,P056,1,5689.43,0.1,2138.41,5689.43,568.943,5120.487,2138.41,2982.077,0.58238152
OI001330,O00521,P056,1,5689.43,0.1,2138.41,5689.43,568.943,5120.487,2138.41,2982.077,0.58238152
OI002363,O00937,P056,1,5689.43,0.1,2138.41,5689.43,568.943,5120.487,2138.41,2982.077,0.58238152
OI000719,O00284,P029,1,3811.62,0.15,262.65,3811.62,571.743,3239.877,262.65,2977.227,0.918932108
OI003623,O01443,P029,1,3811.62,0.15,262.65,3811.62,571.743,3239.877,262.65,2977.227,0.918932108
OI004657,O01866,P029,1,3811.62,0.15,262.65,3811.62,571.743,3239.877,262.65,2977.227,0.918932108
OI001719,O00681,P076,3,1644.18,0.1,487.76,4932.54,493.254,4439.286,1463.28,2976.006,0.670379426
OI003875,O01549,P076,3,1644.18,0.1,487.76,4932.54,493.254,4439.286,1463.28,2976.006,0.670379426
OI001796,O00711,P072,4,3098.66,0.05,2200.58,12394.64,619.732,11774.908,8802.32,2972.588,0.252451059
OI000303,O00119,P067,2,3139.17,0.3,711.17,6278.34,1883.502,4394.838,1422.34,2972.498,0.676361222
OI001735,O00687,P067,2,3139.17,0.3,711.17,6278.34,1883.502,4394.838,1422.34,2972.498,0.676361222
OI001447,O00570,P051,2,3109.99,0.1,1315.1,6219.98,621.998,5597.982,2630.2,2967.782,0.530152116
OI002653,O01049,P051,2,3109.99,0.1,1315.1,6219.98,621.998,5597.982,2630.2,2967.782,0.530152116
OI002785,O01101,P051,2,3109.99,0.1,1315.1,6219.98,621.998,5597.982,2630.2,2967.782,0.530152116
OI005186,O02061,P051,2,3109.99,0.1,1315.1,6219.98,621.998,5597.982,2630.2,2967.782,0.530152116
OI003422,O01360,P052,2,5599.03,0.15,3277.37,11198.06,1679.709,9518.351,6554.74,2963.611,0.311357608
OI003930,O01575,P052,2,5599.03,0.15,3277.37,11198.06,1679.709,9518.351,6554.74,2963.611,0.311357608
OI000246,O00098,P003,1,6285.84,0,3329.26,6285.84,0,6285.84,3329.26,2956.58,0.470355593
OI003164,O01260,P003,1,6285.84,0,3329.26,6285.84,0,6285.84,3329.26,2956.58,0.470355593
OI005365,O02134,P003,1,6285.84,0,3329.26,6285.84,0,6285.84,3329.26,2956.58,0.470355593
OI003080,O01223,P001,1,5060.04,0.3,594.86,5060.04,1518.012,3542.028,594.86,2947.168,0.832056664
OI003569,O01419,P001,1,5060.04,0.3,594.86,5060.04,1518.012,3542.028,594.86,2947.168,0.832056664
OI004495,O01805,P040,1,5866.02,0.2,1770.44,5866.02,1173.204,4692.816,1770.44,2922.376,0.622733983
OI004802,O01921,P040,1,5866.02,0.2,1770.44,5866.02,1173.204,4692.816,1770.44,2922.376,0.622733983
OI003129,O01246,P073,2,6594.36,0.3,3155.39,13188.72,3956.616,9232.104,6310.78,2921.324,0.316431011
OI003203,O01274,P073,2,6594.36,0.3,3155.39,13188.72,3956.616,9232.104,6310.78,2921.324,0.316431011
OI003550,O01411,P073,2,6594.36,0.3,3155.39,13188.72,3956.616,9232.104,6310.78,2921.324,0.316431011
OI002052,O00810,P005,1,3320.34,0.05,245.87,3320.34,166.017,3154.323,245.87,2908.453,0.922053005
OI003099,O01234,P070,1,4988.16,0.2,1084.07,4988.16,997.632,3990.528,1084.07,2906.458,0.728339207
OI003673,O01466,P070,1,4988.16,0.2,1084.07,4988.16,997.632,3990.528,1084.07,2906.458,0.728339207
OI001773,O00703,P043,3,6217.67,0.1,4630.79,18653.01,1865.301,16787.709,13892.37,2895.339,0.172467786
OI001823,O00721,P043,3,6217.67,0.1,4630.79,18653.01,1865.301,16787.709,13892.37,2895.339,0.172467786
OI002023,O00796,P043,3,6217.67,0.1,4630.79,18653.01,1865.301,16787.709,13892.37,2895.339,0.172467786
OI002275,O00898,P043,3,6217.67,0.1,4630.79,18653.01,1865.301,16787.709,13892.37,2895.339,0.172467786
OI003855,O01542,P043,3,6217.67,0.1,4630.79,18653.01,1865.301,16787.709,13892.37,2895.339,0.172467786
OI004586,O01840,P043,3,6217.67,0.1,4630.79,18653.01,1865.301,16787.709,13892.37,2895.339,0.172467786
OI004812,O01925,P043,3,6217.67,0.1,4630.79,18653.01,1865.301,16787.709,13892.37,2895.339,0.172467786
OI000986,O00383,P055,4,3905.29,0.05,2991.91,15621.16,781.058,14840.102,11967.64,2872.462,0.193560799
OI001494,O00589,P055,4,3905.29,0.05,2991.91,15621.16,781.058,14840.102,11967.64,2872.462,0.193560799
OI001554,O00617,P055,4,3905.29,0.05,2991.91,15621.16,781.058,14840.102,11967.64,2872.462,0.193560799
OI003986,O01594,P055,4,3905.29,0.05,2991.91,15621.16,781.058,14840.102,11967.64,2872.462,0.193560799
OI001312,O00512,P046,2,6490.81,0.2,3763.21,12981.62,2596.324,10385.296,7526.42,2858.876,0.275281128
OI002706,O01069,P046,2,6490.81,0.2,3763.21,12981.62,2596.324,10385.296,7526.42,2858.876,0.275281128
OI000263,O00104,P047,2,6217.65,0.15,3858.64,12435.3,1865.295,10570.005,7717.28,2852.725,0.269888709
OI000360,O00143,P047,2,6217.65,0.15,3858.64,12435.3,1865.295,10570.005,7717.28,2852.725,0.269888709
OI001609,O00639,P047,2,6217.65,0.15,3858.64,12435.3,1865.295,10570.005,7717.28,2852.725,0.269888709
OI001639,O00649,P047,2,6217.65,0.15,3858.64,12435.3,1865.295,10570.005,7717.28,2852.725,0.269888709
OI003671,O01465,P047,2,6217.65,0.15,3858.64,12435.3,1865.295,10570.005,7717.28,2852.725,0.269888709
OI005031,O02004,P047,2,6217.65,0.15,3858.64,12435.3,1865.295,10570.005,7717.28,2852.725,0.269888709
OI001385,O00544,P032,1,6623.25,0.1,3109.6,6623.25,662.325,5960.925,3109.6,2851.325,0.478335997
OI002761,O01090,P032,1,6623.25,0.1,3109.6,6623.25,662.325,5960.925,3109.6,2851.325,0.478335997
OI003777,O01507,P032,1,6623.25,0.1,3109.6,6623.25,662.325,5960.925,3109.6,2851.325,0.478335997
OI004452,O01787,P032,1,6623.25,0.1,3109.6,6623.25,662.325,5960.925,3109.6,2851.325,0.478335997
OI005136,O02045,P022,1,5959.11,0,3108.79,5959.11,0,5959.11,3108.79,2850.32,0.478313037
OI002700,O01066,P060,4,1760.75,0.05,963.34,7043,352.15,6690.85,3853.36,2837.49,0.424085131
OI003531,O01403,P060,4,1760.75,0.05,963.34,7043,352.15,6690.85,3853.36,2837.49,0.424085131
OI003557,O01415,P060,4,1760.75,0.05,963.34,7043,352.15,6690.85,3853.36,2837.49,0.424085131
OI005091,O02025,P060,4,1760.75,0.05,963.34,7043,352.15,6690.85,3853.36,2837.49,0.424085131
OI000988,O00384,P012,1,3994.33,0.1,777.41,3994.33,399.433,3594.897,777.41,2817.487,0.783746238
OI002713,O01072,P012,1,3994.33,0.1,777.41,3994.33,399.433,3594.897,777.41,2817.487,0.783746238
OI003118,O01242,P012,1,3994.33,0.1,777.41,3994.33,399.433,3594.897,777.41,2817.487,0.783746238
OI003802,O01517,P012,1,3994.33,0.1,777.41,3994.33,399.433,3594.897,777.41,2817.487,0.783746238
OI004739,O01897,P077,3,1850.78,0.05,819.29,5552.34,277.617,5274.723,2457.87,2816.853,0.534028612
OI003328,O01324,P025,2,3270.83,0.05,1704.38,6541.66,327.083,6214.577,3408.76,2805.817,0.451489619
OI000256,O00102,P065,4,1521.26,0,820.9,6085.04,0,6085.04,3283.6,2801.44,0.460381526
OI003320,O01321,P065,4,1521.26,0,820.9,6085.04,0,6085.04,3283.6,2801.44,0.460381526
OI004249,O01695,P065,4,1521.26,0,820.9,6085.04,0,6085.04,3283.6,2801.44,0.460381526
OI002296,O00906,P029,1,3811.62,0.2,262.65,3811.62,762.324,3049.296,262.65,2786.646,0.913865364
OI002349,O00931,P029,1,3811.62,0.2,262.65,3811.62,762.324,3049.296,262.65,2786.646,0.913865364
OI004432,O01776,P029,1,3811.62,0.2,262.65,3811.62,762.324,3049.296,262.65,2786.646,0.913865364
OI002294,O00906,P049,1,6189.2,0.15,2480.95,6189.2,928.38,5260.82,2480.95,2779.87,0.52841002
OI000112,O00046,P073,1,6594.36,0.1,3155.39,6594.36,659.436,5934.924,3155.39,2779.534,0.468335231
OI000992,O00386,P073,1,6594.36,0.1,3155.39,6594.36,659.436,5934.924,3155.39,2779.534,0.468335231
OI001797,O00711,P073,1,6594.36,0.1,3155.39,6594.36,659.436,5934.924,3155.39,2779.534,0.468335231
OI004981,O01983,P073,1,6594.36,0.1,3155.39,6594.36,659.436,5934.924,3155.39,2779.534,0.468335231
OI001137,O00444,P007,1,3880.55,0,1109.38,3880.55,0,3880.55,1109.38,2771.17,0.714117844
OI000896,O00350,P066,2,6217.53,0.15,3905.53,12435.06,1865.259,10569.801,7811.06,2758.741,0.26100217
OI001364,O00531,P066,2,6217.53,0.15,3905.53,12435.06,1865.259,10569.801,7811.06,2758.741,0.26100217
OI003014,O01196,P066,2,6217.53,0.15,3905.53,12435.06,1865.259,10569.801,7811.06,2758.741,0.26100217
OI003087,O01227,P066,2,6217.53,0.15,3905.53,12435.06,1865.259,10569.801,7811.06,2758.741,0.26100217
OI003749,O01495,P066,2,6217.53,0.15,3905.53,12435.06,1865.259,10569.801,7811.06,2758.741,0.26100217
OI003841,O01536,P066,2,6217.53,0.15,3905.53,12435.06,1865.259,10569.801,7811.06,2758.741,0.26100217
OI002424,O00960,P028,2,6060.07,0.2,3474.32,12120.14,2424.028,9696.112,6948.64,2747.472,0.283358113
OI004255,O01698,P028,2,6060.07,0.2,3474.32,12120.14,2424.028,9696.112,6948.64,2747.472,0.283358113
OI001628,O00647,P005,1,3320.34,0.1,245.87,3320.34,332.034,2988.306,245.87,2742.436,0.917722616
OI003156,O01256,P005,1,3320.34,0.1,245.87,3320.34,332.034,2988.306,245.87,2742.436,0.917722616
OI002380,O00942,P055,3,3905.29,0,2991.91,11715.87,0,11715.87,8975.73,2740.14,0.233882759
OI002519,O00999,P055,3,3905.29,0,2991.91,11715.87,0,11715.87,8975.73,2740.14,0.233882759
OI000090,O00038,P027,1,5678.95,0.15,2088.43,5678.95,851.8425,4827.1075,2088.43,2738.6775,0.567353741
OI000707,O00279,P027,1,5678.95,0.15,2088.43,5678.95,851.8425,4827.1075,2088.43,2738.6775,0.567353741
OI001791,O00709,P075,4,6578.23,0.15,4906.98,26312.92,3946.938,22365.982,19627.92,2738.062,0.122420826
OI002345,O00930,P075,4,6578.23,0.15,4906.98,26312.92,3946.938,22365.982,19627.92,2738.062,0.122420826
OI003354,O01334,P075,4,6578.23,0.15,4906.98,26312.92,3946.938,22365.982,19627.92,2738.062,0.122420826
OI004600,O01846,P075,4,6578.23,0.15,4906.98,26312.92,3946.938,22365.982,19627.92,2738.062,0.122420826
OI000447,O00174,P025,3,3270.83,0.2,1704.38,9812.49,1962.498,7849.992,5113.14,2736.852,0.348643922
OI000715,O00281,P025,3,3270.83,0.2,1704.38,9812.49,1962.498,7849.992,5113.14,2736.852,0.348643922
OI002366,O00938,P025,3,3270.83,0.2,1704.38,9812.49,1962.498,7849.992,5113.14,2736.852,0.348643922
OI004630,O01857,P025,3,3270.83,0.2,1704.38,9812.49,1962.498,7849.992,5113.14,2736.852,0.348643922
OI001357,O00529,P076,3,1644.18,0.15,487.76,4932.54,739.881,4192.659,1463.28,2729.379,0.65098998
OI003871,O01548,P076,3,1644.18,0.15,487.76,4932.54,739.881,4192.659,1463.28,2729.379,0.65098998
OI001945,O00769,P046,1,6490.81,0,3763.21,6490.81,0,6490.81,3763.21,2727.6,0.420224903
OI002461,O00977,P046,1,6490.81,0,3763.21,6490.81,0,6490.81,3763.21,2727.6,0.420224903
OI004072,O01629,P046,1,6490.81,0,3763.21,6490.81,0,6490.81,3763.21,2727.6,0.420224903
OI004701,O01884,P046,1,6490.81,0,3763.21,6490.81,0,6490.81,3763.21,2727.6,0.420224903
OI000956,O00373,P024,1,6203.92,0.05,3183.57,6203.92,310.196,5893.724,3183.57,2710.154,0.459837278
OI001260,O00494,P024,1,6203.92,0.05,3183.57,6203.92,310.196,5893.724,3183.57,2710.154,0.459837278
OI004075,O01630,P024,1,6203.92,0.05,3183.57,6203.92,310.196,5893.724,3183.57,2710.154,0.459837278
OI001757,O00697,P056,1,5689.43,0.15,2138.41,5689.43,853.4145,4836.0155,2138.41,2697.6055,0.557815727
OI005079,O02021,P056,1,5689.43,0.15,2138.41,5689.43,853.4145,4836.0155,2138.41,2697.6055,0.557815727
OI000170,O00069,P072,3,3098.66,0,2200.58,9295.98,0,9295.98,6601.74,2694.24,0.289828507
OI000461,O00179,P072,3,3098.66,0,2200.58,9295.98,0,9295.98,6601.74,2694.24,0.289828507
OI000561,O00219,P072,3,3098.66,0,2200.58,9295.98,0,9295.98,6601.74,2694.24,0.289828507
OI001776,O00703,P072,3,3098.66,0,2200.58,9295.98,0,9295.98,6601.74,2694.24,0.289828507
OI001872,O00738,P072,3,3098.66,0,2200.58,9295.98,0,9295.98,6601.74,2694.24,0.289828507
OI002505,O00993,P072,3,3098.66,0,2200.58,9295.98,0,9295.98,6601.74,2694.24,0.289828507
OI004916,O01963,P072,3,3098.66,0,2200.58,9295.98,0,9295.98,6601.74,2694.24,0.289828507
OI004929,O01966,P072,3,3098.66,0,2200.58,9295.98,0,9295.98,6601.74,2694.24,0.289828507
OI001339,O00524,P075,2,6578.23,0.05,4906.98,13156.46,657.823,12498.637,9813.96,2684.677,0.214797582
OI002758,O01089,P075,2,6578.23,0.05,4906.98,13156.46,657.823,12498.637,9813.96,2684.677,0.214797582
OI003879,O01552,P075,2,6578.23,0.05,4906.98,13156.46,657.823,12498.637,9813.96,2684.677,0.214797582
OI005390,O02142,P075,2,6578.23,0.05,4906.98,13156.46,657.823,12498.637,9813.96,2684.677,0.214797582
OI000197,O00078,P051,2,3109.99,0.15,1315.1,6219.98,932.997,5286.983,2630.2,2656.783,0.502514005
OI000242,O00097,P051,2,3109.99,0.15,1315.1,6219.98,932.997,5286.983,2630.2,2656.783,0.502514005
OI001798,O00711,P051,2,3109.99,0.15,1315.1,6219.98,932.997,5286.983,2630.2,2656.783,0.502514005
OI002020,O00795,P051,2,3109.99,0.15,1315.1,6219.98,932.997,5286.983,2630.2,2656.783,0.502514005
OI002212,O00870,P051,2,3109.99,0.15,1315.1,6219.98,932.997,5286.983,2630.2,2656.783,0.502514005
OI001686,O00670,P076,4,1644.18,0.3,487.76,6576.72,1973.016,4603.704,1951.04,2652.664,0.576202119
OI002978,O01178,P076,4,1644.18,0.3,487.76,6576.72,1973.016,4603.704,1951.04,2652.664,0.576202119
OI003211,O01278,P076,4,1644.18,0.3,487.76,6576.72,1973.016,4603.704,1951.04,2652.664,0.576202119
OI003937,O01577,P076,4,1644.18,0.3,487.76,6576.72,1973.016,4603.704,1951.04,2652.664,0.576202119
OI002712,O01072,P079,3,2345.86,0,1462.57,7037.58,0,7037.58,4387.71,2649.87,0.376531421
OI002771,O01095,P079,3,2345.86,0,1462.57,7037.58,0,7037.58,4387.71,2649.87,0.376531421
OI002826,O01118,P079,3,2345.86,0,1462.57,7037.58,0,7037.58,4387.71,2649.87,0.376531421
OI000411,O00160,P074,1,7323.07,0,4674.57,7323.07,0,7323.07,4674.57,2648.5,0.361665258
OI002575,O01018,P074,1,7323.07,0,4674.57,7323.07,0,7323.07,4674.57,2648.5,0.361665258
OI004833,O01934,P074,1,7323.07,0,4674.57,7323.07,0,7323.07,4674.57,2648.5,0.361665258
OI005484,O02183,P074,1,7323.07,0,4674.57,7323.07,0,7323.07,4674.57,2648.5,0.361665258
OI003035,O01206,P077,4,1850.78,0.2,819.29,7403.12,1480.624,5922.496,3277.16,2645.336,0.446658976
OI003239,O01288,P077,4,1850.78,0.2,819.29,7403.12,1480.624,5922.496,3277.16,2645.336,0.446658976
OI003935,O01576,P077,4,1850.78,0.2,819.29,7403.12,1480.624,5922.496,3277.16,2645.336,0.446658976
OI000096,O00039,P057,2,3618.93,0.3,1211.45,7237.86,2171.358,5066.502,2422.9,2643.602,0.52178051
OI002317,O00917,P057,2,3618.93,0.3,1211.45,7237.86,2171.358,5066.502,2422.9,2643.602,0.52178051
OI003510,O01393,P057,2,3618.93,0.3,1211.45,7237.86,2171.358,5066.502,2422.9,2643.602,0.52178051
OI005054,O02010,P057,2,3618.93,0.3,1211.45,7237.86,2171.358,5066.502,2422.9,2643.602,0.52178051
OI002276,O00899,P003,1,6285.84,0.05,3329.26,6285.84,314.292,5971.548,3329.26,2642.288,0.442479571
OI002495,O00987,P003,1,6285.84,0.05,3329.26,6285.84,314.292,5971.548,3329.26,2642.288,0.442479571
OI004453,O01787,P003,1,6285.84,0.05,3329.26,6285.84,314.292,5971.548,3329.26,2642.288,0.442479571
OI005188,O02063,P003,1,6285.84,0.05,3329.26,6285.84,314.292,5971.548,3329.26,2642.288,0.442479571
OI005420,O02153,P003,1,6285.84,0.05,3329.26,6285.84,314.292,5971.548,3329.26,2642.288,0.442479571
OI002456,O00975,P020,2,5123.92,0.05,3551.75,10247.84,512.392,9735.448,7103.5,2631.948,0.270346881
OI003658,O01460,P020,2,5123.92,0.05,3551.75,10247.84,512.392,9735.448,7103.5,2631.948,0.270346881
OI003722,O01486,P020,2,5123.92,0.05,3551.75,10247.84,512.392,9735.448,7103.5,2631.948,0.270346881
OI003197,O01273,P009,4,4981.98,0,4324.06,19927.92,0,19927.92,17296.24,2631.68,0.132059944
OI003534,O01404,P009,4,4981.98,0,4324.06,19927.92,0,19927.92,17296.24,2631.68,0.132059944
OI000417,O00162,P012,1,3994.33,0.15,777.41,3994.33,599.1495,3395.1805,777.41,2617.7705,0.771025429
OI001305,O00509,P012,1,3994.33,0.15,777.41,3994.33,599.1495,3395.1805,777.41,2617.7705,0.771025429
OI002811,O01112,P012,1,3994.33,0.15,777.41,3994.33,599.1495,3395.1805,777.41,2617.7705,0.771025429
OI003775,O01506,P012,1,3994.33,0.15,777.41,3994.33,599.1495,3395.1805,777.41,2617.7705,0.771025429
OI003782,O01509,P012,1,3994.33,0.15,777.41,3994.33,599.1495,3395.1805,777.41,2617.7705,0.771025429
OI000393,O00154,P043,4,6217.67,0.15,4630.79,24870.68,3730.602,21140.078,18523.16,2616.918,0.12378942
OI000648,O00254,P043,4,6217.67,0.15,4630.79,24870.68,3730.602,21140.078,18523.16,2616.918,0.12378942
OI004139,O01656,P043,4,6217.67,0.15,4630.79,24870.68,3730.602,21140.078,18523.16,2616.918,0.12378942
OI004695,O01882,P043,4,6217.67,0.15,4630.79,24870.68,3730.602,21140.078,18523.16,2616.918,0.12378942
OI004817,O01928,P043,4,6217.67,0.15,4630.79,24870.68,3730.602,21140.078,18523.16,2616.918,0.12378942
OI002259,O00891,P030,1,6724.47,0.3,2090.3,6724.47,2017.341,4707.129,2090.3,2616.829,0.55592889
OI005271,O02096,P008,2,5224.68,0.2,2873.574,10449.36,2089.872,8359.488,5747.148,2612.34,0.3125
OI001857,O00734,P011,1,7495.81,0.2,3389.07,7495.81,1499.162,5996.648,3389.07,2607.578,0.434839264
OI001993,O00787,P011,1,7495.81,0.2,3389.07,7495.81,1499.162,5996.648,3389.07,2607.578,0.434839264
OI003061,O01216,P011,1,7495.81,0.2,3389.07,7495.81,1499.162,5996.648,3389.07,2607.578,0.434839264
OI004210,O01682,P011,1,7495.81,0.2,3389.07,7495.81,1499.162,5996.648,3389.07,2607.578,0.434839264
OI004834,O01935,P011,1,7495.81,0.2,3389.07,7495.81,1499.162,5996.648,3389.07,2607.578,0.434839264
OI000081,O00034,P079,4,2345.86,0.1,1462.57,9383.44,938.344,8445.096,5850.28,2594.816,0.307257135
OI000327,O00132,P054,1,5704.38,0.3,1400.37,5704.38,1711.314,3993.066,1400.37,2592.696,0.649299561
OI000517,O00202,P028,1,6060.07,0,3474.32,6060.07,0,6060.07,3474.32,2585.75,0.42668649
OI001421,O00558,P028,1,6060.07,0,3474.32,6060.07,0,6060.07,3474.32,2585.75,0.42668649
OI000890,O00349,P051,3,3109.99,0.3,1315.1,9329.97,2798.991,6530.979,3945.3,2585.679,0.395909863
OI003261,O01297,P007,1,3880.55,0.05,1109.38,3880.55,194.0275,3686.5225,1109.38,2577.1425,0.699071415
OI003004,O01192,P005,1,3320.34,0.15,245.87,3320.34,498.051,2822.289,245.87,2576.419,0.91288277
OI003347,O01332,P005,1,3320.34,0.15,245.87,3320.34,498.051,2822.289,245.87,2576.419,0.91288277
OI003805,O01517,P005,1,3320.34,0.15,245.87,3320.34,498.051,2822.289,245.87,2576.419,0.91288277
OI004201,O01678,P005,1,3320.34,0.15,245.87,3320.34,498.051,2822.289,245.87,2576.419,0.91288277
OI004767,O01908,P005,1,3320.34,0.15,245.87,3320.34,498.051,2822.289,245.87,2576.419,0.91288277
OI004098,O01641,P052,4,5599.03,0.3,3277.37,22396.12,6718.836,15677.284,13109.48,2567.804,0.163791381
OI004338,O01736,P052,4,5599.03,0.3,3277.37,22396.12,6718.836,15677.284,13109.48,2567.804,0.163791381
OI001652,O00655,P022,1,5959.11,0.05,3108.79,5959.11,297.9555,5661.1545,3108.79,2552.3645,0.450855828
OI004669,O01873,P022,1,5959.11,0.05,3108.79,5959.11,297.9555,5661.1545,3108.79,2552.3645,0.450855828
OI003134,O01249,P043,2,6217.67,0.05,4630.79,12435.34,621.767,11813.573,9261.58,2551.993,0.216022113
OI003311,O01318,P043,2,6217.67,0.05,4630.79,12435.34,621.767,11813.573,9261.58,2551.993,0.216022113
OI000154,O00062,P032,1,6623.25,0.15,3109.6,6623.25,993.4875,5629.7625,3109.6,2520.1625,0.447649879
OI001149,O00449,P032,1,6623.25,0.15,3109.6,6623.25,993.4875,5629.7625,3109.6,2520.1625,0.447649879
OI001653,O00655,P032,1,6623.25,0.15,3109.6,6623.25,993.4875,5629.7625,3109.6,2520.1625,0.447649879
OI005275,O02097,P032,1,6623.25,0.15,3109.6,6623.25,993.4875,5629.7625,3109.6,2520.1625,0.447649879
OI000866,O00341,P006,1,4253.34,0,1733.75,4253.34,0,4253.34,1733.75,2519.59,0.592379166
OI002374,O00941,P006,1,4253.34,0,1733.75,4253.34,0,4253.34,1733.75,2519.59,0.592379166
OI004221,O01684,P006,1,4253.34,0,1733.75,4253.34,0,4253.34,1733.75,2519.59,0.592379166
OI004256,O01698,P006,1,4253.34,0,1733.75,4253.34,0,4253.34,1733.75,2519.59,0.592379166
OI002850,O01128,P065,4,1521.26,0.05,820.9,6085.04,304.252,5780.788,3283.6,2497.188,0.431980554
OI003718,O01484,P065,4,1521.26,0.05,820.9,6085.04,304.252,5780.788,3283.6,2497.188,0.431980554
OI005115,O02035,P065,4,1521.26,0.05,820.9,6085.04,304.252,5780.788,3283.6,2497.188,0.431980554
OI005266,O02093,P065,4,1521.26,0.05,820.9,6085.04,304.252,5780.788,3283.6,2497.188,0.431980554
OI003030,O01203,P006,2,4253.34,0.3,1733.75,8506.68,2552.004,5954.676,3467.5,2487.176,0.417684522
OI003844,O01538,P006,2,4253.34,0.3,1733.75,8506.68,2552.004,5954.676,3467.5,2487.176,0.417684522
OI004985,O01985,P006,2,4253.34,0.3,1733.75,8506.68,2552.004,5954.676,3467.5,2487.176,0.417684522
OI000625,O00245,P060,4,1760.75,0.1,963.34,7043,704.3,6338.7,3853.36,2485.34,0.392089861
OI001593,O00632,P060,4,1760.75,0.1,963.34,7043,704.3,6338.7,3853.36,2485.34,0.392089861
OI002194,O00864,P060,4,1760.75,0.1,963.34,7043,704.3,6338.7,3853.36,2485.34,0.392089861
OI004222,O01685,P060,4,1760.75,0.1,963.34,7043,704.3,6338.7,3853.36,2485.34,0.392089861
OI001579,O00626,P076,3,1644.18,0.2,487.76,4932.54,986.508,3946.032,1463.28,2482.752,0.629176854
OI001620,O00642,P076,3,1644.18,0.2,487.76,4932.54,986.508,3946.032,1463.28,2482.752,0.629176854
OI002542,O01006,P076,3,1644.18,0.2,487.76,4932.54,986.508,3946.032,1463.28,2482.752,0.629176854
OI004099,O01642,P076,3,1644.18,0.2,487.76,4932.54,986.508,3946.032,1463.28,2482.752,0.629176854
OI004447,O01784,P076,3,1644.18,0.2,487.76,4932.54,986.508,3946.032,1463.28,2482.752,0.629176854
OI004908,O01959,P076,3,1644.18,0.2,487.76,4932.54,986.508,3946.032,1463.28,2482.752,0.629176854
OI001423,O00558,P049,1,6189.2,0.2,2480.95,6189.2,1237.84,4951.36,2480.95,2470.41,0.498935646
OI001527,O00603,P049,1,6189.2,0.2,2480.95,6189.2,1237.84,4951.36,2480.95,2470.41,0.498935646
OI002301,O00910,P049,1,6189.2,0.2,2480.95,6189.2,1237.84,4951.36,2480.95,2470.41,0.498935646
OI003157,O01257,P049,1,6189.2,0.2,2480.95,6189.2,1237.84,4951.36,2480.95,2470.41,0.498935646
OI003058,O01215,P027,1,5678.95,0.2,2088.43,5678.95,1135.79,4543.16,2088.43,2454.73,0.54031335
OI003170,O01264,P027,1,5678.95,0.2,2088.43,5678.95,1135.79,4543.16,2088.43,2454.73,0.54031335
OI002450,O00973,P073,1,6594.36,0.15,3155.39,6594.36,989.154,5605.206,3155.39,2449.816,0.437060832
OI004482,O01800,P073,1,6594.36,0.15,3155.39,6594.36,989.154,5605.206,3155.39,2449.816,0.437060832
OI001354,O00528,P071,1,3503.29,0.05,896.72,3503.29,175.1645,3328.1255,896.72,2431.4055,0.730563045
OI001520,O00601,P071,1,3503.29,0.05,896.72,3503.29,175.1645,3328.1255,896.72,2431.4055,0.730563045
OI003944,O01579,P071,1,3503.29,0.05,896.72,3503.29,175.1645,3328.1255,896.72,2431.4055,0.730563045
OI005200,O02066,P071,1,3503.29,0.05,896.72,3503.29,175.1645,3328.1255,896.72,2431.4055,0.730563045
OI000067,O00028,P067,1,3139.17,0,711.17,3139.17,0,3139.17,711.17,2428,0.773452855
OI000580,O00228,P067,1,3139.17,0,711.17,3139.17,0,3139.17,711.17,2428,0.773452855
OI003404,O01353,P067,1,3139.17,0,711.17,3139.17,0,3139.17,711.17,2428,0.773452855
OI001713,O00678,P012,1,3994.33,0.2,777.41,3994.33,798.866,3195.464,777.41,2418.054,0.756714518
OI002267,O00894,P012,1,3994.33,0.2,777.41,3994.33,798.866,3195.464,777.41,2418.054,0.756714518
OI002520,O00999,P012,1,3994.33,0.2,777.41,3994.33,798.866,3195.464,777.41,2418.054,0.756714518
OI002682,O01060,P056,1,5689.43,0.2,2138.41,5689.43,1137.886,4551.544,2138.41,2413.134,0.53017921
OI003403,O01353,P056,1,5689.43,0.2,2138.41,5689.43,1137.886,4551.544,2138.41,2413.134,0.53017921
OI001770,O00702,P020,3,5123.92,0.15,3551.75,15371.76,2305.764,13065.996,10655.25,2410.746,0.184505337
OI004415,O01768,P020,3,5123.92,0.15,3551.75,15371.76,2305.764,13065.996,10655.25,2410.746,0.184505337
OI005517,O02195,P020,3,5123.92,0.15,3551.75,15371.76,2305.764,13065.996,10655.25,2410.746,0.184505337
OI000463,O00181,P005,1,3320.34,0.2,245.87,3320.34,664.068,2656.272,245.87,2410.402,0.907437943
OI001994,O00787,P005,1,3320.34,0.2,245.87,3320.34,664.068,2656.272,245.87,2410.402,0.907437943
OI002837,O01122,P005,1,3320.34,0.2,245.87,3320.34,664.068,2656.272,245.87,2410.402,0.907437943
OI002368,O00939,P057,1,3618.93,0,1211.45,3618.93,0,3618.93,1211.45,2407.48,0.665246357
OI002885,O01144,P057,1,3618.93,0,1211.45,3618.93,0,3618.93,1211.45,2407.48,0.665246357
OI003446,O01370,P057,1,3618.93,0,1211.45,3618.93,0,3618.93,1211.45,2407.48,0.665246357
OI004063,O01626,P057,1,3618.93,0,1211.45,3618.93,0,3618.93,1211.45,2407.48,0.665246357
OI000363,O00144,P029,1,3811.62,0.3,262.65,3811.62,1143.486,2668.134,262.65,2405.484,0.901560416
OI001006,O00393,P029,1,3811.62,0.3,262.65,3811.62,1143.486,2668.134,262.65,2405.484,0.901560416
OI002229,O00879,P029,1,3811.62,0.3,262.65,3811.62,1143.486,2668.134,262.65,2405.484,0.901560416
OI000936,O00363,P052,2,5599.03,0.2,3277.37,11198.06,2239.612,8958.448,6554.74,2403.708,0.268317459
OI002842,O01125,P052,2,5599.03,0.2,3277.37,11198.06,2239.612,8958.448,6554.74,2403.708,0.268317459
OI004529,O01820,P052,2,5599.03,0.2,3277.37,11198.06,2239.612,8958.448,6554.74,2403.708,0.268317459
OI000351,O00140,P046,1,6490.81,0.05,3763.21,6490.81,324.5405,6166.2695,3763.21,2403.0595,0.389710424
OI002957,O01172,P024,1,6203.92,0.1,3183.57,6203.92,620.392,5583.528,3183.57,2399.958,0.429828238
OI000962,O00375,P018,2,3329.63,0.3,1132.23,6659.26,1997.778,4661.482,2264.46,2397.022,0.514218869
OI001450,O00571,P018,2,3329.63,0.3,1132.23,6659.26,1997.778,4661.482,2264.46,2397.022,0.514218869
OI003659,O01461,P018,2,3329.63,0.3,1132.23,6659.26,1997.778,4661.482,2264.46,2397.022,0.514218869
OI000572,O00224,P069,4,5592.45,0,4993.26,22369.8,0,22369.8,19973.04,2396.76,0.107142666
OI001007,O00393,P069,4,5592.45,0,4993.26,22369.8,0,22369.8,19973.04,2396.76,0.107142666
OI001666,O00661,P069,4,5592.45,0,4993.26,22369.8,0,22369.8,19973.04,2396.76,0.107142666
OI001850,O00730,P069,4,5592.45,0,4993.26,22369.8,0,22369.8,19973.04,2396.76,0.107142666
OI002217,O00872,P069,4,5592.45,0,4993.26,22369.8,0,22369.8,19973.04,2396.76,0.107142666
OI004402,O01763,P069,4,5592.45,0,4993.26,22369.8,0,22369.8,19973.04,2396.76,0.107142666
OI001541,O00612,P060,3,1760.75,0,963.34,5282.25,0,5282.25,2890.02,2392.23,0.452880875
OI002073,O00817,P060,3,1760.75,0,963.34,5282.25,0,5282.25,2890.02,2392.23,0.452880875
OI002268,O00895,P060,3,1760.75,0,963.34,5282.25,0,5282.25,2890.02,2392.23,0.452880875
OI005486,O02184,P060,3,1760.75,0,963.34,5282.25,0,5282.25,2890.02,2392.23,0.452880875
OI002591,O01025,P007,1,3880.55,0.1,1109.38,3880.55,388.055,3492.495,1109.38,2383.115,0.68235316
OI004006,O01603,P007,1,3880.55,0.1,1109.38,3880.55,388.055,3492.495,1109.38,2383.115,0.68235316
OI000071,O00029,P074,2,7323.07,0.2,4674.57,14646.14,2929.228,11716.912,9349.14,2367.772,0.202081572
OI003442,O01369,P074,2,7323.07,0.2,4674.57,14646.14,2929.228,11716.912,9349.14,2367.772,0.202081572
OI005189,O02063,P074,2,7323.07,0.2,4674.57,14646.14,2929.228,11716.912,9349.14,2367.772,0.202081572
OI001248,O00488,P047,1,6217.65,0,3858.64,6217.65,0,6217.65,3858.64,2359.01,0.379405402
OI003330,O01324,P047,1,6217.65,0,3858.64,6217.65,0,6217.65,3858.64,2359.01,0.379405402
OI003389,O01346,P047,1,6217.65,0,3858.64,6217.65,0,6217.65,3858.64,2359.01,0.379405402
OI005310,O02111,P047,1,6217.65,0,3858.64,6217.65,0,6217.65,3858.64,2359.01,0.379405402
OI005328,O02119,P047,1,6217.65,0,3858.64,6217.65,0,6217.65,3858.64,2359.01,0.379405402
OI000304,O00120,P072,4,3098.66,0.1,2200.58,12394.64,1239.464,11155.176,8802.32,2352.856,0.210920563
OI003758,O01499,P072,4,3098.66,0.1,2200.58,12394.64,1239.464,11155.176,8802.32,2352.856,0.210920563
OI004723,O01889,P072,4,3098.66,0.1,2200.58,12394.64,1239.464,11155.176,8802.32,2352.856,0.210920563
OI005113,O02035,P072,4,3098.66,0.1,2200.58,12394.64,1239.464,11155.176,8802.32,2352.856,0.210920563
OI002367,O00939,P008,3,5224.68,0.3,2873.574,15674.04,4702.212,10971.828,8620.722,2351.106,0.214285714
OI003932,O01575,P008,3,5224.68,0.3,2873.574,15674.04,4702.212,10971.828,8620.722,2351.106,0.214285714
OI004781,O01914,P008,3,5224.68,0.3,2873.574,15674.04,4702.212,10971.828,8620.722,2351.106,0.214285714
OI000343,O00138,P008,1,5224.68,0,2873.574,5224.68,0,5224.68,2873.574,2351.106,0.45
OI000468,O00182,P008,1,5224.68,0,2873.574,5224.68,0,5224.68,2873.574,2351.106,0.45
OI001105,O00431,P008,1,5224.68,0,2873.574,5224.68,0,5224.68,2873.574,2351.106,0.45
OI002746,O01086,P045,4,5481.6,0,4894.29,21926.4,0,21926.4,19577.16,2349.24,0.107142075
OI003291,O01310,P045,4,5481.6,0,4894.29,21926.4,0,21926.4,19577.16,2349.24,0.107142075
OI003943,O01578,P045,4,5481.6,0,4894.29,21926.4,0,21926.4,19577.16,2349.24,0.107142075
OI004007,O01604,P045,4,5481.6,0,4894.29,21926.4,0,21926.4,19577.16,2349.24,0.107142075
OI000409,O00160,P051,2,3109.99,0.2,1315.1,6219.98,1243.996,4975.984,2630.2,2345.784,0.47142113
OI004121,O01650,P051,2,3109.99,0.2,1315.1,6219.98,1243.996,4975.984,2630.2,2345.784,0.47142113
OI000710,O00280,P026,4,5470.33,0,4884.22,21881.32,0,21881.32,19536.88,2344.44,0.107143445
OI003517,O01398,P026,4,5470.33,0,4884.22,21881.32,0,21881.32,19536.88,2344.44,0.107143445
OI002686,O01061,P025,4,3270.83,0.3,1704.38,13083.32,3924.996,9158.324,6817.52,2340.804,0.255593054
OI004100,O01642,P025,4,3270.83,0.3,1704.38,13083.32,3924.996,9158.324,6817.52,2340.804,0.255593054
OI004315,O01724,P025,4,3270.83,0.3,1704.38,13083.32,3924.996,9158.324,6817.52,2340.804,0.255593054
OI000518,O00202,P040,1,5866.02,0.3,1770.44,5866.02,1759.806,4106.214,1770.44,2335.774,0.568838838
OI002949,O01169,P040,1,5866.02,0.3,1770.44,5866.02,1759.806,4106.214,1770.44,2335.774,0.568838838
OI005041,O02007,P040,1,5866.02,0.3,1770.44,5866.02,1759.806,4106.214,1770.44,2335.774,0.568838838
OI002225,O00877,P003,1,6285.84,0.1,3329.26,6285.84,628.584,5657.256,3329.26,2327.996,0.411506214
OI004126,O01652,P003,1,6285.84,0.1,3329.26,6285.84,628.584,5657.256,3329.26,2327.996,0.411506214
OI004047,O01618,P052,1,5599.03,0,3277.37,5599.03,0,5599.03,3277.37,2321.66,0.414653967
OI000241,O00096,P024,2,6203.92,0.3,3183.57,12407.84,3722.352,8685.488,6367.14,2318.348,0.26692202
OI000604,O00235,P024,2,6203.92,0.3,3183.57,12407.84,3722.352,8685.488,6367.14,2318.348,0.26692202
OI004372,O01750,P024,2,6203.92,0.3,3183.57,12407.84,3722.352,8685.488,6367.14,2318.348,0.26692202
OI004793,O01917,P024,2,6203.92,0.3,3183.57,12407.84,3722.352,8685.488,6367.14,2318.348,0.26692202
OI000718,O00283,P078,3,5006.54,0.05,3985.08,15019.62,750.981,14268.639,11955.24,2313.399,0.162131721
OI004421,O01770,P078,3,5006.54,0.05,3985.08,15019.62,750.981,14268.639,11955.24,2313.399,0.162131721
OI003336,O01326,P076,2,1644.18,0,487.76,3288.36,0,3288.36,975.52,2312.84,0.703341483
OI004944,O01970,P076,2,1644.18,0,487.76,3288.36,0,3288.36,975.52,2312.84,0.703341483
OI000062,O00025,P066,1,6217.53,0,3905.53,6217.53,0,6217.53,3905.53,2312,0.371851845
OI000664,O00262,P066,1,6217.53,0,3905.53,6217.53,0,6217.53,3905.53,2312,0.371851845
OI003709,O01479,P066,1,6217.53,0,3905.53,6217.53,0,6217.53,3905.53,2312,0.371851845
OI000386,O00151,P080,4,5576.76,0.1,4441.52,22307.04,2230.704,20076.336,17766.08,2310.256,0.115073587
OI000497,O00193,P080,4,5576.76,0.1,4441.52,22307.04,2230.704,20076.336,17766.08,2310.256,0.115073587
OI001812,O00717,P080,4,5576.76,0.1,4441.52,22307.04,2230.704,20076.336,17766.08,2310.256,0.115073587
OI000095,O00039,P006,1,4253.34,0.05,1733.75,4253.34,212.667,4040.673,1733.75,2306.923,0.570925437
OI002408,O00953,P006,1,4253.34,0.05,1733.75,4253.34,212.667,4040.673,1733.75,2306.923,0.570925437
OI002698,O01065,P006,1,4253.34,0.05,1733.75,4253.34,212.667,4040.673,1733.75,2306.923,0.570925437
OI002862,O01134,P006,1,4253.34,0.05,1733.75,4253.34,212.667,4040.673,1733.75,2306.923,0.570925437
OI003139,O01251,P006,1,4253.34,0.05,1733.75,4253.34,212.667,4040.673,1733.75,2306.923,0.570925437
OI001568,O00623,P028,3,6060.07,0.3,3474.32,18180.21,5454.063,12726.147,10422.96,2303.187,0.180980701
OI003360,O01336,P028,3,6060.07,0.3,3474.32,18180.21,5454.063,12726.147,10422.96,2303.187,0.180980701
OI003391,O01348,P028,3,6060.07,0.3,3474.32,18180.21,5454.063,12726.147,10422.96,2303.187,0.180980701
OI004617,O01851,P028,3,6060.07,0.3,3474.32,18180.21,5454.063,12726.147,10422.96,2303.187,0.180980701
OI001845,O00729,P079,3,2345.86,0.05,1462.57,7037.58,351.879,6685.701,4387.71,2297.991,0.343717286
OI003077,O01221,P079,3,2345.86,0.05,1462.57,7037.58,351.879,6685.701,4387.71,2297.991,0.343717286
OI003732,O01490,P079,3,2345.86,0.05,1462.57,7037.58,351.879,6685.701,4387.71,2297.991,0.343717286
OI005016,O01999,P079,3,2345.86,0.05,1462.57,7037.58,351.879,6685.701,4387.71,2297.991,0.343717286
OI000675,O00266,P021,4,5344.27,0,4771.67,21377.08,0,21377.08,19086.68,2290.4,0.10714279
OI002037,O00802,P021,4,5344.27,0,4771.67,21377.08,0,21377.08,19086.68,2290.4,0.10714279
OI002347,O00930,P021,4,5344.27,0,4771.67,21377.08,0,21377.08,19086.68,2290.4,0.10714279
OI001393,O00546,P028,1,6060.07,0.05,3474.32,6060.07,303.0035,5757.0665,3474.32,2282.7465,0.396512095
OI001493,O00588,P028,1,6060.07,0.05,3474.32,6060.07,303.0035,5757.0665,3474.32,2282.7465,0.396512095
OI002265,O00894,P028,1,6060.07,0.05,3474.32,6060.07,303.0035,5757.0665,3474.32,2282.7465,0.396512095
OI001879,O00741,P074,1,7323.07,0.05,4674.57,7323.07,366.1535,6956.9165,4674.57,2282.3465,0.328068693
OI003113,O01239,P074,1,7323.07,0.05,4674.57,7323.07,366.1535,6956.9165,4674.57,2282.3465,0.328068693
OI003259,O01296,P074,1,7323.07,0.05,4674.57,7323.07,366.1535,6956.9165,4674.57,2282.3465,0.328068693
OI005108,O02033,P074,1,7323.07,0.05,4674.57,7323.07,366.1535,6956.9165,4674.57,2282.3465,0.328068693
OI001510,O00597,P067,1,3139.17,0.05,711.17,3139.17,156.9585,2982.2115,711.17,2271.0415,0.761529321
OI002687,O01061,P067,1,3139.17,0.05,711.17,3139.17,156.9585,2982.2115,711.17,2271.0415,0.761529321
OI003053,O01213,P067,1,3139.17,0.05,711.17,3139.17,156.9585,2982.2115,711.17,2271.0415,0.761529321
OI004892,O01955,P067,1,3139.17,0.05,711.17,3139.17,156.9585,2982.2115,711.17,2271.0415,0.761529321
OI001590,O00632,P080,2,5576.76,0,4441.52,11153.52,0,11153.52,8883.04,2270.48,0.203566228
OI001434,O00563,P077,3,1850.78,0.15,819.29,5552.34,832.851,4719.489,2457.87,2261.619,0.479208448
OI001641,O00650,P077,3,1850.78,0.15,819.29,5552.34,832.851,4719.489,2457.87,2261.619,0.479208448
OI001804,O00714,P077,3,1850.78,0.15,819.29,5552.34,832.851,4719.489,2457.87,2261.619,0.479208448
OI001208,O00474,P071,1,3503.29,0.1,896.72,3503.29,350.329,3152.961,896.72,2256.241,0.715594325
OI002774,O01097,P071,1,3503.29,0.1,896.72,3503.29,350.329,3152.961,896.72,2256.241,0.715594325
OI001115,O00436,P022,1,5959.11,0.1,3108.79,5959.11,595.911,5363.199,3108.79,2254.409,0.420347819
OI002304,O00911,P022,1,5959.11,0.1,3108.79,5959.11,595.911,5363.199,3108.79,2254.409,0.420347819
OI003060,O01215,P022,1,5959.11,0.1,3108.79,5959.11,595.911,5363.199,3108.79,2254.409,0.420347819
OI004873,O01948,P053,4,2116.53,0,1553.2,8466.12,0,8466.12,6212.8,2253.32,0.266157342
OI000450,O00174,P034,4,5252.02,0,4689.3,21008.08,0,21008.08,18757.2,2250.88,0.107143537
OI000937,O00364,P034,4,5252.02,0,4689.3,21008.08,0,21008.08,18757.2,2250.88,0.107143537
OI000997,O00389,P034,4,5252.02,0,4689.3,21008.08,0,21008.08,18757.2,2250.88,0.107143537
OI004032,O01612,P034,4,5252.02,0,4689.3,21008.08,0,21008.08,18757.2,2250.88,0.107143537
OI004411,O01766,P034,4,5252.02,0,4689.3,21008.08,0,21008.08,18757.2,2250.88,0.107143537
OI000398,O00155,P047,2,6217.65,0.2,3858.64,12435.3,2487.06,9948.24,7717.28,2230.96,0.224256753
OI001289,O00503,P047,2,6217.65,0.2,3858.64,12435.3,2487.06,9948.24,7717.28,2230.96,0.224256753
OI000191,O00076,P072,3,3098.66,0.05,2200.58,9295.98,464.799,8831.181,6601.74,2229.441,0.252451059
OI004141,O01656,P072,3,3098.66,0.05,2200.58,9295.98,464.799,8831.181,6601.74,2229.441,0.252451059
OI001063,O00415,P057,1,3618.93,0.05,1211.45,3618.93,180.9465,3437.9835,1211.45,2226.5335,0.647627745
OI001702,O00675,P057,1,3618.93,0.05,1211.45,3618.93,180.9465,3437.9835,1211.45,2226.5335,0.647627745
OI003151,O01254,P057,1,3618.93,0.05,1211.45,3618.93,180.9465,3437.9835,1211.45,2226.5335,0.647627745
OI005116,O02036,P057,1,3618.93,0.05,1211.45,3618.93,180.9465,3437.9835,1211.45,2226.5335,0.647627745
OI003006,O01193,P018,1,3329.63,0,1132.23,3329.63,0,3329.63,1132.23,2197.4,0.659953208
OI003946,O01579,P018,1,3329.63,0,1132.23,3329.63,0,3329.63,1132.23,2197.4,0.659953208
OI004537,O01823,P018,1,3329.63,0,1132.23,3329.63,0,3329.63,1132.23,2197.4,0.659953208
OI002243,O00885,P042,4,5125.64,0,4576.46,20502.56,0,20502.56,18305.84,2196.72,0.107143693
OI003961,O01585,P065,4,1521.26,0.1,820.9,6085.04,608.504,5476.536,3283.6,2192.936,0.400423918
OI000469,O00183,P017,4,5112.9,0,4565.09,20451.6,0,20451.6,18260.36,2191.24,0.107142717
OI002133,O00842,P017,4,5112.9,0,4565.09,20451.6,0,20451.6,18260.36,2191.24,0.107142717
OI004467,O01794,P017,4,5112.9,0,4565.09,20451.6,0,20451.6,18260.36,2191.24,0.107142717
OI005140,O02046,P017,4,5112.9,0,4565.09,20451.6,0,20451.6,18260.36,2191.24,0.107142717
OI000008,O00005,P020,4,5123.92,0.2,3551.75,20495.68,4099.136,16396.544,14207,2189.544,0.133536921
OI001642,O00651,P020,4,5123.92,0.2,3551.75,20495.68,4099.136,16396.544,14207,2189.544,0.133536921
OI003001,O01191,P020,4,5123.92,0.2,3551.75,20495.68,4099.136,16396.544,14207,2189.544,0.133536921
OI003594,O01431,P020,4,5123.92,0.2,3551.75,20495.68,4099.136,16396.544,14207,2189.544,0.133536921
OI005351,O02127,P020,4,5123.92,0.2,3551.75,20495.68,4099.136,16396.544,14207,2189.544,0.133536921
OI005439,O02160,P020,4,5123.92,0.2,3551.75,20495.68,4099.136,16396.544,14207,2189.544,0.133536921
OI000576,O00225,P007,1,3880.55,0.15,1109.38,3880.55,582.0825,3298.4675,1109.38,2189.0875,0.663668052
OI002379,O00942,P007,1,3880.55,0.15,1109.38,3880.55,582.0825,3298.4675,1109.38,2189.0875,0.663668052
OI000551,O00216,P032,1,6623.25,0.2,3109.6,6623.25,1324.65,5298.6,3109.6,2189,0.413127996
OI002997,O01190,P032,1,6623.25,0.2,3109.6,6623.25,1324.65,5298.6,3109.6,2189,0.413127996
OI004305,O01719,P032,1,6623.25,0.2,3109.6,6623.25,1324.65,5298.6,3109.6,2189,0.413127996
OI001135,O00444,P055,3,3905.29,0.05,2991.91,11715.87,585.7935,11130.0765,8975.73,2154.3465,0.193560799
OI003876,O01550,P055,3,3905.29,0.05,2991.91,11715.87,585.7935,11130.0765,8975.73,2154.3465,0.193560799
OI004607,O01848,P055,3,3905.29,0.05,2991.91,11715.87,585.7935,11130.0765,8975.73,2154.3465,0.193560799
OI001163,O00456,P025,2,3270.83,0.15,1704.38,6541.66,981.249,5560.411,3408.76,2151.651,0.386958986
OI001295,O00505,P025,2,3270.83,0.15,1704.38,6541.66,981.249,5560.411,3408.76,2151.651,0.386958986
OI001324,O00519,P025,2,3270.83,0.15,1704.38,6541.66,981.249,5560.411,3408.76,2151.651,0.386958986
OI004000,O01599,P025,2,3270.83,0.15,1704.38,6541.66,981.249,5560.411,3408.76,2151.651,0.386958986
OI004261,O01700,P025,2,3270.83,0.15,1704.38,6541.66,981.249,5560.411,3408.76,2151.651,0.386958986
OI000428,O00167,P076,2,1644.18,0.05,487.76,3288.36,164.418,3123.942,975.52,2148.422,0.687727877
OI001853,O00732,P076,2,1644.18,0.05,487.76,3288.36,164.418,3123.942,975.52,2148.422,0.687727877
OI002681,O01059,P076,2,1644.18,0.05,487.76,3288.36,164.418,3123.942,975.52,2148.422,0.687727877
OI004240,O01691,P076,2,1644.18,0.05,487.76,3288.36,164.418,3123.942,975.52,2148.422,0.687727877
OI002260,O00892,P003,2,6285.84,0.3,3329.26,12571.68,3771.504,8800.176,6658.52,2141.656,0.243365133
OI004329,O01731,P003,2,6285.84,0.3,3329.26,12571.68,3771.504,8800.176,6658.52,2141.656,0.243365133
OI004417,O01769,P003,2,6285.84,0.3,3329.26,12571.68,3771.504,8800.176,6658.52,2141.656,0.243365133
OI005221,O02077,P003,2,6285.84,0.3,3329.26,12571.68,3771.504,8800.176,6658.52,2141.656,0.243365133
OI001303,O00509,P066,2,6217.53,0.2,3905.53,12435.06,2487.012,9948.048,7811.06,2136.988,0.214814806
OI001900,O00749,P066,2,6217.53,0.2,3905.53,12435.06,2487.012,9948.048,7811.06,2136.988,0.214814806
OI002878,O01140,P066,2,6217.53,0.2,3905.53,12435.06,2487.012,9948.048,7811.06,2136.988,0.214814806
OI004233,O01690,P066,2,6217.53,0.2,3905.53,12435.06,2487.012,9948.048,7811.06,2136.988,0.214814806
OI005099,O02030,P060,4,1760.75,0.15,963.34,7043,1056.45,5986.55,3853.36,2133.19,0.356330441
OI001741,O00690,P060,3,1760.75,0.05,963.34,5282.25,264.1125,5018.1375,2890.02,2128.1175,0.424085131
OI004487,O01802,P060,3,1760.75,0.05,963.34,5282.25,264.1125,5018.1375,2890.02,2128.1175,0.424085131
OI001724,O00682,P079,4,2345.86,0.15,1462.57,9383.44,1407.516,7975.924,5850.28,2125.644,0.266507554
OI003103,O01235,P079,4,2345.86,0.15,1462.57,9383.44,1407.516,7975.924,5850.28,2125.644,0.266507554
OI005367,O02134,P079,4,2345.86,0.15,1462.57,9383.44,1407.516,7975.924,5850.28,2125.644,0.266507554
OI001675,O00667,P022,2,5959.11,0.3,3108.79,11918.22,3575.466,8342.754,6217.58,2125.174,0.25473291
OI002062,O00814,P022,2,5959.11,0.3,3108.79,11918.22,3575.466,8342.754,6217.58,2125.174,0.25473291
OI000600,O00234,P073,1,6594.36,0.2,3155.39,6594.36,1318.872,5275.488,3155.39,2120.098,0.401877134
OI000165,O00067,P020,2,5123.92,0.1,3551.75,10247.84,1024.784,9223.056,7103.5,2119.556,0.229810596
OI002012,O00793,P020,2,5123.92,0.1,3551.75,10247.84,1024.784,9223.056,7103.5,2119.556,0.229810596
OI002592,O01025,P067,1,3139.17,0.1,711.17,3139.17,313.917,2825.253,711.17,2114.083,0.74828095
OI003285,O01307,P067,1,3139.17,0.1,711.17,3139.17,313.917,2825.253,711.17,2114.083,0.74828095
OI002639,O01043,P031,4,4921.58,0,4394.27,19686.32,0,19686.32,17577.08,2109.24,0.107142422
OI003175,O01266,P031,4,4921.58,0,4394.27,19686.32,0,19686.32,17577.08,2109.24,0.107142422
OI003468,O01380,P031,4,4921.58,0,4394.27,19686.32,0,19686.32,17577.08,2109.24,0.107142422
OI002269,O00896,P065,3,1521.26,0,820.9,4563.78,0,4563.78,2462.7,2101.08,0.460381526
OI004884,O01953,P065,3,1521.26,0,820.9,4563.78,0,4563.78,2462.7,2101.08,0.460381526
OI000733,O00289,P006,1,4253.34,0.1,1733.75,4253.34,425.334,3828.006,1733.75,2094.256,0.547087962
OI003735,O01490,P006,1,4253.34,0.1,1733.75,4253.34,425.334,3828.006,1733.75,2094.256,0.547087962
OI004879,O01951,P006,1,4253.34,0.1,1733.75,4253.34,425.334,3828.006,1733.75,2094.256,0.547087962
OI000650,O00254,P008,1,5224.68,0.05,2873.574,5224.68,261.234,4963.446,2873.574,2089.872,0.421052632
OI002248,O00886,P008,1,5224.68,0.05,2873.574,5224.68,261.234,4963.446,2873.574,2089.872,0.421052632
OI002793,O01104,P008,1,5224.68,0.05,2873.574,5224.68,261.234,4963.446,2873.574,2089.872,0.421052632
OI002453,O00974,P024,1,6203.92,0.15,3183.57,6203.92,930.588,5273.332,3183.57,2089.762,0.396288722
OI002539,O01004,P024,1,6203.92,0.15,3183.57,6203.92,930.588,5273.332,3183.57,2089.762,0.396288722
OI000082,O00034,P078,4,5006.54,0.1,3985.08,20026.16,2002.616,18023.544,15940.32,2083.224,0.115583483
OI001083,O00421,P078,4,5006.54,0.1,3985.08,20026.16,2002.616,18023.544,15940.32,2083.224,0.115583483
OI003522,O01400,P078,4,5006.54,0.1,3985.08,20026.16,2002.616,18023.544,15940.32,2083.224,0.115583483
OI004819,O01928,P078,4,5006.54,0.1,3985.08,20026.16,2002.616,18023.544,15940.32,2083.224,0.115583483
OI005284,O02101,P078,4,5006.54,0.1,3985.08,20026.16,2002.616,18023.544,15940.32,2083.224,0.115583483
OI001250,O00489,P071,1,3503.29,0.15,896.72,3503.29,525.4935,2977.7965,896.72,2081.0765,0.69886458
OI001745,O00692,P071,1,3503.29,0.15,896.72,3503.29,525.4935,2977.7965,896.72,2081.0765,0.69886458
OI002922,O01160,P071,1,3503.29,0.15,896.72,3503.29,525.4935,2977.7965,896.72,2081.0765,0.69886458
OI003094,O01231,P071,1,3503.29,0.15,896.72,3503.29,525.4935,2977.7965,896.72,2081.0765,0.69886458
OI003565,O01418,P071,1,3503.29,0.15,896.72,3503.29,525.4935,2977.7965,896.72,2081.0765,0.69886458
OI005489,O02184,P071,1,3503.29,0.15,896.72,3503.29,525.4935,2977.7965,896.72,2081.0765,0.69886458
OI001925,O00761,P046,1,6490.81,0.1,3763.21,6490.81,649.081,5841.729,3763.21,2078.519,0.355805447
OI000220,O00088,P005,1,3320.34,0.3,245.87,3320.34,996.102,2324.238,245.87,2078.368,0.894214792
OI000262,O00104,P005,1,3320.34,0.3,245.87,3320.34,996.102,2324.238,245.87,2078.368,0.894214792
OI002742,O01085,P005,1,3320.34,0.3,245.87,3320.34,996.102,2324.238,245.87,2078.368,0.894214792
OI004156,O01662,P059,4,4842.61,0,4323.76,19370.44,0,19370.44,17295.04,2075.4,0.107142636
OI003752,O01496,P077,2,1850.78,0,819.29,3701.56,0,3701.56,1638.58,2062.98,0.557327181
OI004850,O01941,P077,2,1850.78,0,819.29,3701.56,0,3701.56,1638.58,2062.98,0.557327181
OI000104,O00043,P035,4,4806.84,0,4291.82,19227.36,0,19227.36,17167.28,2060.08,0.107143154
OI000342,O00138,P035,4,4806.84,0,4291.82,19227.36,0,19227.36,17167.28,2060.08,0.107143154
OI003953,O01581,P035,4,4806.84,0,4291.82,19227.36,0,19227.36,17167.28,2060.08,0.107143154
OI005347,O02126,P035,4,4806.84,0,4291.82,19227.36,0,19227.36,17167.28,2060.08,0.107143154
OI000138,O00056,P075,3,6578.23,0.15,4906.98,19734.69,2960.2035,16774.4865,14720.94,2053.5465,0.122420826
OI002927,O01161,P075,3,6578.23,0.15,4906.98,19734.69,2960.2035,16774.4865,14720.94,2053.5465,0.122420826
OI003015,O01196,P075,3,6578.23,0.15,4906.98,19734.69,2960.2035,16774.4865,14720.94,2053.5465,0.122420826
OI001464,O00576,P047,1,6217.65,0.05,3858.64,6217.65,310.8825,5906.7675,3858.64,2048.1275,0.346742529
OI005468,O02173,P047,1,6217.65,0.05,3858.64,6217.65,310.8825,5906.7675,3858.64,2048.1275,0.346742529
OI001749,O00694,P057,1,3618.93,0.1,1211.45,3618.93,361.893,3257.037,1211.45,2045.587,0.628051508
OI003812,O01521,P057,1,3618.93,0.1,1211.45,3618.93,361.893,3257.037,1211.45,2045.587,0.628051508
OI001615,O00641,P078,2,5006.54,0,3985.08,10013.08,0,10013.08,7970.16,2042.92,0.204025135
OI002614,O01034,P078,2,5006.54,0,3985.08,10013.08,0,10013.08,7970.16,2042.92,0.204025135
OI005129,O02041,P078,2,5006.54,0,3985.08,10013.08,0,10013.08,7970.16,2042.92,0.204025135
OI001761,O00698,P052,1,5599.03,0.05,3277.37,5599.03,279.9515,5319.0785,3277.37,2041.7085,0.383846281
OI004995,O01989,P052,1,5599.03,0.05,3277.37,5599.03,279.9515,5319.0785,3277.37,2041.7085,0.383846281
OI001433,O00562,P044,4,4748.93,0,4240.12,18995.72,0,18995.72,16960.48,2035.24,0.10714203
OI001251,O00489,P018,1,3329.63,0.05,1132.23,3329.63,166.4815,3163.1485,1132.23,2030.9185,0.642056008
OI001508,O00596,P018,1,3329.63,0.05,1132.23,3329.63,166.4815,3163.1485,1132.23,2030.9185,0.642056008
OI002057,O00813,P018,1,3329.63,0.05,1132.23,3329.63,166.4815,3163.1485,1132.23,2030.9185,0.642056008
OI002522,O01000,P018,1,3329.63,0.05,1132.23,3329.63,166.4815,3163.1485,1132.23,2030.9185,0.642056008
OI003401,O01352,P018,1,3329.63,0.05,1132.23,3329.63,166.4815,3163.1485,1132.23,2030.9185,0.642056008
OI005464,O02172,P018,1,3329.63,0.05,1132.23,3329.63,166.4815,3163.1485,1132.23,2030.9185,0.642056008
OI000073,O00029,P075,2,6578.23,0.1,4906.98,13156.46,1315.646,11840.814,9813.96,2026.854,0.171175225
OI001764,O00700,P075,2,6578.23,0.1,4906.98,13156.46,1315.646,11840.814,9813.96,2026.854,0.171175225
OI001556,O00618,P064,4,4726.39,0,4219.99,18905.56,0,18905.56,16879.96,2025.6,0.107143084
OI004092,O01639,P064,4,4726.39,0,4219.99,18905.56,0,18905.56,16879.96,2025.6,0.107143084
OI005035,O02005,P064,4,4726.39,0,4219.99,18905.56,0,18905.56,16879.96,2025.6,0.107143084
OI004509,O01813,P012,1,3994.33,0.3,777.41,3994.33,1198.299,2796.031,777.41,2018.621,0.721959449
OI001514,O00599,P003,1,6285.84,0.15,3329.26,6285.84,942.876,5342.964,3329.26,2013.704,0.376888933
OI005111,O02034,P003,1,6285.84,0.15,3329.26,6285.84,942.876,5342.964,3329.26,2013.704,0.376888933
OI001277,O00499,P066,1,6217.53,0.05,3905.53,6217.53,310.8765,5906.6535,3905.53,2001.1235,0.338791415
OI003543,O01407,P066,1,6217.53,0.05,3905.53,6217.53,310.8765,5906.6535,3905.53,2001.1235,0.338791415
OI004714,O01887,P066,1,6217.53,0.05,3905.53,6217.53,310.8765,5906.6535,3905.53,2001.1235,0.338791415
OI002180,O00860,P007,1,3880.55,0.2,1109.38,3880.55,776.11,3104.44,1109.38,1995.06,0.642647305
OI001544,O00613,P076,3,1644.18,0.3,487.76,4932.54,1479.762,3452.778,1463.28,1989.498,0.576202119
OI001931,O00763,P076,3,1644.18,0.3,487.76,4932.54,1479.762,3452.778,1463.28,1989.498,0.576202119
OI001985,O00783,P076,3,1644.18,0.3,487.76,4932.54,1479.762,3452.778,1463.28,1989.498,0.576202119
OI000128,O00052,P076,2,1644.18,0.1,487.76,3288.36,328.836,2959.524,975.52,1984.004,0.670379426
OI000454,O00177,P076,2,1644.18,0.1,487.76,3288.36,328.836,2959.524,975.52,1984.004,0.670379426
OI001114,O00435,P076,2,1644.18,0.1,487.76,3288.36,328.836,2959.524,975.52,1984.004,0.670379426
OI002203,O00867,P076,2,1644.18,0.1,487.76,3288.36,328.836,2959.524,975.52,1984.004,0.670379426
OI001156,O00453,P077,3,1850.78,0.2,819.29,5552.34,1110.468,4441.872,2457.87,1984.002,0.446658976
OI001351,O00527,P077,3,1850.78,0.2,819.29,5552.34,1110.468,4441.872,2457.87,1984.002,0.446658976
OI003143,O01252,P077,3,1850.78,0.2,819.29,5552.34,1110.468,4441.872,2457.87,1984.002,0.446658976
OI004870,O01948,P077,3,1850.78,0.2,819.29,5552.34,1110.468,4441.872,2457.87,1984.002,0.446658976
OI002403,O00952,P028,1,6060.07,0.1,3474.32,6060.07,606.007,5454.063,3474.32,1979.743,0.362984989
OI002868,O01136,P028,1,6060.07,0.1,3474.32,6060.07,606.007,5454.063,3474.32,1979.743,0.362984989
OI003656,O01459,P028,1,6060.07,0.1,3474.32,6060.07,606.007,5454.063,3474.32,1979.743,0.362984989
OI003744,O01493,P028,1,6060.07,0.1,3474.32,6060.07,606.007,5454.063,3474.32,1979.743,0.362984989
OI000700,O00276,P047,4,6217.65,0.3,3858.64,24870.6,7461.18,17409.42,15434.56,1974.86,0.113436289
OI002870,O01136,P047,4,6217.65,0.3,3858.64,24870.6,7461.18,17409.42,15434.56,1974.86,0.113436289
OI000190,O00076,P009,3,4981.98,0,4324.06,14945.94,0,14945.94,12972.18,1973.76,0.132059944
OI000861,O00339,P009,3,4981.98,0,4324.06,14945.94,0,14945.94,12972.18,1973.76,0.132059944
OI003629,O01447,P009,3,4981.98,0,4324.06,14945.94,0,14945.94,12972.18,1973.76,0.132059944
OI004532,O01822,P009,3,4981.98,0,4324.06,14945.94,0,14945.94,12972.18,1973.76,0.132059944
OI001332,O00522,P043,3,6217.67,0.15,4630.79,18653.01,2797.9515,15855.0585,13892.37,1962.6885,0.12378942
OI003481,O01384,P043,3,6217.67,0.15,4630.79,18653.01,2797.9515,15855.0585,13892.37,1962.6885,0.12378942
OI000888,O00348,P067,1,3139.17,0.15,711.17,3139.17,470.8755,2668.2945,711.17,1957.1245,0.733473947
OI004037,O01615,P067,1,3139.17,0.15,711.17,3139.17,470.8755,2668.2945,711.17,1957.1245,0.733473947
OI004403,O01764,P067,1,3139.17,0.15,711.17,3139.17,470.8755,2668.2945,711.17,1957.1245,0.733473947
OI004650,O01863,P067,1,3139.17,0.15,711.17,3139.17,470.8755,2668.2945,711.17,1957.1245,0.733473947
OI000908,O00355,P022,1,5959.11,0.15,3108.79,5959.11,893.8665,5065.2435,3108.79,1956.4535,0.386250631
OI001223,O00480,P022,1,5959.11,0.15,3108.79,5959.11,893.8665,5065.2435,3108.79,1956.4535,0.386250631
OI004069,O01628,P022,1,5959.11,0.15,3108.79,5959.11,893.8665,5065.2435,3108.79,1956.4535,0.386250631
OI005244,O02083,P022,1,5959.11,0.15,3108.79,5959.11,893.8665,5065.2435,3108.79,1956.4535,0.386250631
OI001571,O00624,P079,3,2345.86,0.1,1462.57,7037.58,703.758,6333.822,4387.71,1946.112,0.307257135
OI003489,O01386,P079,3,2345.86,0.1,1462.57,7037.58,703.758,6333.822,4387.71,1946.112,0.307257135
OI004918,O01963,P079,3,2345.86,0.1,1462.57,7037.58,703.758,6333.822,4387.71,1946.112,0.307257135
OI002489,O00985,P043,2,6217.67,0.1,4630.79,12435.34,1243.534,11191.806,9261.58,1930.226,0.172467786
OI002888,O01146,P043,2,6217.67,0.1,4630.79,12435.34,1243.534,11191.806,9261.58,1930.226,0.172467786
OI001296,O00505,P063,4,4500.08,0,4017.93,18000.32,0,18000.32,16071.72,1928.6,0.10714254
OI001338,O00523,P063,4,4500.08,0,4017.93,18000.32,0,18000.32,16071.72,1928.6,0.10714254
OI001974,O00779,P063,4,4500.08,0,4017.93,18000.32,0,18000.32,16071.72,1928.6,0.10714254
OI002665,O01053,P063,4,4500.08,0,4017.93,18000.32,0,18000.32,16071.72,1928.6,0.10714254
OI003586,O01428,P063,4,4500.08,0,4017.93,18000.32,0,18000.32,16071.72,1928.6,0.10714254
OI004182,O01671,P063,4,4500.08,0,4017.93,18000.32,0,18000.32,16071.72,1928.6,0.10714254
OI002048,O00808,P074,1,7323.07,0.1,4674.57,7323.07,732.307,6590.763,4674.57,1916.193,0.290739175
OI001113,O00435,P071,1,3503.29,0.2,896.72,3503.29,700.658,2802.632,896.72,1905.912,0.680043616
OI005353,O02129,P071,1,3503.29,0.2,896.72,3503.29,700.658,2802.632,896.72,1905.912,0.680043616
OI002606,O01031,P077,4,1850.78,0.3,819.29,7403.12,2220.936,5182.184,3277.16,1905.024,0.367610259
OI003598,O01433,P077,4,1850.78,0.3,819.29,7403.12,2220.936,5182.184,3277.16,1905.024,0.367610259
OI000282,O00111,P065,4,1521.26,0.15,820.9,6085.04,912.756,5172.284,3283.6,1888.684,0.365154736
OI000368,O00145,P065,4,1521.26,0.15,820.9,6085.04,912.756,5172.284,3283.6,1888.684,0.365154736
OI002607,O01032,P065,4,1521.26,0.15,820.9,6085.04,912.756,5172.284,3283.6,1888.684,0.365154736
OI002923,O01160,P065,4,1521.26,0.15,820.9,6085.04,912.756,5172.284,3283.6,1888.684,0.365154736
OI003730,O01489,P065,4,1521.26,0.15,820.9,6085.04,912.756,5172.284,3283.6,1888.684,0.365154736
OI004027,O01611,P065,4,1521.26,0.15,820.9,6085.04,912.756,5172.284,3283.6,1888.684,0.365154736
OI005001,O01991,P065,4,1521.26,0.15,820.9,6085.04,912.756,5172.284,3283.6,1888.684,0.365154736
OI003529,O01403,P027,1,5678.95,0.3,2088.43,5678.95,1703.685,3975.265,2088.43,1886.835,0.474643829
OI004488,O01802,P027,1,5678.95,0.3,2088.43,5678.95,1703.685,3975.265,2088.43,1886.835,0.474643829
OI000541,O00212,P006,1,4253.34,0.15,1733.75,4253.34,638.001,3615.339,1733.75,1881.589,0.520446077
OI000779,O00306,P006,1,4253.34,0.15,1733.75,4253.34,638.001,3615.339,1733.75,1881.589,0.520446077
OI001003,O00392,P006,1,4253.34,0.15,1733.75,4253.34,638.001,3615.339,1733.75,1881.589,0.520446077
OI004478,O01798,P077,2,1850.78,0.05,819.29,3701.56,185.078,3516.482,1638.58,1877.902,0.534028612
OI005518,O02195,P077,2,1850.78,0.05,819.29,3701.56,185.078,3516.482,1638.58,1877.902,0.534028612
OI000822,O00324,P065,3,1521.26,0.05,820.9,4563.78,228.189,4335.591,2462.7,1872.891,0.431980554
OI003485,O01385,P065,3,1521.26,0.05,820.9,4563.78,228.189,4335.591,2462.7,1872.891,0.431980554
OI002999,O01190,P057,1,3618.93,0.15,1211.45,3618.93,542.8395,3076.0905,1211.45,1864.6405,0.606172185
OI005087,O02024,P057,1,3618.93,0.15,1211.45,3618.93,542.8395,3076.0905,1211.45,1864.6405,0.606172185
OI002419,O00959,P018,1,3329.63,0.1,1132.23,3329.63,332.963,2996.667,1132.23,1864.437,0.622170231
OI004887,O01953,P018,1,3329.63,0.1,1132.23,3329.63,332.963,2996.667,1132.23,1864.437,0.622170231
OI005459,O02169,P060,3,1760.75,0.1,963.34,5282.25,528.225,4754.025,2890.02,1864.005,0.392089861
OI000161,O00065,P011,1,7495.81,0.3,3389.07,7495.81,2248.743,5247.067,3389.07,1857.997,0.354102015
OI001475,O00582,P011,1,7495.81,0.3,3389.07,7495.81,2248.743,5247.067,3389.07,1857.997,0.354102015
OI002227,O00879,P011,1,7495.81,0.3,3389.07,7495.81,2248.743,5247.067,3389.07,1857.997,0.354102015
OI004580,O01838,P011,1,7495.81,0.3,3389.07,7495.81,2248.743,5247.067,3389.07,1857.997,0.354102015
OI002474,O00980,P049,1,6189.2,0.3,2480.95,6189.2,1856.76,4332.44,2480.95,1851.49,0.427355024
OI003024,O01200,P049,1,6189.2,0.3,2480.95,6189.2,1856.76,4332.44,2480.95,1851.49,0.427355024
OI004018,O01608,P049,1,6189.2,0.3,2480.95,6189.2,1856.76,4332.44,2480.95,1851.49,0.427355024
OI004749,O01902,P049,1,6189.2,0.3,2480.95,6189.2,1856.76,4332.44,2480.95,1851.49,0.427355024
OI001102,O00430,P048,4,4310.39,0,3848.56,17241.56,0,17241.56,15394.24,1847.32,0.107143437
OI001372,O00535,P048,4,4310.39,0,3848.56,17241.56,0,17241.56,15394.24,1847.32,0.107143437
OI002199,O00865,P048,4,4310.39,0,3848.56,17241.56,0,17241.56,15394.24,1847.32,0.107143437
OI003677,O01467,P048,4,4310.39,0,3848.56,17241.56,0,17241.56,15394.24,1847.32,0.107143437
OI003894,O01557,P048,4,4310.39,0,3848.56,17241.56,0,17241.56,15394.24,1847.32,0.107143437
OI004493,O01804,P048,4,4310.39,0,3848.56,17241.56,0,17241.56,15394.24,1847.32,0.107143437
OI002417,O00958,P056,1,5689.43,0.3,2138.41,5689.43,1706.829,3982.601,2138.41,1844.191,0.463061954
OI000799,O00316,P053,4,2116.53,0.05,1553.2,8466.12,423.306,8042.814,6212.8,1830.014,0.227534045
OI003692,O01474,P053,4,2116.53,0.05,1553.2,8466.12,423.306,8042.814,6212.8,1830.014,0.227534045
OI000402,O00157,P055,2,3905.29,0,2991.91,7810.58,0,7810.58,5983.82,1826.76,0.233882759
OI000531,O00207,P055,2,3905.29,0,2991.91,7810.58,0,7810.58,5983.82,1826.76,0.233882759
OI002150,O00849,P055,2,3905.29,0,2991.91,7810.58,0,7810.58,5983.82,1826.76,0.233882759
OI001298,O00506,P025,2,3270.83,0.2,1704.38,6541.66,1308.332,5233.328,3408.76,1824.568,0.348643922
OI002900,O01150,P025,2,3270.83,0.2,1704.38,6541.66,1308.332,5233.328,3408.76,1824.568,0.348643922
OI005236,O02081,P025,2,3270.83,0.2,1704.38,6541.66,1308.332,5233.328,3408.76,1824.568,0.348643922
OI001374,O00537,P076,2,1644.18,0.15,487.76,3288.36,493.254,2795.106,975.52,1819.586,0.65098998
OI001947,O00769,P076,2,1644.18,0.15,487.76,3288.36,493.254,2795.106,975.52,1819.586,0.65098998
OI002476,O00981,P076,2,1644.18,0.15,487.76,3288.36,493.254,2795.106,975.52,1819.586,0.65098998
OI002750,O01087,P076,2,1644.18,0.15,487.76,3288.36,493.254,2795.106,975.52,1819.586,0.65098998
OI003434,O01364,P076,2,1644.18,0.15,487.76,3288.36,493.254,2795.106,975.52,1819.586,0.65098998
OI004253,O01697,P076,2,1644.18,0.15,487.76,3288.36,493.254,2795.106,975.52,1819.586,0.65098998
OI004517,O01817,P076,2,1644.18,0.15,487.76,3288.36,493.254,2795.106,975.52,1819.586,0.65098998
OI005453,O02166,P076,2,1644.18,0.15,487.76,3288.36,493.254,2795.106,975.52,1819.586,0.65098998
OI002490,O00986,P074,4,7323.07,0.3,4674.57,29292.28,8787.684,20504.596,18698.28,1806.316,0.088093226
OI003187,O01270,P074,4,7323.07,0.3,4674.57,29292.28,8787.684,20504.596,18698.28,1806.316,0.088093226
OI004030,O01612,P074,4,7323.07,0.3,4674.57,29292.28,8787.684,20504.596,18698.28,1806.316,0.088093226
OI001558,O00618,P067,1,3139.17,0.2,711.17,3139.17,627.834,2511.336,711.17,1800.166,0.716816069
OI001787,O00708,P067,1,3139.17,0.2,711.17,3139.17,627.834,2511.336,711.17,1800.166,0.716816069
OI000198,O00078,P069,3,5592.45,0,4993.26,16777.35,0,16777.35,14979.78,1797.57,0.107142666
OI000108,O00045,P072,2,3098.66,0,2200.58,6197.32,0,6197.32,4401.16,1796.16,0.289828507
OI002365,O00938,P072,2,3098.66,0,2200.58,6197.32,0,6197.32,4401.16,1796.16,0.289828507
OI002970,O01176,P072,2,3098.66,0,2200.58,6197.32,0,6197.32,4401.16,1796.16,0.289828507
OI003917,O01568,P072,2,3098.66,0,2200.58,6197.32,0,6197.32,4401.16,1796.16,0.289828507
OI001378,O00540,P051,1,3109.99,0,1315.1,3109.99,0,3109.99,1315.1,1794.89,0.577136904
OI003823,O01527,P051,1,3109.99,0,1315.1,3109.99,0,3109.99,1315.1,1794.89,0.577136904
OI004851,O01941,P051,1,3109.99,0,1315.1,3109.99,0,3109.99,1315.1,1794.89,0.577136904
OI005057,O02012,P066,4,6217.53,0.3,3905.53,24870.12,7461.036,17409.084,15622.12,1786.964,0.102645492
OI000951,O00370,P060,4,1760.75,0.2,963.34,7043,1408.6,5634.4,3853.36,1781.04,0.316101093
OI000971,O00378,P060,4,1760.75,0.2,963.34,7043,1408.6,5634.4,3853.36,1781.04,0.316101093
OI002556,O01010,P060,4,1760.75,0.2,963.34,7043,1408.6,5634.4,3853.36,1781.04,0.316101093
OI002499,O00990,P024,1,6203.92,0.2,3183.57,6203.92,1240.784,4963.136,3183.57,1779.566,0.358556767
OI002867,O01136,P024,1,6203.92,0.2,3183.57,6203.92,1240.784,4963.136,3183.57,1779.566,0.358556767
OI003251,O01293,P024,1,6203.92,0.2,3183.57,6203.92,1240.784,4963.136,3183.57,1779.566,0.358556767
OI001142,O00446,P079,2,2345.86,0,1462.57,4691.72,0,4691.72,2925.14,1766.58,0.376531421
OI003880,O01552,P079,2,2345.86,0,1462.57,4691.72,0,4691.72,2925.14,1766.58,0.376531421
OI003527,O01402,P072,3,3098.66,0.1,2200.58,9295.98,929.598,8366.382,6601.74,1764.642,0.210920563
OI004175,O01667,P072,3,3098.66,0.1,2200.58,9295.98,929.598,8366.382,6601.74,1764.642,0.210920563
OI004241,O01692,P072,3,3098.66,0.1,2200.58,9295.98,929.598,8366.382,6601.74,1764.642,0.210920563
OI000321,O00129,P045,3,5481.6,0,4894.29,16444.8,0,16444.8,14682.87,1761.93,0.107142075
OI000843,O00332,P045,3,5481.6,0,4894.29,16444.8,0,16444.8,14682.87,1761.93,0.107142075
OI002919,O01159,P045,3,5481.6,0,4894.29,16444.8,0,16444.8,14682.87,1761.93,0.107142075
OI003491,O01387,P045,3,5481.6,0,4894.29,16444.8,0,16444.8,14682.87,1761.93,0.107142075
OI003560,O01416,P052,1,5599.03,0.1,3277.37,5599.03,559.903,5039.127,3277.37,1761.757,0.349615519
OI003996,O01598,P052,1,5599.03,0.1,3277.37,5599.03,559.903,5039.127,3277.37,1761.757,0.349615519
OI004343,O01738,P052,1,5599.03,0.1,3277.37,5599.03,559.903,5039.127,3277.37,1761.757,0.349615519
OI000764,O00299,P026,3,5470.33,0,4884.22,16410.99,0,16410.99,14652.66,1758.33,0.107143445
OI001405,O00552,P026,3,5470.33,0,4884.22,16410.99,0,16410.99,14652.66,1758.33,0.107143445
OI003452,O01373,P026,3,5470.33,0,4884.22,16410.99,0,16410.99,14652.66,1758.33,0.107143445
OI004053,O01620,P026,3,5470.33,0,4884.22,16410.99,0,16410.99,14652.66,1758.33,0.107143445
OI000041,O00017,P025,3,3270.83,0.3,1704.38,9812.49,2943.747,6868.743,5113.14,1755.603,0.255593054
OI002022,O00796,P025,3,3270.83,0.3,1704.38,9812.49,2943.747,6868.743,5113.14,1755.603,0.255593054
OI002747,O01086,P025,3,3270.83,0.3,1704.38,9812.49,2943.747,6868.743,5113.14,1755.603,0.255593054
OI003578,O01424,P025,3,3270.83,0.3,1704.38,9812.49,2943.747,6868.743,5113.14,1755.603,0.255593054
OI002411,O00954,P046,1,6490.81,0.15,3763.21,6490.81,973.6215,5517.1885,3763.21,1753.9785,0.31791165
OI004997,O01990,P046,1,6490.81,0.15,3763.21,6490.81,973.6215,5517.1885,3763.21,1753.9785,0.31791165
OI005295,O02104,P047,1,6217.65,0.1,3858.64,6217.65,621.765,5595.885,3858.64,1737.245,0.310450447
OI001691,O00671,P072,4,3098.66,0.15,2200.58,12394.64,1859.196,10535.444,8802.32,1733.124,0.164504125
OI005450,O02165,P072,4,3098.66,0.15,2200.58,12394.64,1859.196,10535.444,8802.32,1733.124,0.164504125
OI001881,O00742,P080,3,5576.76,0.1,4441.52,16730.28,1673.028,15057.252,13324.56,1732.692,0.115073587
OI004770,O01909,P080,3,5576.76,0.1,4441.52,16730.28,1673.028,15057.252,13324.56,1732.692,0.115073587
OI004778,O01912,P080,3,5576.76,0.1,4441.52,16730.28,1673.028,15057.252,13324.56,1732.692,0.115073587
OI003443,O01369,P051,2,3109.99,0.3,1315.1,6219.98,1865.994,4353.986,2630.2,1723.786,0.395909863
OI003832,O01531,P051,2,3109.99,0.3,1315.1,6219.98,1865.994,4353.986,2630.2,1723.786,0.395909863
OI005026,O02002,P051,2,3109.99,0.3,1315.1,6219.98,1865.994,4353.986,2630.2,1723.786,0.395909863
OI001234,O00484,P021,3,5344.27,0,4771.67,16032.81,0,16032.81,14315.01,1717.8,0.10714279
OI002336,O00926,P021,3,5344.27,0,4771.67,16032.81,0,16032.81,14315.01,1717.8,0.10714279
OI003384,O01345,P021,3,5344.27,0,4771.67,16032.81,0,16032.81,14315.01,1717.8,0.10714279
OI003728,O01488,P021,3,5344.27,0,4771.67,16032.81,0,16032.81,14315.01,1717.8,0.10714279
OI003779,O01507,P021,3,5344.27,0,4771.67,16032.81,0,16032.81,14315.01,1717.8,0.10714279
OI004510,O01814,P021,3,5344.27,0,4771.67,16032.81,0,16032.81,14315.01,1717.8,0.10714279
OI001650,O00654,P080,2,5576.76,0.05,4441.52,11153.52,557.676,10595.844,8883.04,1712.804,0.161648661
OI000767,O00300,P003,1,6285.84,0.2,3329.26,6285.84,1257.168,5028.672,3329.26,1699.412,0.337944491
OI003796,O01515,P003,1,6285.84,0.2,3329.26,6285.84,1257.168,5028.672,3329.26,1699.412,0.337944491
OI004219,O01684,P003,1,6285.84,0.2,3329.26,6285.84,1257.168,5028.672,3329.26,1699.412,0.337944491
OI005445,O02163,P003,1,6285.84,0.2,3329.26,6285.84,1257.168,5028.672,3329.26,1699.412,0.337944491
OI001700,O00674,P018,1,3329.63,0.15,1132.23,3329.63,499.4445,2830.1855,1132.23,1697.9555,0.599944951
OI002096,O00827,P018,1,3329.63,0.15,1132.23,3329.63,499.4445,2830.1855,1132.23,1697.9555,0.599944951
OI000750,O00295,P077,2,1850.78,0.1,819.29,3701.56,370.156,3331.404,1638.58,1692.824,0.508141312
OI001391,O00545,P077,2,1850.78,0.1,819.29,3701.56,370.156,3331.404,1638.58,1692.824,0.508141312
OI003098,O01233,P077,2,1850.78,0.1,819.29,3701.56,370.156,3331.404,1638.58,1692.824,0.508141312
OI002109,O00832,P066,1,6217.53,0.1,3905.53,6217.53,621.753,5595.777,3905.53,1690.247,0.302057605
OI003887,O01554,P066,1,6217.53,0.1,3905.53,6217.53,621.753,5595.777,3905.53,1690.247,0.302057605
OI005122,O02038,P066,1,6217.53,0.1,3905.53,6217.53,621.753,5595.777,3905.53,1690.247,0.302057605
OI002477,O00981,P034,3,5252.02,0,4689.3,15756.06,0,15756.06,14067.9,1688.16,0.107143537
OI002580,O01021,P034,3,5252.02,0,4689.3,15756.06,0,15756.06,14067.9,1688.16,0.107143537
OI004903,O01958,P034,3,5252.02,0,4689.3,15756.06,0,15756.06,14067.9,1688.16,0.107143537
OI001997,O00788,P057,1,3618.93,0.2,1211.45,3618.93,723.786,2895.144,1211.45,1683.694,0.581557947
OI003273,O01303,P057,1,3618.93,0.2,1211.45,3618.93,723.786,2895.144,1211.45,1683.694,0.581557947
OI003842,O01537,P057,1,3618.93,0.2,1211.45,3618.93,723.786,2895.144,1211.45,1683.694,0.581557947
OI000721,O00284,P028,1,6060.07,0.15,3474.32,6060.07,909.0105,5151.0595,3474.32,1676.7395,0.325513518
OI003083,O01225,P028,1,6060.07,0.15,3474.32,6060.07,909.0105,5151.0595,3474.32,1676.7395,0.325513518
OI003589,O01429,P028,1,6060.07,0.15,3474.32,6060.07,909.0105,5151.0595,3474.32,1676.7395,0.325513518
OI000766,O00299,P075,1,6578.23,0,4906.98,6578.23,0,6578.23,4906.98,1671.25,0.254057702
OI001362,O00531,P075,1,6578.23,0,4906.98,6578.23,0,6578.23,4906.98,1671.25,0.254057702
OI002200,O00866,P075,1,6578.23,0,4906.98,6578.23,0,6578.23,4906.98,1671.25,0.254057702
OI004787,O01916,P075,1,6578.23,0,4906.98,6578.23,0,6578.23,4906.98,1671.25,0.254057702
OI000548,O00215,P006,1,4253.34,0.2,1733.75,4253.34,850.668,3402.672,1733.75,1668.922,0.490473957
OI003068,O01218,P006,1,4253.34,0.2,1733.75,4253.34,850.668,3402.672,1733.75,1668.922,0.490473957
OI000960,O00374,P022,1,5959.11,0.2,3108.79,5959.11,1191.822,4767.288,3108.79,1658.498,0.347891296
OI003158,O01258,P022,1,5959.11,0.2,3108.79,5959.11,1191.822,4767.288,3108.79,1658.498,0.347891296
OI003475,O01382,P022,1,5959.11,0.2,3108.79,5959.11,1191.822,4767.288,3108.79,1658.498,0.347891296
OI003734,O01490,P022,1,5959.11,0.2,3108.79,5959.11,1191.822,4767.288,3108.79,1658.498,0.347891296
OI003772,O01505,P022,1,5959.11,0.2,3108.79,5959.11,1191.822,4767.288,3108.79,1658.498,0.347891296
OI005237,O02081,P022,1,5959.11,0.2,3108.79,5959.11,1191.822,4767.288,3108.79,1658.498,0.347891296
OI001269,O00497,P079,4,2345.86,0.2,1462.57,9383.44,1876.688,7506.752,5850.28,1656.472,0.220664277
OI004542,O01825,P079,4,2345.86,0.2,1462.57,9383.44,1876.688,7506.752,5850.28,1656.472,0.220664277
OI002800,O01107,P076,2,1644.18,0.2,487.76,3288.36,657.672,2630.688,975.52,1655.168,0.629176854
OI003126,O01245,P076,2,1644.18,0.2,487.76,3288.36,657.672,2630.688,975.52,1655.168,0.629176854
OI003545,O01408,P076,2,1644.18,0.2,487.76,3288.36,657.672,2630.688,975.52,1655.168,0.629176854
OI000232,O00093,P042,3,5125.64,0,4576.46,15376.92,0,15376.92,13729.38,1647.54,0.107143693
OI001164,O00456,P042,3,5125.64,0,4576.46,15376.92,0,15376.92,13729.38,1647.54,0.107143693
OI002026,O00798,P042,3,5125.64,0,4576.46,15376.92,0,15376.92,13729.38,1647.54,0.107143693
OI003184,O01269,P042,3,5125.64,0,4576.46,15376.92,0,15376.92,13729.38,1647.54,0.107143693
OI003584,O01427,P042,3,5125.64,0,4576.46,15376.92,0,15376.92,13729.38,1647.54,0.107143693
OI003960,O01584,P042,3,5125.64,0,4576.46,15376.92,0,15376.92,13729.38,1647.54,0.107143693
OI004479,O01798,P065,3,1521.26,0.1,820.9,4563.78,456.378,4107.402,2462.7,1644.702,0.400423918
OI000431,O00168,P017,3,5112.9,0,4565.09,15338.7,0,15338.7,13695.27,1643.43,0.107142717
OI001435,O00564,P017,3,5112.9,0,4565.09,15338.7,0,15338.7,13695.27,1643.43,0.107142717
OI000882,O00346,P016,4,3833.17,0,3422.47,15332.68,0,15332.68,13689.88,1642.8,0.107143696
OI001129,O00442,P016,4,3833.17,0,3422.47,15332.68,0,15332.68,13689.88,1642.8,0.107143696
OI002465,O00978,P016,4,3833.17,0,3422.47,15332.68,0,15332.68,13689.88,1642.8,0.107143696
OI000049,O00020,P051,1,3109.99,0.05,1315.1,3109.99,155.4995,2954.4905,1315.1,1639.3905,0.554880952
OI002031,O00800,P051,1,3109.99,0.05,1315.1,3109.99,155.4995,2954.4905,1315.1,1639.3905,0.554880952
OI004677,O01876,P051,1,3109.99,0.05,1315.1,3109.99,155.4995,2954.4905,1315.1,1639.3905,0.554880952
OI001880,O00742,P009,4,4981.98,0.05,4324.06,19927.92,996.396,18931.524,17296.24,1635.284,0.086378888
OI003131,O01247,P009,4,4981.98,0.05,4324.06,19927.92,996.396,18931.524,17296.24,1635.284,0.086378888
OI004716,O01888,P009,4,4981.98,0.05,4324.06,19927.92,996.396,18931.524,17296.24,1635.284,0.086378888
OI005095,O02028,P009,4,4981.98,0.05,4324.06,19927.92,996.396,18931.524,17296.24,1635.284,0.086378888
OI005261,O02092,P009,4,4981.98,0.05,4324.06,19927.92,996.396,18931.524,17296.24,1635.284,0.086378888
OI000117,O00048,P002,4,3793.81,0,3387.33,15175.24,0,15175.24,13549.32,1625.92,0.107142951
OI003492,O01388,P002,4,3793.81,0,3387.33,15175.24,0,15175.24,13549.32,1625.92,0.107142951
OI002802,O01107,P004,4,3768.92,0,3365.11,15075.68,0,15075.68,13460.44,1615.24,0.107142099
OI004924,O01965,P004,4,3768.92,0,3365.11,15075.68,0,15075.68,13460.44,1615.24,0.107142099
OI002838,O01122,P020,2,5123.92,0.15,3551.75,10247.84,1537.176,8710.664,7103.5,1607.164,0.184505337
OI004730,O01893,P020,2,5123.92,0.15,3551.75,10247.84,1537.176,8710.664,7103.5,1607.164,0.184505337
OI003292,O01310,P007,1,3880.55,0.3,1109.38,3880.55,1164.165,2716.385,1109.38,1607.005,0.59159692
OI003797,O01515,P007,1,3880.55,0.3,1109.38,3880.55,1164.165,2716.385,1109.38,1607.005,0.59159692
OI004940,O01969,P007,1,3880.55,0.3,1109.38,3880.55,1164.165,2716.385,1109.38,1607.005,0.59159692
OI000836,O00330,P060,3,1760.75,0.15,963.34,5282.25,792.3375,4489.9125,2890.02,1599.8925,0.356330441
OI001056,O00412,P060,3,1760.75,0.15,963.34,5282.25,792.3375,4489.9125,2890.02,1599.8925,0.356330441
OI001186,O00466,P060,3,1760.75,0.15,963.34,5282.25,792.3375,4489.9125,2890.02,1599.8925,0.356330441
OI001276,O00498,P060,3,1760.75,0.15,963.34,5282.25,792.3375,4489.9125,2890.02,1599.8925,0.356330441
OI000870,O00342,P060,2,1760.75,0,963.34,3521.5,0,3521.5,1926.68,1594.82,0.452880875
OI003288,O01308,P060,2,1760.75,0,963.34,3521.5,0,3521.5,1926.68,1594.82,0.452880875
OI000892,O00349,P079,3,2345.86,0.15,1462.57,7037.58,1055.637,5981.943,4387.71,1594.233,0.266507554
OI003739,O01492,P079,3,2345.86,0.15,1462.57,7037.58,1055.637,5981.943,4387.71,1594.233,0.266507554
OI004373,O01750,P079,3,2345.86,0.15,1462.57,7037.58,1055.637,5981.943,4387.71,1594.233,0.266507554
OI004541,O01824,P079,3,2345.86,0.15,1462.57,7037.58,1055.637,5981.943,4387.71,1594.233,0.266507554
OI005048,O02009,P079,3,2345.86,0.15,1462.57,7037.58,1055.637,5981.943,4387.71,1594.233,0.266507554
OI000470,O00183,P043,1,6217.67,0,4630.79,6217.67,0,6217.67,4630.79,1586.88,0.255221007
OI004937,O01968,P065,4,1521.26,0.2,820.9,6085.04,1217.008,4868.032,3283.6,1584.432,0.325476907
OI000725,O00286,P031,3,4921.58,0,4394.27,14764.74,0,14764.74,13182.81,1581.93,0.107142422
OI001422,O00558,P031,3,4921.58,0,4394.27,14764.74,0,14764.74,13182.81,1581.93,0.107142422
OI003696,O01475,P031,3,4921.58,0,4394.27,14764.74,0,14764.74,13182.81,1581.93,0.107142422
OI004350,O01741,P031,3,4921.58,0,4394.27,14764.74,0,14764.74,13182.81,1581.93,0.107142422
OI000953,O00370,P020,1,5123.92,0,3551.75,5123.92,0,5123.92,3551.75,1572.17,0.306829537
OI000985,O00383,P020,1,5123.92,0,3551.75,5123.92,0,5123.92,3551.75,1572.17,0.306829537
OI000057,O00023,P055,3,3905.29,0.1,2991.91,11715.87,1171.587,10544.283,8975.73,1568.553,0.148758621
OI001633,O00648,P055,3,3905.29,0.1,2991.91,11715.87,1171.587,10544.283,8975.73,1568.553,0.148758621
OI001884,O00743,P055,3,3905.29,0.1,2991.91,11715.87,1171.587,10544.283,8975.73,1568.553,0.148758621
OI003859,O01544,P055,3,3905.29,0.1,2991.91,11715.87,1171.587,10544.283,8975.73,1568.553,0.148758621
OI005352,O02128,P008,2,5224.68,0.3,2873.574,10449.36,3134.808,7314.552,5747.148,1567.404,0.214285714
OI003591,O01430,P008,1,5224.68,0.15,2873.574,5224.68,783.702,4440.978,2873.574,1567.404,0.352941176
OI005525,O02198,P008,1,5224.68,0.15,2873.574,5224.68,783.702,4440.978,2873.574,1567.404,0.352941176
OI003674,O01466,P025,1,3270.83,0,1704.38,3270.83,0,3270.83,1704.38,1566.45,0.478915138
OI004936,O01968,P025,1,3270.83,0,1704.38,3270.83,0,3270.83,1704.38,1566.45,0.478915138
OI000778,O00305,P078,3,5006.54,0.1,3985.08,15019.62,1501.962,13517.658,11955.24,1562.418,0.115583483
OI002471,O00979,P078,3,5006.54,0.1,3985.08,15019.62,1501.962,13517.658,11955.24,1562.418,0.115583483
OI004242,O01693,P078,3,5006.54,0.1,3985.08,15019.62,1501.962,13517.658,11955.24,1562.418,0.115583483
OI001752,O00695,P046,2,6490.81,0.3,3763.21,12981.62,3894.486,9087.134,7526.42,1560.714,0.171749861
OI001023,O00400,P059,3,4842.61,0,4323.76,14527.83,0,14527.83,12971.28,1556.55,0.107142636
OI001452,O00572,P059,3,4842.61,0,4323.76,14527.83,0,14527.83,12971.28,1556.55,0.107142636
OI004466,O01794,P059,3,4842.61,0,4323.76,14527.83,0,14527.83,12971.28,1556.55,0.107142636
OI000605,O00235,P071,1,3503.29,0.3,896.72,3503.29,1050.987,2452.303,896.72,1555.583,0.634335561
OI004829,O01933,P071,1,3503.29,0.3,896.72,3503.29,1050.987,2452.303,896.72,1555.583,0.634335561
OI000445,O00172,P074,1,7323.07,0.15,4674.57,7323.07,1098.4605,6224.6095,4674.57,1550.0395,0.24901795
OI004135,O01655,P074,1,7323.07,0.15,4674.57,7323.07,1098.4605,6224.6095,4674.57,1550.0395,0.24901795
OI003392,O01348,P035,3,4806.84,0,4291.82,14420.52,0,14420.52,12875.46,1545.06,0.107143154
OI001896,O00747,P039,4,3602.12,0,3216.18,14408.48,0,14408.48,12864.72,1543.76,0.107142461
OI001430,O00561,P078,2,5006.54,0.05,3985.08,10013.08,500.654,9512.426,7970.16,1542.266,0.162131721
OI004893,O01955,P078,2,5006.54,0.05,3985.08,10013.08,500.654,9512.426,7970.16,1542.266,0.162131721
OI004939,O01969,P078,2,5006.54,0.05,3985.08,10013.08,500.654,9512.426,7970.16,1542.266,0.162131721
OI000641,O00250,P028,2,6060.07,0.3,3474.32,12120.14,3636.042,8484.098,6948.64,1535.458,0.180980701
OI003706,O01479,P028,2,6060.07,0.3,3474.32,12120.14,3636.042,8484.098,6948.64,1535.458,0.180980701
OI005481,O02181,P028,2,6060.07,0.3,3474.32,12120.14,3636.042,8484.098,6948.64,1535.458,0.180980701
OI001106,O00431,P079,2,2345.86,0.05,1462.57,4691.72,234.586,4457.134,2925.14,1531.994,0.343717286
OI003402,O01352,P079,2,2345.86,0.05,1462.57,4691.72,234.586,4457.134,2925.14,1531.994,0.343717286
OI004370,O01749,P079,2,2345.86,0.05,1462.57,4691.72,234.586,4457.134,2925.14,1531.994,0.343717286
OI004376,O01752,P079,2,2345.86,0.05,1462.57,4691.72,234.586,4457.134,2925.14,1531.994,0.343717286
OI005022,O02001,P079,2,2345.86,0.05,1462.57,4691.72,234.586,4457.134,2925.14,1531.994,0.343717286
OI000189,O00075,P018,1,3329.63,0.2,1132.23,3329.63,665.926,2663.704,1132.23,1531.474,0.57494151
OI002673,O01057,P018,1,3329.63,0.2,1132.23,3329.63,665.926,2663.704,1132.23,1531.474,0.57494151
OI000149,O00061,P032,1,6623.25,0.3,3109.6,6623.25,1986.975,4636.275,3109.6,1526.675,0.329289138
OI000388,O00152,P032,1,6623.25,0.3,3109.6,6623.25,1986.975,4636.275,3109.6,1526.675,0.329289138
OI000818,O00322,P032,1,6623.25,0.3,3109.6,6623.25,1986.975,4636.275,3109.6,1526.675,0.329289138
OI000835,O00329,P032,1,6623.25,0.3,3109.6,6623.25,1986.975,4636.275,3109.6,1526.675,0.329289138
OI003505,O01392,P032,1,6623.25,0.3,3109.6,6623.25,1986.975,4636.275,3109.6,1526.675,0.329289138
OI004060,O01625,P032,1,6623.25,0.3,3109.6,6623.25,1986.975,4636.275,3109.6,1526.675,0.329289138
OI004289,O01710,P032,1,6623.25,0.3,3109.6,6623.25,1986.975,4636.275,3109.6,1526.675,0.329289138
OI000661,O00260,P044,3,4748.93,0,4240.12,14246.79,0,14246.79,12720.36,1526.43,0.10714203
OI003020,O01197,P044,3,4748.93,0,4240.12,14246.79,0,14246.79,12720.36,1526.43,0.10714203
OI003255,O01294,P044,3,4748.93,0,4240.12,14246.79,0,14246.79,12720.36,1526.43,0.10714203
OI003678,O01467,P044,3,4748.93,0,4240.12,14246.79,0,14246.79,12720.36,1526.43,0.10714203
OI005526,O02198,P044,3,4748.93,0,4240.12,14246.79,0,14246.79,12720.36,1526.43,0.10714203
OI001175,O00460,P077,2,1850.78,0.15,819.29,3701.56,555.234,3146.326,1638.58,1507.746,0.479208448
OI001733,O00686,P077,2,1850.78,0.15,819.29,3701.56,555.234,3146.326,1638.58,1507.746,0.479208448
OI002600,O01028,P077,2,1850.78,0.15,819.29,3701.56,555.234,3146.326,1638.58,1507.746,0.479208448
OI003339,O01327,P077,2,1850.78,0.15,819.29,3701.56,555.234,3146.326,1638.58,1507.746,0.479208448
OI003781,O01509,P077,2,1850.78,0.15,819.29,3701.56,555.234,3146.326,1638.58,1507.746,0.479208448
OI004691,O01880,P077,2,1850.78,0.15,819.29,3701.56,555.234,3146.326,1638.58,1507.746,0.479208448
OI000044,O00018,P072,2,3098.66,0.05,2200.58,6197.32,309.866,5887.454,4401.16,1486.294,0.252451059
OI000989,O00385,P072,2,3098.66,0.05,2200.58,6197.32,309.866,5887.454,4401.16,1486.294,0.252451059
OI001232,O00483,P067,1,3139.17,0.3,711.17,3139.17,941.751,2197.419,711.17,1486.249,0.676361222
OI002555,O01010,P067,1,3139.17,0.3,711.17,3139.17,941.751,2197.419,711.17,1486.249,0.676361222
OI003313,O01319,P067,1,3139.17,0.3,711.17,3139.17,941.751,2197.419,711.17,1486.249,0.676361222
OI003516,O01397,P067,1,3139.17,0.3,711.17,3139.17,941.751,2197.419,711.17,1486.249,0.676361222
OI002279,O00899,P051,1,3109.99,0.1,1315.1,3109.99,310.999,2798.991,1315.1,1483.891,0.530152116
OI005281,O02099,P051,1,3109.99,0.1,1315.1,3109.99,310.999,2798.991,1315.1,1483.891,0.530152116
OI000115,O00047,P052,1,5599.03,0.15,3277.37,5599.03,839.8545,4759.1755,3277.37,1481.8055,0.311357608
OI000121,O00049,P052,1,5599.03,0.15,3277.37,5599.03,839.8545,4759.1755,3277.37,1481.8055,0.311357608
OI001603,O00636,P052,1,5599.03,0.15,3277.37,5599.03,839.8545,4759.1755,3277.37,1481.8055,0.311357608
OI001964,O00775,P052,1,5599.03,0.15,3277.37,5599.03,839.8545,4759.1755,3277.37,1481.8055,0.311357608
OI004613,O01850,P052,1,5599.03,0.15,3277.37,5599.03,839.8545,4759.1755,3277.37,1481.8055,0.311357608
OI000565,O00221,P047,3,6217.65,0.3,3858.64,18652.95,5595.885,13057.065,11575.92,1481.145,0.113436289
OI002137,O00844,P047,3,6217.65,0.3,3858.64,18652.95,5595.885,13057.065,11575.92,1481.145,0.113436289
OI003792,O01513,P047,3,6217.65,0.3,3858.64,18652.95,5595.885,13057.065,11575.92,1481.145,0.113436289
OI001651,O00655,P058,3,4600.81,0,4107.87,13802.43,0,13802.43,12323.61,1478.82,0.107142003
OI001569,O00623,P073,1,6594.36,0.3,3155.39,6594.36,1978.308,4616.052,3155.39,1460.662,0.316431011
OI003612,O01439,P073,1,6594.36,0.3,3155.39,6594.36,1978.308,4616.052,3155.39,1460.662,0.316431011
OI004374,O01751,P073,1,6594.36,0.3,3155.39,6594.36,1978.308,4616.052,3155.39,1460.662,0.316431011
OI001328,O00520,P063,3,4500.08,0,4017.93,13500.24,0,13500.24,12053.79,1446.45,0.10714254
OI002605,O01030,P063,3,4500.08,0,4017.93,13500.24,0,13500.24,12053.79,1446.45,0.10714254
OI003078,O01222,P063,3,4500.08,0,4017.93,13500.24,0,13500.24,12053.79,1446.45,0.10714254
OI004178,O01668,P055,2,3905.29,0.05,2991.91,7810.58,390.529,7420.051,5983.82,1436.231,0.193560799
OI004750,O01902,P055,2,3905.29,0.05,2991.91,7810.58,390.529,7420.051,5983.82,1436.231,0.193560799
OI005423,O02154,P055,2,3905.29,0.05,2991.91,7810.58,390.529,7420.051,5983.82,1436.231,0.193560799
OI002113,O00833,P046,1,6490.81,0.2,3763.21,6490.81,1298.162,5192.648,3763.21,1429.438,0.275281128
OI003025,O01201,P046,1,6490.81,0.2,3763.21,6490.81,1298.162,5192.648,3763.21,1429.438,0.275281128
OI000106,O00043,P047,1,6217.65,0.15,3858.64,6217.65,932.6475,5285.0025,3858.64,1426.3625,0.269888709
OI000948,O00369,P047,1,6217.65,0.15,3858.64,6217.65,932.6475,5285.0025,3858.64,1426.3625,0.269888709
OI003189,O01271,P047,1,6217.65,0.15,3858.64,6217.65,932.6475,5285.0025,3858.64,1426.3625,0.269888709
OI001878,O00741,P075,4,6578.23,0.2,4906.98,26312.92,5262.584,21050.336,19627.92,1422.416,0.067572128
OI003851,O01541,P075,4,6578.23,0.2,4906.98,26312.92,5262.584,21050.336,19627.92,1422.416,0.067572128
OI000196,O00078,P060,2,1760.75,0.05,963.34,3521.5,176.075,3345.425,1926.68,1418.745,0.424085131
OI001443,O00568,P060,2,1760.75,0.05,963.34,3521.5,176.075,3345.425,1926.68,1418.745,0.424085131
OI002001,O00789,P060,2,1760.75,0.05,963.34,3521.5,176.075,3345.425,1926.68,1418.745,0.424085131
OI004698,O01883,P060,2,1760.75,0.05,963.34,3521.5,176.075,3345.425,1926.68,1418.745,0.424085131
OI000284,O00112,P065,3,1521.26,0.15,820.9,4563.78,684.567,3879.213,2462.7,1416.513,0.365154736
OI002931,O01163,P065,3,1521.26,0.15,820.9,4563.78,684.567,3879.213,2462.7,1416.513,0.365154736
OI003037,O01207,P065,3,1521.26,0.15,820.9,4563.78,684.567,3879.213,2462.7,1416.513,0.365154736
OI003704,O01478,P065,3,1521.26,0.15,820.9,4563.78,684.567,3879.213,2462.7,1416.513,0.365154736
OI004992,O01988,P065,3,1521.26,0.15,820.9,4563.78,684.567,3879.213,2462.7,1416.513,0.365154736
OI000763,O00299,P025,1,3270.83,0.05,1704.38,3270.83,163.5415,3107.2885,1704.38,1402.9085,0.451489619
OI004718,O01888,P025,1,3270.83,0.05,1704.38,3270.83,163.5415,3107.2885,1704.38,1402.9085,0.451489619
OI005335,O02122,P025,1,3270.83,0.05,1704.38,3270.83,163.5415,3107.2885,1704.38,1402.9085,0.451489619
OI000157,O00064,P065,2,1521.26,0,820.9,3042.52,0,3042.52,1641.8,1400.72,0.460381526
OI000591,O00231,P065,2,1521.26,0,820.9,3042.52,0,3042.52,1641.8,1400.72,0.460381526
OI001358,O00529,P048,3,4310.39,0,3848.56,12931.17,0,12931.17,11545.68,1385.49,0.107143437
OI002443,O00970,P048,3,4310.39,0,3848.56,12931.17,0,12931.17,11545.68,1385.49,0.107143437
OI002402,O00952,P066,1,6217.53,0.15,3905.53,6217.53,932.6295,5284.9005,3905.53,1379.3705,0.26100217
OI002523,O01000,P066,1,6217.53,0.15,3905.53,6217.53,932.6295,5284.9005,3905.53,1379.3705,0.26100217
OI003437,O01366,P066,1,6217.53,0.15,3905.53,6217.53,932.6295,5284.9005,3905.53,1379.3705,0.26100217
OI004313,O01723,P066,1,6217.53,0.15,3905.53,6217.53,932.6295,5284.9005,3905.53,1379.3705,0.26100217
OI000173,O00070,P028,1,6060.07,0.2,3474.32,6060.07,1212.014,4848.056,3474.32,1373.736,0.283358113
OI000885,O00347,P028,1,6060.07,0.2,3474.32,6060.07,1212.014,4848.056,3474.32,1373.736,0.283358113
OI001104,O00431,P028,1,6060.07,0.2,3474.32,6060.07,1212.014,4848.056,3474.32,1373.736,0.283358113
OI001445,O00569,P043,4,6217.67,0.2,4630.79,24870.68,4974.136,19896.544,18523.16,1373.384,0.069026259
OI004465,O01794,P043,4,6217.67,0.2,4630.79,24870.68,4974.136,19896.544,18523.16,1373.384,0.069026259
OI000922,O00359,P053,3,2116.53,0.05,1553.2,6349.59,317.4795,6032.1105,4659.6,1372.5105,0.227534045
OI002872,O01137,P053,3,2116.53,0.05,1553.2,6349.59,317.4795,6032.1105,4659.6,1372.5105,0.227534045
OI000660,O00260,P075,2,6578.23,0.15,4906.98,13156.46,1973.469,11182.991,9813.96,1369.031,0.122420826
OI003135,O01250,P075,2,6578.23,0.15,4906.98,13156.46,1973.469,11182.991,9813.96,1369.031,0.122420826
OI004852,O01942,P075,2,6578.23,0.15,4906.98,13156.46,1973.469,11182.991,9813.96,1369.031,0.122420826
OI005432,O02157,P075,2,6578.23,0.15,4906.98,13156.46,1973.469,11182.991,9813.96,1369.031,0.122420826
OI000655,O00257,P074,3,7323.07,0.3,4674.57,21969.21,6590.763,15378.447,14023.71,1354.737,0.088093226
OI003938,O01577,P074,3,7323.07,0.3,4674.57,21969.21,6590.763,15378.447,14023.71,1354.737,0.088093226
OI004262,O01700,P074,3,7323.07,0.3,4674.57,21969.21,6590.763,15378.447,14023.71,1354.737,0.088093226
OI000423,O00165,P075,1,6578.23,0.05,4906.98,6578.23,328.9115,6249.3185,4906.98,1342.3385,0.214797582
OI002122,O00837,P075,1,6578.23,0.05,4906.98,6578.23,328.9115,6249.3185,4906.98,1342.3385,0.214797582
OI003269,O01301,P075,1,6578.23,0.05,4906.98,6578.23,328.9115,6249.3185,4906.98,1342.3385,0.214797582
OI004077,O01631,P075,1,6578.23,0.05,4906.98,6578.23,328.9115,6249.3185,4906.98,1342.3385,0.214797582
OI004566,O01833,P075,1,6578.23,0.05,4906.98,6578.23,328.9115,6249.3185,4906.98,1342.3385,0.214797582
OI000950,O00370,P066,3,6217.53,0.3,3905.53,18652.59,5595.777,13056.813,11716.59,1340.223,0.102645492
OI002856,O01131,P066,3,6217.53,0.3,3905.53,18652.59,5595.777,13056.813,11716.59,1340.223,0.102645492
OI000751,O00295,P037,4,3125.99,0,2791.06,12503.96,0,12503.96,11164.24,1339.72,0.107143657
OI004554,O01830,P060,3,1760.75,0.2,963.34,5282.25,1056.45,4225.8,2890.02,1335.78,0.316101093
OI001280,O00500,P019,4,3112.57,0,2779.08,12450.28,0,12450.28,11116.32,1333.96,0.107142972
OI001299,O00507,P019,4,3112.57,0,2779.08,12450.28,0,12450.28,11116.32,1333.96,0.107142972
OI003358,O01335,P019,4,3112.57,0,2779.08,12450.28,0,12450.28,11116.32,1333.96,0.107142972
OI004896,O01956,P019,4,3112.57,0,2779.08,12450.28,0,12450.28,11116.32,1333.96,0.107142972
OI005398,O02144,P019,4,3112.57,0,2779.08,12450.28,0,12450.28,11116.32,1333.96,0.107142972
OI001128,O00441,P051,1,3109.99,0.15,1315.1,3109.99,466.4985,2643.4915,1315.1,1328.3915,0.502514005
OI001456,O00574,P051,1,3109.99,0.15,1315.1,3109.99,466.4985,2643.4915,1315.1,1328.3915,0.502514005
OI002705,O01068,P051,1,3109.99,0.15,1315.1,3109.99,466.4985,2643.4915,1315.1,1328.3915,0.502514005
OI002974,O01177,P051,1,3109.99,0.15,1315.1,3109.99,466.4985,2643.4915,1315.1,1328.3915,0.502514005
OI003700,O01476,P051,1,3109.99,0.15,1315.1,3109.99,466.4985,2643.4915,1315.1,1328.3915,0.502514005
OI005061,O02013,P051,1,3109.99,0.15,1315.1,3109.99,466.4985,2643.4915,1315.1,1328.3915,0.502514005
OI000314,O00124,P077,2,1850.78,0.2,819.29,3701.56,740.312,2961.248,1638.58,1322.668,0.446658976
OI001020,O00399,P077,2,1850.78,0.2,819.29,3701.56,740.312,2961.248,1638.58,1322.668,0.446658976
OI003084,O01226,P077,2,1850.78,0.2,819.29,3701.56,740.312,2961.248,1638.58,1322.668,0.446658976
OI004721,O01889,P077,2,1850.78,0.2,819.29,3701.56,740.312,2961.248,1638.58,1322.668,0.446658976
OI002692,O01063,P057,1,3618.93,0.3,1211.45,3618.93,1085.679,2533.251,1211.45,1321.801,0.52178051
OI003603,O01435,P057,1,3618.93,0.3,1211.45,3618.93,1085.679,2533.251,1211.45,1321.801,0.52178051
OI004932,O01967,P057,1,3618.93,0.3,1211.45,3618.93,1085.679,2533.251,1211.45,1321.801,0.52178051
OI000697,O00276,P020,1,5123.92,0.05,3551.75,5123.92,256.196,4867.724,3551.75,1315.974,0.270346881
OI001999,O00789,P020,1,5123.92,0.05,3551.75,5123.92,256.196,4867.724,3551.75,1315.974,0.270346881
OI004022,O01609,P020,1,5123.92,0.05,3551.75,5123.92,256.196,4867.724,3551.75,1315.974,0.270346881
OI004782,O01914,P020,1,5123.92,0.05,3551.75,5123.92,256.196,4867.724,3551.75,1315.974,0.270346881
OI005358,O02131,P020,1,5123.92,0.05,3551.75,5123.92,256.196,4867.724,3551.75,1315.974,0.270346881
OI001034,O00403,P009,2,4981.98,0,4324.06,9963.96,0,9963.96,8648.12,1315.84,0.132059944
OI001161,O00455,P009,2,4981.98,0,4324.06,9963.96,0,9963.96,8648.12,1315.84,0.132059944
OI001843,O00728,P009,2,4981.98,0,4324.06,9963.96,0,9963.96,8648.12,1315.84,0.132059944
OI004114,O01647,P009,2,4981.98,0,4324.06,9963.96,0,9963.96,8648.12,1315.84,0.132059944
OI005380,O02138,P009,2,4981.98,0,4324.06,9963.96,0,9963.96,8648.12,1315.84,0.132059944
OI001112,O00435,P055,4,3905.29,0.15,2991.91,15621.16,2343.174,13277.986,11967.64,1310.346,0.098685599
OI001802,O00713,P055,4,3905.29,0.15,2991.91,15621.16,2343.174,13277.986,11967.64,1310.346,0.098685599
OI002312,O00915,P055,4,3905.29,0.15,2991.91,15621.16,2343.174,13277.986,11967.64,1310.346,0.098685599
OI003511,O01393,P055,4,3905.29,0.15,2991.91,15621.16,2343.174,13277.986,11967.64,1310.346,0.098685599
OI004989,O01987,P043,2,6217.67,0.15,4630.79,12435.34,1865.301,10570.039,9261.58,1308.459,0.12378942
OI001072,O00417,P008,1,5224.68,0.2,2873.574,5224.68,1044.936,4179.744,2873.574,1306.17,0.3125
OI001190,O00468,P008,1,5224.68,0.2,2873.574,5224.68,1044.936,4179.744,2873.574,1306.17,0.3125
OI002116,O00835,P008,1,5224.68,0.2,2873.574,5224.68,1044.936,4179.744,2873.574,1306.17,0.3125
OI003138,O01251,P008,1,5224.68,0.2,2873.574,5224.68,1044.936,4179.744,2873.574,1306.17,0.3125
OI005205,O02070,P008,1,5224.68,0.2,2873.574,5224.68,1044.936,4179.744,2873.574,1306.17,0.3125
OI003651,O01458,P072,3,3098.66,0.15,2200.58,9295.98,1394.397,7901.583,6601.74,1299.843,0.164504125
OI005400,O02146,P072,3,3098.66,0.15,2200.58,9295.98,1394.397,7901.583,6601.74,1299.843,0.164504125
OI001564,O00621,P079,2,2345.86,0.1,1462.57,4691.72,469.172,4222.548,2925.14,1297.408,0.307257135
OI001290,O00504,P052,2,5599.03,0.3,3277.37,11198.06,3359.418,7838.642,6554.74,1283.902,0.163791381
OI002679,O01059,P052,2,5599.03,0.3,3277.37,11198.06,3359.418,7838.642,6554.74,1283.902,0.163791381
OI004143,O01657,P052,2,5599.03,0.3,3277.37,11198.06,3359.418,7838.642,6554.74,1283.902,0.163791381
OI000280,O00111,P069,4,5592.45,0.05,4993.26,22369.8,1118.49,21251.31,19973.04,1278.27,0.060150174
OI001363,O00531,P069,4,5592.45,0.05,4993.26,22369.8,1118.49,21251.31,19973.04,1278.27,0.060150174
OI004475,O01797,P069,4,5592.45,0.05,4993.26,22369.8,1118.49,21251.31,19973.04,1278.27,0.060150174
OI004492,O01804,P069,4,5592.45,0.05,4993.26,22369.8,1118.49,21251.31,19973.04,1278.27,0.060150174
OI005410,O02150,P069,4,5592.45,0.05,4993.26,22369.8,1118.49,21251.31,19973.04,1278.27,0.060150174
OI000310,O00123,P043,1,6217.67,0.05,4630.79,6217.67,310.8835,5906.7865,4630.79,1275.9965,0.216022113
OI000754,O00296,P065,2,1521.26,0.05,820.9,3042.52,152.126,2890.394,1641.8,1248.594,0.431980554
OI002725,O01076,P065,2,1521.26,0.05,820.9,3042.52,152.126,2890.394,1641.8,1248.594,0.431980554
OI004449,O01785,P065,2,1521.26,0.05,820.9,3042.52,152.126,2890.394,1641.8,1248.594,0.431980554
OI001227,O00482,P006,1,4253.34,0.3,1733.75,4253.34,1276.002,2977.338,1733.75,1243.588,0.417684522
OI002581,O01021,P006,1,4253.34,0.3,1733.75,4253.34,1276.002,2977.338,1733.75,1243.588,0.417684522
OI004683,O01878,P006,1,4253.34,0.3,1733.75,4253.34,1276.002,2977.338,1733.75,1243.588,0.417684522
OI004425,O01772,P079,3,2345.86,0.2,1462.57,7037.58,1407.516,5630.064,4387.71,1242.354,0.220664277
OI002281,O00901,P025,1,3270.83,0.1,1704.38,3270.83,327.083,2943.747,1704.38,1239.367,0.42101682
OI003786,O01511,P025,1,3270.83,0.1,1704.38,3270.83,327.083,2943.747,1704.38,1239.367,0.42101682
OI005361,O02132,P025,1,3270.83,0.1,1704.38,3270.83,327.083,2943.747,1704.38,1239.367,0.42101682
OI000319,O00127,P016,3,3833.17,0,3422.47,11499.51,0,11499.51,10267.41,1232.1,0.107143696
OI002244,O00885,P016,3,3833.17,0,3422.47,11499.51,0,11499.51,10267.41,1232.1,0.107143696
OI002875,O01138,P016,3,3833.17,0,3422.47,11499.51,0,11499.51,10267.41,1232.1,0.107143696
OI003618,O01441,P016,3,3833.17,0,3422.47,11499.51,0,11499.51,10267.41,1232.1,0.107143696
OI005286,O02102,P016,3,3833.17,0,3422.47,11499.51,0,11499.51,10267.41,1232.1,0.107143696
OI001441,O00566,P009,3,4981.98,0.05,4324.06,14945.94,747.297,14198.643,12972.18,1226.463,0.086378888
OI003141,O01252,P009,3,4981.98,0.05,4324.06,14945.94,747.297,14198.643,12972.18,1226.463,0.086378888
OI005185,O02061,P009,3,4981.98,0.05,4324.06,14945.94,747.297,14198.643,12972.18,1226.463,0.086378888
OI003714,O01483,P021,4,5344.27,0.05,4771.67,21377.08,1068.854,20308.226,19086.68,1221.546,0.060150306
OI004088,O01636,P021,4,5344.27,0.05,4771.67,21377.08,1068.854,20308.226,19086.68,1221.546,0.060150306
OI000610,O00239,P002,3,3793.81,0,3387.33,11381.43,0,11381.43,10161.99,1219.44,0.107142951
OI000852,O00336,P002,3,3793.81,0,3387.33,11381.43,0,11381.43,10161.99,1219.44,0.107142951
OI002924,O01160,P002,3,3793.81,0,3387.33,11381.43,0,11381.43,10161.99,1219.44,0.107142951
OI005082,O02022,P002,3,3793.81,0,3387.33,11381.43,0,11381.43,10161.99,1219.44,0.107142951
OI000945,O00368,P038,4,2828.73,0,2525.65,11314.92,0,11314.92,10102.6,1212.32,0.107143488
OI001176,O00461,P038,4,2828.73,0,2525.65,11314.92,0,11314.92,10102.6,1212.32,0.107143488
OI000353,O00141,P004,3,3768.92,0,3365.11,11306.76,0,11306.76,10095.33,1211.43,0.107142099
OI002174,O00858,P004,3,3768.92,0,3365.11,11306.76,0,11306.76,10095.33,1211.43,0.107142099
OI003305,O01316,P004,3,3768.92,0,3365.11,11306.76,0,11306.76,10095.33,1211.43,0.107142099
OI000322,O00129,P052,1,5599.03,0.2,3277.37,5599.03,1119.806,4479.224,3277.37,1201.854,0.268317459
OI001669,O00662,P052,1,5599.03,0.2,3277.37,5599.03,1119.806,4479.224,3277.37,1201.854,0.268317459
OI000536,O00210,P034,4,5252.02,0.05,4689.3,21008.08,1050.404,19957.676,18757.2,1200.476,0.060151092
OI002925,O01160,P034,4,5252.02,0.05,4689.3,21008.08,1050.404,19957.676,18757.2,1200.476,0.060151092
OI003905,O01562,P034,4,5252.02,0.05,4689.3,21008.08,1050.404,19957.676,18757.2,1200.476,0.060151092
OI005060,O02012,P034,4,5252.02,0.05,4689.3,21008.08,1050.404,19957.676,18757.2,1200.476,0.060151092
OI000034,O00016,P018,1,3329.63,0.3,1132.23,3329.63,998.889,2330.741,1132.23,1198.511,0.514218869
OI001195,O00469,P018,1,3329.63,0.3,1132.23,3329.63,998.889,2330.741,1132.23,1198.511,0.514218869
OI002895,O01148,P018,1,3329.63,0.3,1132.23,3329.63,998.889,2330.741,1132.23,1198.511,0.514218869
OI002915,O01157,P018,1,3329.63,0.3,1132.23,3329.63,998.889,2330.741,1132.23,1198.511,0.514218869
OI002121,O00836,P069,2,5592.45,0,4993.26,11184.9,0,11184.9,9986.52,1198.38,0.107142666
OI002610,O01033,P069,2,5592.45,0,4993.26,11184.9,0,11184.9,9986.52,1198.38,0.107142666
OI002822,O01117,P069,2,5592.45,0,4993.26,11184.9,0,11184.9,9986.52,1198.38,0.107142666
OI003232,O01286,P069,2,5592.45,0,4993.26,11184.9,0,11184.9,9986.52,1198.38,0.107142666
OI000959,O00374,P080,4,5576.76,0.15,4441.52,22307.04,3346.056,18960.984,17766.08,1194.904,0.063019092
OI001307,O00510,P080,4,5576.76,0.15,4441.52,22307.04,3346.056,18960.984,17766.08,1194.904,0.063019092
OI005426,O02155,P080,4,5576.76,0.15,4441.52,22307.04,3346.056,18960.984,17766.08,1194.904,0.063019092
OI000875,O00344,P065,3,1521.26,0.2,820.9,4563.78,912.756,3651.024,2462.7,1188.324,0.325476907
OI005206,O02070,P065,3,1521.26,0.2,820.9,4563.78,912.756,3651.024,2462.7,1188.324,0.325476907
OI005413,O02151,P065,3,1521.26,0.2,820.9,4563.78,912.756,3651.024,2462.7,1188.324,0.325476907
OI005516,O02195,P065,3,1521.26,0.2,820.9,4563.78,912.756,3651.024,2462.7,1188.324,0.325476907
OI000883,O00346,P074,1,7323.07,0.2,4674.57,7323.07,1464.614,5858.456,4674.57,1183.886,0.202081572
OI005411,O02151,P074,1,7323.07,0.2,4674.57,7323.07,1464.614,5858.456,4674.57,1183.886,0.202081572
OI000505,O00199,P072,2,3098.66,0.1,2200.58,6197.32,619.732,5577.588,4401.16,1176.428,0.210920563
OI001179,O00463,P072,2,3098.66,0.1,2200.58,6197.32,619.732,5577.588,4401.16,1176.428,0.210920563
OI001608,O00639,P072,2,3098.66,0.1,2200.58,6197.32,619.732,5577.588,4401.16,1176.428,0.210920563
OI004736,O01896,P072,2,3098.66,0.1,2200.58,6197.32,619.732,5577.588,4401.16,1176.428,0.210920563
OI004790,O01917,P072,2,3098.66,0.1,2200.58,6197.32,619.732,5577.588,4401.16,1176.428,0.210920563
OI005137,O02045,P072,2,3098.66,0.1,2200.58,6197.32,619.732,5577.588,4401.16,1176.428,0.210920563
OI000261,O00104,P045,2,5481.6,0,4894.29,10963.2,0,10963.2,9788.58,1174.62,0.107142075
OI004386,O01756,P045,2,5481.6,0,4894.29,10963.2,0,10963.2,9788.58,1174.62,0.107142075
OI000596,O00233,P051,1,3109.99,0.2,1315.1,3109.99,621.998,2487.992,1315.1,1172.892,0.47142113
OI001918,O00757,P051,1,3109.99,0.2,1315.1,3109.99,621.998,2487.992,1315.1,1172.892,0.47142113
OI003464,O01378,P051,1,3109.99,0.2,1315.1,3109.99,621.998,2487.992,1315.1,1172.892,0.47142113
OI000464,O00181,P026,2,5470.33,0,4884.22,10940.66,0,10940.66,9768.44,1172.22,0.107143445
OI001543,O00612,P026,2,5470.33,0,4884.22,10940.66,0,10940.66,9768.44,1172.22,0.107143445
OI002249,O00887,P026,2,5470.33,0,4884.22,10940.66,0,10940.66,9768.44,1172.22,0.107143445
OI005391,O02142,P026,2,5470.33,0,4884.22,10940.66,0,10940.66,9768.44,1172.22,0.107143445
OI000384,O00150,P042,4,5125.64,0.05,4576.46,20502.56,1025.128,19477.432,18305.84,1171.592,0.060151256
OI000457,O00178,P042,4,5125.64,0.05,4576.46,20502.56,1025.128,19477.432,18305.84,1171.592,0.060151256
OI002954,O01171,P042,4,5125.64,0.05,4576.46,20502.56,1025.128,19477.432,18305.84,1171.592,0.060151256
OI005085,O02023,P042,4,5125.64,0.05,4576.46,20502.56,1025.128,19477.432,18305.84,1171.592,0.060151256
OI000844,O00333,P025,2,3270.83,0.3,1704.38,6541.66,1962.498,4579.162,3408.76,1170.402,0.255593054
OI001329,O00520,P025,2,3270.83,0.3,1704.38,6541.66,1962.498,4579.162,3408.76,1170.402,0.255593054
OI004412,O01767,P025,2,3270.83,0.3,1704.38,6541.66,1962.498,4579.162,3408.76,1170.402,0.255593054
OI003309,O01318,P017,4,5112.9,0.05,4565.09,20451.6,1022.58,19429.02,18260.36,1168.66,0.060150229
OI004186,O01673,P017,4,5112.9,0.05,4565.09,20451.6,1022.58,19429.02,18260.36,1168.66,0.060150229
OI004189,O01674,P017,4,5112.9,0.05,4565.09,20451.6,1022.58,19429.02,18260.36,1168.66,0.060150229
OI004280,O01707,P017,4,5112.9,0.05,4565.09,20451.6,1022.58,19429.02,18260.36,1168.66,0.060150229
OI005157,O02051,P017,4,5112.9,0.05,4565.09,20451.6,1022.58,19429.02,18260.36,1168.66,0.060150229
OI001530,O00605,P024,1,6203.92,0.3,3183.57,6203.92,1861.176,4342.744,3183.57,1159.174,0.26692202
OI003947,O01579,P024,1,6203.92,0.3,3183.57,6203.92,1861.176,4342.744,3183.57,1159.174,0.26692202
OI000298,O00118,P039,3,3602.12,0,3216.18,10806.36,0,10806.36,9648.54,1157.82,0.107142461
OI002729,O01077,P039,3,3602.12,0,3216.18,10806.36,0,10806.36,9648.54,1157.82,0.107142461
OI000250,O00100,P076,1,1644.18,0,487.76,1644.18,0,1644.18,487.76,1156.42,0.703341483
OI001550,O00615,P076,1,1644.18,0,487.76,1644.18,0,1644.18,487.76,1156.42,0.703341483
OI001616,O00641,P076,1,1644.18,0,487.76,1644.18,0,1644.18,487.76,1156.42,0.703341483
OI000176,O00071,P080,2,5576.76,0.1,4441.52,11153.52,1115.352,10038.168,8883.04,1155.128,0.115073587
OI001852,O00731,P080,2,5576.76,0.1,4441.52,11153.52,1115.352,10038.168,8883.04,1155.128,0.115073587
OI002789,O01102,P080,2,5576.76,0.1,4441.52,11153.52,1115.352,10038.168,8883.04,1155.128,0.115073587
OI003214,O01279,P080,2,5576.76,0.1,4441.52,11153.52,1115.352,10038.168,8883.04,1155.128,0.115073587
OI004596,O01844,P080,2,5576.76,0.1,4441.52,11153.52,1115.352,10038.168,8883.04,1155.128,0.115073587
OI003337,O01326,P021,2,5344.27,0,4771.67,10688.54,0,10688.54,9543.34,1145.2,0.10714279
OI000825,O00326,P080,1,5576.76,0,4441.52,5576.76,0,5576.76,4441.52,1135.24,0.203566228
OI001389,O00545,P080,1,5576.76,0,4441.52,5576.76,0,5576.76,4441.52,1135.24,0.203566228
OI002074,O00818,P080,1,5576.76,0,4441.52,5576.76,0,5576.76,4441.52,1135.24,0.203566228
OI003036,O01207,P080,1,5576.76,0,4441.52,5576.76,0,5576.76,4441.52,1135.24,0.203566228
OI003327,O01324,P080,1,5576.76,0,4441.52,5576.76,0,5576.76,4441.52,1135.24,0.203566228
OI004516,O01816,P080,1,5576.76,0,4441.52,5576.76,0,5576.76,4441.52,1135.24,0.203566228
OI004579,O01838,P080,1,5576.76,0,4441.52,5576.76,0,5576.76,4441.52,1135.24,0.203566228
OI002467,O00978,P050,4,2647.44,0,2363.79,10589.76,0,10589.76,9455.16,1134.6,0.107141238
OI004806,O01923,P050,4,2647.44,0,2363.79,10589.76,0,10589.76,9455.16,1134.6,0.107141238
OI002255,O00889,P053,2,2116.53,0,1553.2,4233.06,0,4233.06,3106.4,1126.66,0.266157342
OI003994,O01597,P053,2,2116.53,0,1553.2,4233.06,0,4233.06,3106.4,1126.66,0.266157342
OI000758,O00297,P034,2,5252.02,0,4689.3,10504.04,0,10504.04,9378.6,1125.44,0.107143537
OI003266,O01299,P034,2,5252.02,0,4689.3,10504.04,0,10504.04,9378.6,1125.44,0.107143537
OI003407,O01354,P034,2,5252.02,0,4689.3,10504.04,0,10504.04,9378.6,1125.44,0.107143537
OI004628,O01856,P034,2,5252.02,0,4689.3,10504.04,0,10504.04,9378.6,1125.44,0.107143537
OI004878,O01951,P034,2,5252.02,0,4689.3,10504.04,0,10504.04,9378.6,1125.44,0.107143537
OI000552,O00217,P031,4,4921.58,0.05,4394.27,19686.32,984.316,18702.004,17577.08,1124.924,0.060149918
OI004207,O01681,P031,4,4921.58,0.05,4394.27,19686.32,984.316,18702.004,17577.08,1124.924,0.060149918
OI004895,O01955,P031,4,4921.58,0.05,4394.27,19686.32,984.316,18702.004,17577.08,1124.924,0.060149918
OI001367,O00533,P072,4,3098.66,0.2,2200.58,12394.64,2478.928,9915.712,8802.32,1113.392,0.112285633
OI001708,O00676,P072,4,3098.66,0.2,2200.58,12394.64,2478.928,9915.712,8802.32,1113.392,0.112285633
OI002135,O00843,P072,4,3098.66,0.2,2200.58,12394.64,2478.928,9915.712,8802.32,1113.392,0.112285633
OI004404,O01764,P072,4,3098.66,0.2,2200.58,12394.64,2478.928,9915.712,8802.32,1113.392,0.112285633
OI000331,O00133,P059,4,4842.61,0.05,4323.76,19370.44,968.522,18401.918,17295.04,1106.878,0.060150143
OI001630,O00647,P059,4,4842.61,0.05,4323.76,19370.44,968.522,18401.918,17295.04,1106.878,0.060150143
OI004437,O01779,P059,4,4842.61,0.05,4323.76,19370.44,968.522,18401.918,17295.04,1106.878,0.060150143
OI004471,O01796,P059,4,4842.61,0.05,4323.76,19370.44,968.522,18401.918,17295.04,1106.878,0.060150143
OI004837,O01935,P059,4,4842.61,0.05,4323.76,19370.44,968.522,18401.918,17295.04,1106.878,0.060150143
OI004952,O01972,P059,4,4842.61,0.05,4323.76,19370.44,968.522,18401.918,17295.04,1106.878,0.060150143
OI000942,O00367,P033,4,2579.49,0,2303.12,10317.96,0,10317.96,9212.48,1105.48,0.107141334
OI004646,O01862,P033,4,2579.49,0,2303.12,10317.96,0,10317.96,9212.48,1105.48,0.107141334
OI000352,O00140,P035,4,4806.84,0.05,4291.82,19227.36,961.368,18265.992,17167.28,1098.712,0.060150689
OI003819,O01525,P035,4,4806.84,0.05,4291.82,19227.36,961.368,18265.992,17167.28,1098.712,0.060150689
OI004927,O01966,P035,4,4806.84,0.05,4291.82,19227.36,961.368,18265.992,17167.28,1098.712,0.060150689
OI003055,O01214,P065,2,1521.26,0.1,820.9,3042.52,304.252,2738.268,1641.8,1096.468,0.400423918
OI003331,O01325,P017,2,5112.9,0,4565.09,10225.8,0,10225.8,9130.18,1095.62,0.107142717
OI004458,O01792,P017,2,5112.9,0,4565.09,10225.8,0,10225.8,9130.18,1095.62,0.107142717
OI004359,O01744,P020,2,5123.92,0.2,3551.75,10247.84,2049.568,8198.272,7103.5,1094.772,0.133536921
OI004546,O01826,P020,2,5123.92,0.2,3551.75,10247.84,2049.568,8198.272,7103.5,1094.772,0.133536921
OI000756,O00297,P044,4,4748.93,0.05,4240.12,18995.72,949.786,18045.934,16960.48,1085.454,0.060149505
OI000676,O00267,P078,4,5006.54,0.15,3985.08,20026.16,3003.924,17022.236,15940.32,1081.916,0.063558982
OI002722,O01075,P078,4,5006.54,0.15,3985.08,20026.16,3003.924,17022.236,15940.32,1081.916,0.063558982
OI005331,O02120,P078,4,5006.54,0.15,3985.08,20026.16,3003.924,17022.236,15940.32,1081.916,0.063558982
OI000477,O00185,P064,4,4726.39,0.05,4219.99,18905.56,945.278,17960.282,16879.96,1080.322,0.060150615
OI001281,O00501,P064,4,4726.39,0.05,4219.99,18905.56,945.278,17960.282,16879.96,1080.322,0.060150615
OI001188,O00467,P060,4,1760.75,0.3,963.34,7043,2112.9,4930.1,3853.36,1076.74,0.218401249
OI002563,O01014,P060,4,1760.75,0.3,963.34,7043,2112.9,4930.1,3853.36,1076.74,0.218401249
OI005499,O02189,P060,4,1760.75,0.3,963.34,7043,2112.9,4930.1,3853.36,1076.74,0.218401249
OI000811,O00320,P025,1,3270.83,0.15,1704.38,3270.83,490.6245,2780.2055,1704.38,1075.8255,0.386958986
OI000929,O00361,P025,1,3270.83,0.15,1704.38,3270.83,490.6245,2780.2055,1704.38,1075.8255,0.386958986
OI002745,O01085,P025,1,3270.83,0.15,1704.38,3270.83,490.6245,2780.2055,1704.38,1075.8255,0.386958986
OI005290,O02103,P025,1,3270.83,0.15,1704.38,3270.83,490.6245,2780.2055,1704.38,1075.8255,0.386958986
OI005065,O02014,P076,1,1644.18,0.05,487.76,1644.18,82.209,1561.971,487.76,1074.211,0.687727877
OI005235,O02081,P076,1,1644.18,0.05,487.76,1644.18,82.209,1561.971,487.76,1074.211,0.687727877
OI001070,O00417,P003,1,6285.84,0.3,3329.26,6285.84,1885.752,4400.088,3329.26,1070.828,0.243365133
OI002219,O00874,P003,1,6285.84,0.3,3329.26,6285.84,1885.752,4400.088,3329.26,1070.828,0.243365133
OI002734,O01080,P003,1,6285.84,0.3,3329.26,6285.84,1885.752,4400.088,3329.26,1070.828,0.243365133
OI004592,O01843,P003,1,6285.84,0.3,3329.26,6285.84,1885.752,4400.088,3329.26,1070.828,0.243365133
OI000275,O00108,P066,1,6217.53,0.2,3905.53,6217.53,1243.506,4974.024,3905.53,1068.494,0.214814806
OI000452,O00176,P066,1,6217.53,0.2,3905.53,6217.53,1243.506,4974.024,3905.53,1068.494,0.214814806
OI003599,O01434,P066,1,6217.53,0.2,3905.53,6217.53,1243.506,4974.024,3905.53,1068.494,0.214814806
OI004459,O01792,P066,1,6217.53,0.2,3905.53,6217.53,1243.506,4974.024,3905.53,1068.494,0.214814806
OI002464,O00978,P075,3,6578.23,0.2,4906.98,19734.69,3946.938,15787.752,14720.94,1066.812,0.067572128
OI004213,O01682,P075,3,6578.23,0.2,4906.98,19734.69,3946.938,15787.752,14720.94,1066.812,0.067572128
OI000801,O00317,P060,2,1760.75,0.15,963.34,3521.5,528.225,2993.275,1926.68,1066.595,0.356330441
OI001915,O00756,P060,2,1760.75,0.15,963.34,3521.5,528.225,2993.275,1926.68,1066.595,0.356330441
OI002448,O00973,P060,2,1760.75,0.15,963.34,3521.5,528.225,2993.275,1926.68,1066.595,0.356330441
OI003697,O01475,P060,2,1760.75,0.15,963.34,3521.5,528.225,2993.275,1926.68,1066.595,0.356330441
OI000755,O00296,P079,2,2345.86,0.15,1462.57,4691.72,703.758,3987.962,2925.14,1062.822,0.266507554
OI001942,O00768,P079,2,2345.86,0.15,1462.57,4691.72,703.758,3987.962,2925.14,1062.822,0.266507554
OI002256,O00889,P079,2,2345.86,0.15,1462.57,4691.72,703.758,3987.962,2925.14,1062.822,0.266507554
OI002441,O00969,P079,2,2345.86,0.15,1462.57,4691.72,703.758,3987.962,2925.14,1062.822,0.266507554
OI003417,O01359,P022,1,5959.11,0.3,3108.79,5959.11,1787.733,4171.377,3108.79,1062.587,0.25473291
OI004907,O01959,P022,1,5959.11,0.3,3108.79,5959.11,1787.733,4171.377,3108.79,1062.587,0.25473291
OI000338,O00136,P020,1,5123.92,0.1,3551.75,5123.92,512.392,4611.528,3551.75,1059.778,0.229810596
OI004020,O01608,P020,1,5123.92,0.1,3551.75,5123.92,512.392,4611.528,3551.75,1059.778,0.229810596
OI004268,O01702,P020,1,5123.92,0.1,3551.75,5123.92,512.392,4611.528,3551.75,1059.778,0.229810596
OI005243,O02083,P053,3,2116.53,0.1,1553.2,6349.59,634.959,5714.631,4659.6,1055.031,0.184619269
OI000790,O00311,P031,2,4921.58,0,4394.27,9843.16,0,9843.16,8788.54,1054.62,0.107142422
OI001093,O00425,P031,2,4921.58,0,4394.27,9843.16,0,9843.16,8788.54,1054.62,0.107142422
OI001122,O00438,P031,2,4921.58,0,4394.27,9843.16,0,9843.16,8788.54,1054.62,0.107142422
OI002361,O00936,P031,2,4921.58,0,4394.27,9843.16,0,9843.16,8788.54,1054.62,0.107142422
OI002643,O01045,P031,2,4921.58,0,4394.27,9843.16,0,9843.16,8788.54,1054.62,0.107142422
OI000798,O00315,P058,4,4600.81,0.05,4107.87,18403.24,920.162,17483.078,16431.48,1051.598,0.060149477
OI002612,O01033,P058,4,4600.81,0.05,4107.87,18403.24,920.162,17483.078,16431.48,1051.598,0.060149477
OI003787,O01512,P058,4,4600.81,0.05,4107.87,18403.24,920.162,17483.078,16431.48,1051.598,0.060149477
OI004659,O01866,P058,4,4600.81,0.05,4107.87,18403.24,920.162,17483.078,16431.48,1051.598,0.060149477
OI005233,O02080,P058,4,4600.81,0.05,4107.87,18403.24,920.162,17483.078,16431.48,1051.598,0.060149477
OI000061,O00025,P055,2,3905.29,0.1,2991.91,7810.58,781.058,7029.522,5983.82,1045.702,0.148758621
OI003564,O01418,P055,2,3905.29,0.1,2991.91,7810.58,781.058,7029.522,5983.82,1045.702,0.148758621
OI005176,O02058,P055,2,3905.29,0.1,2991.91,7810.58,781.058,7029.522,5983.82,1045.702,0.148758621
OI001130,O00442,P078,2,5006.54,0.1,3985.08,10013.08,1001.308,9011.772,7970.16,1041.612,0.115583483
OI002654,O01049,P078,2,5006.54,0.1,3985.08,10013.08,1001.308,9011.772,7970.16,1041.612,0.115583483
OI003249,O01291,P078,2,5006.54,0.1,3985.08,10013.08,1001.308,9011.772,7970.16,1041.612,0.115583483
OI001830,O00724,P059,2,4842.61,0,4323.76,9685.22,0,9685.22,8647.52,1037.7,0.107142636
OI004726,O01891,P059,2,4842.61,0,4323.76,9685.22,0,9685.22,8647.52,1037.7,0.107142636
OI005135,O02044,P059,2,4842.61,0,4323.76,9685.22,0,9685.22,8647.52,1037.7,0.107142636
OI003747,O01494,P077,1,1850.78,0,819.29,1850.78,0,1850.78,819.29,1031.49,0.557327181
OI004514,O01815,P077,1,1850.78,0,819.29,1850.78,0,1850.78,819.29,1031.49,0.557327181
OI001085,O00422,P035,2,4806.84,0,4291.82,9613.68,0,9613.68,8583.64,1030.04,0.107143154
OI001709,O00677,P035,2,4806.84,0,4291.82,9613.68,0,9613.68,8583.64,1030.04,0.107143154
OI002201,O00866,P035,2,4806.84,0,4291.82,9613.68,0,9613.68,8583.64,1030.04,0.107143154
OI002440,O00969,P035,2,4806.84,0,4291.82,9613.68,0,9613.68,8583.64,1030.04,0.107143154
OI002559,O01012,P035,2,4806.84,0,4291.82,9613.68,0,9613.68,8583.64,1030.04,0.107143154
OI002945,O01168,P035,2,4806.84,0,4291.82,9613.68,0,9613.68,8583.64,1030.04,0.107143154
OI000678,O00268,P043,3,6217.67,0.2,4630.79,18653.01,3730.602,14922.408,13892.37,1030.038,0.069026259
OI005344,O02125,P043,3,6217.67,0.2,4630.79,18653.01,3730.602,14922.408,13892.37,1030.038,0.069026259
OI001375,O00537,P063,4,4500.08,0.05,4017.93,18000.32,900.016,17100.304,16071.72,1028.584,0.060150042
OI003922,O01571,P063,4,4500.08,0.05,4017.93,18000.32,900.016,17100.304,16071.72,1028.584,0.060150042
OI004044,O01617,P063,4,4500.08,0.05,4017.93,18000.32,900.016,17100.304,16071.72,1028.584,0.060150042
OI004611,O01849,P063,4,4500.08,0.05,4017.93,18000.32,900.016,17100.304,16071.72,1028.584,0.060150042
OI001838,O00726,P078,1,5006.54,0,3985.08,5006.54,0,5006.54,3985.08,1021.46,0.204025135
OI002309,O00913,P078,1,5006.54,0,3985.08,5006.54,0,5006.54,3985.08,1021.46,0.204025135
OI004732,O01894,P078,1,5006.54,0,3985.08,5006.54,0,5006.54,3985.08,1021.46,0.204025135
OI001097,O00427,P044,2,4748.93,0,4240.12,9497.86,0,9497.86,8480.24,1017.62,0.10714203
OI001504,O00594,P044,2,4748.93,0,4240.12,9497.86,0,9497.86,8480.24,1017.62,0.10714203
OI002129,O00840,P044,2,4748.93,0,4240.12,9497.86,0,9497.86,8480.24,1017.62,0.10714203
OI001050,O00409,P075,1,6578.23,0.1,4906.98,6578.23,657.823,5920.407,4906.98,1013.427,0.171175225
OI001313,O00513,P075,1,6578.23,0.1,4906.98,6578.23,657.823,5920.407,4906.98,1013.427,0.171175225
OI002372,O00940,P075,1,6578.23,0.1,4906.98,6578.23,657.823,5920.407,4906.98,1013.427,0.171175225
OI003205,O01275,P075,1,6578.23,0.1,4906.98,6578.23,657.823,5920.407,4906.98,1013.427,0.171175225
OI004272,O01703,P075,1,6578.23,0.1,4906.98,6578.23,657.823,5920.407,4906.98,1013.427,0.171175225
OI000392,O00153,P064,2,4726.39,0,4219.99,9452.78,0,9452.78,8439.98,1012.8,0.107143084
OI001239,O00485,P019,3,3112.57,0,2779.08,9337.71,0,9337.71,8337.24,1000.47,0.107142972
OI001246,O00488,P019,3,3112.57,0,2779.08,9337.71,0,9337.71,8337.24,1000.47,0.107142972
OI002506,O00994,P019,3,3112.57,0,2779.08,9337.71,0,9337.71,8337.24,1000.47,0.107142972
OI002538,O01004,P019,3,3112.57,0,2779.08,9337.71,0,9337.71,8337.24,1000.47,0.107142972
OI004087,O01636,P019,3,3112.57,0,2779.08,9337.71,0,9337.71,8337.24,1000.47,0.107142972
OI004789,O01916,P019,3,3112.57,0,2779.08,9337.71,0,9337.71,8337.24,1000.47,0.107142972
OI005019,O02000,P019,3,3112.57,0,2779.08,9337.71,0,9337.71,8337.24,1000.47,0.107142972
OI005163,O02053,P019,3,3112.57,0,2779.08,9337.71,0,9337.71,8337.24,1000.47,0.107142972
OI005490,O02185,P019,3,3112.57,0,2779.08,9337.71,0,9337.71,8337.24,1000.47,0.107142972
OI000727,O00287,P076,1,1644.18,0.1,487.76,1644.18,164.418,1479.762,487.76,992.002,0.670379426
OI000800,O00316,P076,1,1644.18,0.1,487.76,1644.18,164.418,1479.762,487.76,992.002,0.670379426
OI000938,O00364,P076,1,1644.18,0.1,487.76,1644.18,164.418,1479.762,487.76,992.002,0.670379426
OI001136,O00444,P076,1,1644.18,0.1,487.76,1644.18,164.418,1479.762,487.76,992.002,0.670379426
OI002410,O00954,P076,1,1644.18,0.1,487.76,1644.18,164.418,1479.762,487.76,992.002,0.670379426
OI005301,O02107,P076,1,1644.18,0.1,487.76,1644.18,164.418,1479.762,487.76,992.002,0.670379426
OI002990,O01185,P047,2,6217.65,0.3,3858.64,12435.3,3730.59,8704.71,7717.28,987.43,0.113436289
OI003555,O01414,P047,2,6217.65,0.3,3858.64,12435.3,3730.59,8704.71,7717.28,987.43,0.113436289
OI004635,O01858,P047,2,6217.65,0.3,3858.64,12435.3,3730.59,8704.71,7717.28,987.43,0.113436289
OI004794,O01918,P047,2,6217.65,0.3,3858.64,12435.3,3730.59,8704.71,7717.28,987.43,0.113436289
OI004409,O01765,P058,2,4600.81,0,4107.87,9201.62,0,9201.62,8215.74,985.88,0.107142003
OI004496,O01805,P058,2,4600.81,0,4107.87,9201.62,0,9201.62,8215.74,985.88,0.107142003
OI005515,O02194,P058,2,4600.81,0,4107.87,9201.62,0,9201.62,8215.74,985.88,0.107142003
OI001664,O00660,P048,4,4310.39,0.05,3848.56,17241.56,862.078,16379.482,15394.24,985.242,0.060150986
OI001995,O00788,P048,4,4310.39,0.05,3848.56,17241.56,862.078,16379.482,15394.24,985.242,0.060150986
OI004090,O01638,P048,4,4310.39,0.05,3848.56,17241.56,862.078,16379.482,15394.24,985.242,0.060150986
OI004654,O01864,P048,4,4310.39,0.05,3848.56,17241.56,862.078,16379.482,15394.24,985.242,0.060150986
OI002029,O00800,P053,4,2116.53,0.15,1553.2,8466.12,1269.918,7196.202,6212.8,983.402,0.136655697
OI002512,O00996,P053,4,2116.53,0.15,1553.2,8466.12,1269.918,7196.202,6212.8,983.402,0.136655697
OI003646,O01455,P053,4,2116.53,0.15,1553.2,8466.12,1269.918,7196.202,6212.8,983.402,0.136655697
OI003764,O01502,P053,4,2116.53,0.15,1553.2,8466.12,1269.918,7196.202,6212.8,983.402,0.136655697
OI004594,O01844,P053,4,2116.53,0.15,1553.2,8466.12,1269.918,7196.202,6212.8,983.402,0.136655697
OI001624,O00645,P055,3,3905.29,0.15,2991.91,11715.87,1757.3805,9958.4895,8975.73,982.7595,0.098685599
OI001640,O00650,P055,3,3905.29,0.15,2991.91,11715.87,1757.3805,9958.4895,8975.73,982.7595,0.098685599
OI004627,O01856,P055,3,3905.29,0.15,2991.91,11715.87,1757.3805,9958.4895,8975.73,982.7595,0.098685599
OI005213,O02073,P043,1,6217.67,0.1,4630.79,6217.67,621.767,5595.903,4630.79,965.113,0.172467786
OI005402,O02148,P043,1,6217.67,0.1,4630.79,6217.67,621.767,5595.903,4630.79,965.113,0.172467786
OI000943,O00367,P063,2,4500.08,0,4017.93,9000.16,0,9000.16,8035.86,964.3,0.10714254
OI001424,O00559,P063,2,4500.08,0,4017.93,9000.16,0,9000.16,8035.86,964.3,0.10714254
OI001771,O00702,P063,2,4500.08,0,4017.93,9000.16,0,9000.16,8035.86,964.3,0.10714254
OI003423,O01361,P063,2,4500.08,0,4017.93,9000.16,0,9000.16,8035.86,964.3,0.10714254
OI003535,O01404,P063,2,4500.08,0,4017.93,9000.16,0,9000.16,8035.86,964.3,0.10714254
OI005389,O02141,P063,2,4500.08,0,4017.93,9000.16,0,9000.16,8035.86,964.3,0.10714254
OI000547,O00215,P069,3,5592.45,0.05,4993.26,16777.35,838.8675,15938.4825,14979.78,958.7025,0.060150174
OI004847,O01939,P069,3,5592.45,0.05,4993.26,16777.35,838.8675,15938.4825,14979.78,958.7025,0.060150174
OI004869,O01947,P069,3,5592.45,0.05,4993.26,16777.35,838.8675,15938.4825,14979.78,958.7025,0.060150174
OI005246,O02084,P069,3,5592.45,0.05,4993.26,16777.35,838.8675,15938.4825,14979.78,958.7025,0.060150174
OI001957,O00773,P077,2,1850.78,0.3,819.29,3701.56,1110.468,2591.092,1638.58,952.512,0.367610259
OI002779,O01100,P077,2,1850.78,0.3,819.29,3701.56,1110.468,2591.092,1638.58,952.512,0.367610259
OI005304,O02108,P077,2,1850.78,0.3,819.29,3701.56,1110.468,2591.092,1638.58,952.512,0.367610259
OI002186,O00861,P065,2,1521.26,0.15,820.9,3042.52,456.378,2586.142,1641.8,944.342,0.365154736
OI004369,O01749,P065,2,1521.26,0.15,820.9,3042.52,456.378,2586.142,1641.8,944.342,0.365154736
OI000503,O00197,P045,3,5481.6,0.05,4894.29,16444.8,822.24,15622.56,14682.87,939.69,0.060149553
OI002769,O01093,P045,3,5481.6,0.05,4894.29,16444.8,822.24,15622.56,14682.87,939.69,0.060149553
OI005485,O02183,P045,3,5481.6,0.05,4894.29,16444.8,822.24,15622.56,14682.87,939.69,0.060149553
OI000523,O00205,P077,1,1850.78,0.05,819.29,1850.78,92.539,1758.241,819.29,938.951,0.534028612
OI002460,O00977,P077,1,1850.78,0.05,819.29,1850.78,92.539,1758.241,819.29,938.951,0.534028612
OI003128,O01246,P077,1,1850.78,0.05,819.29,1850.78,92.539,1758.241,819.29,938.951,0.534028612
OI003252,O01293,P077,1,1850.78,0.05,819.29,1850.78,92.539,1758.241,819.29,938.951,0.534028612
OI005280,O02098,P077,1,1850.78,0.05,819.29,1850.78,92.539,1758.241,819.29,938.951,0.534028612
OI003324,O01322,P026,3,5470.33,0.05,4884.22,16410.99,820.5495,15590.4405,14652.66,937.7805,0.060150994
OI003634,O01449,P026,3,5470.33,0.05,4884.22,16410.99,820.5495,15590.4405,14652.66,937.7805,0.060150994
OI004845,O01939,P026,3,5470.33,0.05,4884.22,16410.99,820.5495,15590.4405,14652.66,937.7805,0.060150994
OI000891,O00349,P048,2,4310.39,0,3848.56,8620.78,0,8620.78,7697.12,923.66,0.107143437
OI004820,O01928,P048,2,4310.39,0,3848.56,8620.78,0,8620.78,7697.12,923.66,0.107143437
OI005009,O01995,P048,2,4310.39,0,3848.56,8620.78,0,8620.78,7697.12,923.66,0.107143437
OI005133,O02044,P048,2,4310.39,0,3848.56,8620.78,0,8620.78,7697.12,923.66,0.107143437
OI001429,O00560,P021,3,5344.27,0.05,4771.67,16032.81,801.6405,15231.1695,14315.01,916.1595,0.060150306
OI001784,O00708,P021,3,5344.27,0.05,4771.67,16032.81,801.6405,15231.1695,14315.01,916.1595,0.060150306
OI001998,O00788,P021,3,5344.27,0.05,4771.67,16032.81,801.6405,15231.1695,14315.01,916.1595,0.060150306
OI002667,O01054,P021,3,5344.27,0.05,4771.67,16032.81,801.6405,15231.1695,14315.01,916.1595,0.060150306
OI002740,O01084,P021,3,5344.27,0.05,4771.67,16032.81,801.6405,15231.1695,14315.01,916.1595,0.060150306
OI004543,O01825,P021,3,5344.27,0.05,4771.67,16032.81,801.6405,15231.1695,14315.01,916.1595,0.060150306
OI004885,O01953,P021,3,5344.27,0.05,4771.67,16032.81,801.6405,15231.1695,14315.01,916.1595,0.060150306
OI000974,O00379,P053,2,2116.53,0.05,1553.2,4233.06,211.653,4021.407,3106.4,915.007,0.227534045
OI001617,O00642,P053,2,2116.53,0.05,1553.2,4233.06,211.653,4021.407,3106.4,915.007,0.227534045
OI002072,O00817,P053,2,2116.53,0.05,1553.2,4233.06,211.653,4021.407,3106.4,915.007,0.227534045
OI002953,O01171,P055,1,3905.29,0,2991.91,3905.29,0,3905.29,2991.91,913.38,0.233882759
OI000932,O00362,P025,1,3270.83,0.2,1704.38,3270.83,654.166,2616.664,1704.38,912.284,0.348643922
OI002876,O01139,P025,1,3270.83,0.2,1704.38,3270.83,654.166,2616.664,1704.38,912.284,0.348643922
OI003039,O01208,P025,1,3270.83,0.2,1704.38,3270.83,654.166,2616.664,1704.38,912.284,0.348643922
OI003575,O01423,P025,1,3270.83,0.2,1704.38,3270.83,654.166,2616.664,1704.38,912.284,0.348643922
OI003821,O01526,P025,1,3270.83,0.2,1704.38,3270.83,654.166,2616.664,1704.38,912.284,0.348643922
OI004720,O01889,P025,1,3270.83,0.2,1704.38,3270.83,654.166,2616.664,1704.38,912.284,0.348643922
OI000601,O00234,P076,1,1644.18,0.15,487.76,1644.18,246.627,1397.553,487.76,909.793,0.65098998
OI002059,O00813,P076,1,1644.18,0.15,487.76,1644.18,246.627,1397.553,487.76,909.793,0.65098998
OI003419,O01359,P076,1,1644.18,0.15,487.76,1644.18,246.627,1397.553,487.76,909.793,0.65098998
OI001371,O00535,P038,3,2828.73,0,2525.65,8486.19,0,8486.19,7576.95,909.24,0.107143488
OI002084,O00821,P038,3,2828.73,0,2525.65,8486.19,0,8486.19,7576.95,909.24,0.107143488
OI002988,O01184,P038,3,2828.73,0,2525.65,8486.19,0,8486.19,7576.95,909.24,0.107143488
OI003408,O01355,P038,3,2828.73,0,2525.65,8486.19,0,8486.19,7576.95,909.24,0.107143488
OI004120,O01650,P038,3,2828.73,0,2525.65,8486.19,0,8486.19,7576.95,909.24,0.107143488
OI000546,O00214,P034,3,5252.02,0.05,4689.3,15756.06,787.803,14968.257,14067.9,900.357,0.060151092
OI002864,O01135,P034,3,5252.02,0.05,4689.3,15756.06,787.803,14968.257,14067.9,900.357,0.060151092
OI004901,O01957,P034,3,5252.02,0.05,4689.3,15756.06,787.803,14968.257,14067.9,900.357,0.060151092
OI000983,O00382,P072,1,3098.66,0,2200.58,3098.66,0,3098.66,2200.58,898.08,0.289828507
OI002240,O00884,P066,2,6217.53,0.3,3905.53,12435.06,3730.518,8704.542,7811.06,893.482,0.102645492
OI003109,O01238,P066,2,6217.53,0.3,3905.53,12435.06,3730.518,8704.542,7811.06,893.482,0.102645492
OI004380,O01753,P066,2,6217.53,0.3,3905.53,12435.06,3730.518,8704.542,7811.06,893.482,0.102645492
OI000156,O00063,P060,2,1760.75,0.2,963.34,3521.5,704.3,2817.2,1926.68,890.52,0.316101093
OI004349,O01740,P060,2,1760.75,0.2,963.34,3521.5,704.3,2817.2,1926.68,890.52,0.316101093
OI004702,O01884,P060,2,1760.75,0.2,963.34,3521.5,704.3,2817.2,1926.68,890.52,0.316101093
OI005021,O02001,P060,2,1760.75,0.2,963.34,3521.5,704.3,2817.2,1926.68,890.52,0.316101093
OI005216,O02074,P060,2,1760.75,0.2,963.34,3521.5,704.3,2817.2,1926.68,890.52,0.316101093
OI000784,O00308,P079,1,2345.86,0,1462.57,2345.86,0,2345.86,1462.57,883.29,0.376531421
OI002743,O01085,P079,1,2345.86,0,1462.57,2345.86,0,2345.86,1462.57,883.29,0.376531421
OI003605,O01436,P079,1,2345.86,0,1462.57,2345.86,0,2345.86,1462.57,883.29,0.376531421
OI000159,O00065,P042,3,5125.64,0.05,4576.46,15376.92,768.846,14608.074,13729.38,878.694,0.060151256
OI004314,O01724,P042,3,5125.64,0.05,4576.46,15376.92,768.846,14608.074,13729.38,878.694,0.060151256
OI000330,O00133,P017,3,5112.9,0.05,4565.09,15338.7,766.935,14571.765,13695.27,876.495,0.060150229
OI005362,O02132,P017,3,5112.9,0.05,4565.09,15338.7,766.935,14571.765,13695.27,876.495,0.060150229
OI000373,O00147,P016,4,3833.17,0.05,3422.47,15332.68,766.634,14566.046,13689.88,876.166,0.060151259
OI003519,O01398,P016,4,3833.17,0.05,3422.47,15332.68,766.634,14566.046,13689.88,876.166,0.060151259
OI004138,O01656,P016,4,3833.17,0.05,3422.47,15332.68,766.634,14566.046,13689.88,876.166,0.060151259
OI000657,O00258,P002,4,3793.81,0.05,3387.33,15175.24,758.762,14416.478,13549.32,867.158,0.060150475
OI001158,O00454,P002,4,3793.81,0.05,3387.33,15175.24,758.762,14416.478,13549.32,867.158,0.060150475
OI001182,O00463,P002,4,3793.81,0.05,3387.33,15175.24,758.762,14416.478,13549.32,867.158,0.060150475
OI001910,O00754,P002,4,3793.81,0.05,3387.33,15175.24,758.762,14416.478,13549.32,867.158,0.060150475
OI002952,O01170,P072,2,3098.66,0.15,2200.58,6197.32,929.598,5267.722,4401.16,866.562,0.164504125
OI003806,O01518,P072,2,3098.66,0.15,2200.58,6197.32,929.598,5267.722,4401.16,866.562,0.164504125
OI004291,O01711,P072,2,3098.66,0.15,2200.58,6197.32,929.598,5267.722,4401.16,866.562,0.164504125
OI005220,O02076,P072,2,3098.66,0.15,2200.58,6197.32,929.598,5267.722,4401.16,866.562,0.164504125
OI005467,O02173,P072,2,3098.66,0.15,2200.58,6197.32,929.598,5267.722,4401.16,866.562,0.164504125
OI000449,O00174,P051,1,3109.99,0.3,1315.1,3109.99,932.997,2176.993,1315.1,861.893,0.395909863
OI000921,O00358,P051,1,3109.99,0.3,1315.1,3109.99,932.997,2176.993,1315.1,861.893,0.395909863
OI001515,O00599,P051,1,3109.99,0.3,1315.1,3109.99,932.997,2176.993,1315.1,861.893,0.395909863
OI003945,O01579,P051,1,3109.99,0.3,1315.1,3109.99,932.997,2176.993,1315.1,861.893,0.395909863
OI005443,O02162,P051,1,3109.99,0.3,1315.1,3109.99,932.997,2176.993,1315.1,861.893,0.395909863
OI002857,O01131,P004,4,3768.92,0.05,3365.11,15075.68,753.784,14321.896,13460.44,861.456,0.060149578
OI003740,O01492,P004,4,3768.92,0.05,3365.11,15075.68,753.784,14321.896,13460.44,861.456,0.060149578
OI005005,O01993,P004,4,3768.92,0.05,3365.11,15075.68,753.784,14321.896,13460.44,861.456,0.060149578
OI001583,O00628,P080,1,5576.76,0.05,4441.52,5576.76,278.838,5297.922,4441.52,856.402,0.161648661
OI002371,O00940,P080,1,5576.76,0.05,4441.52,5576.76,278.838,5297.922,4441.52,856.402,0.161648661
OI000554,O00217,P062,4,1993.86,0,1780.23,7975.44,0,7975.44,7120.92,854.52,0.107143932
OI001224,O00480,P062,4,1993.86,0,1780.23,7975.44,0,7975.44,7120.92,854.52,0.107143932
OI001496,O00589,P062,4,1993.86,0,1780.23,7975.44,0,7975.44,7120.92,854.52,0.107143932
OI005162,O02053,P050,3,2647.44,0,2363.79,7942.32,0,7942.32,7091.37,850.95,0.107141238
OI000269,O00106,P077,1,1850.78,0.1,819.29,1850.78,185.078,1665.702,819.29,846.412,0.508141312
OI002287,O00903,P077,1,1850.78,0.1,819.29,1850.78,185.078,1665.702,819.29,846.412,0.508141312
OI002444,O00970,P077,1,1850.78,0.1,819.29,1850.78,185.078,1665.702,819.29,846.412,0.508141312
OI004257,O01698,P077,1,1850.78,0.1,819.29,1850.78,185.078,1665.702,819.29,846.412,0.508141312
OI000703,O00278,P072,3,3098.66,0.2,2200.58,9295.98,1859.196,7436.784,6601.74,835.044,0.112285633
OI000014,O00009,P059,3,4842.61,0.05,4323.76,14527.83,726.3915,13801.4385,12971.28,830.1585,0.060150143
OI000513,O00201,P059,3,4842.61,0.05,4323.76,14527.83,726.3915,13801.4385,12971.28,830.1585,0.060150143
OI002144,O00846,P059,3,4842.61,0.05,4323.76,14527.83,726.3915,13801.4385,12971.28,830.1585,0.060150143
OI002158,O00851,P059,3,4842.61,0.05,4323.76,14527.83,726.3915,13801.4385,12971.28,830.1585,0.060150143
OI002179,O00859,P059,3,4842.61,0.05,4323.76,14527.83,726.3915,13801.4385,12971.28,830.1585,0.060150143
OI003966,O01587,P059,3,4842.61,0.05,4323.76,14527.83,726.3915,13801.4385,12971.28,830.1585,0.060150143
OI003326,O01323,P033,3,2579.49,0,2303.12,7738.47,0,7738.47,6909.36,829.11,0.107141334
OI004310,O01721,P033,3,2579.49,0,2303.12,7738.47,0,7738.47,6909.36,829.11,0.107141334
OI000877,O00345,P079,2,2345.86,0.2,1462.57,4691.72,938.344,3753.376,2925.14,828.236,0.220664277
OI001754,O00696,P079,2,2345.86,0.2,1462.57,4691.72,938.344,3753.376,2925.14,828.236,0.220664277
OI002282,O00901,P079,2,2345.86,0.2,1462.57,4691.72,938.344,3753.376,2925.14,828.236,0.220664277
OI003296,O01313,P079,2,2345.86,0.2,1462.57,4691.72,938.344,3753.376,2925.14,828.236,0.220664277
OI005142,O02047,P079,2,2345.86,0.2,1462.57,4691.72,938.344,3753.376,2925.14,828.236,0.220664277
OI000048,O00020,P076,1,1644.18,0.2,487.76,1644.18,328.836,1315.344,487.76,827.584,0.629176854
OI000915,O00356,P076,1,1644.18,0.2,487.76,1644.18,328.836,1315.344,487.76,827.584,0.629176854
OI002631,O01040,P076,1,1644.18,0.2,487.76,1644.18,328.836,1315.344,487.76,827.584,0.629176854
OI003438,O01367,P076,1,1644.18,0.2,487.76,1644.18,328.836,1315.344,487.76,827.584,0.629176854
OI004670,O01873,P076,1,1644.18,0.2,487.76,1644.18,328.836,1315.344,487.76,827.584,0.629176854
OI005043,O02008,P076,1,1644.18,0.2,487.76,1644.18,328.836,1315.344,487.76,827.584,0.629176854
OI000928,O00361,P016,2,3833.17,0,3422.47,7666.34,0,7666.34,6844.94,821.4,0.107143696
OI002618,O01036,P016,2,3833.17,0,3422.47,7666.34,0,7666.34,6844.94,821.4,0.107143696
OI004169,O01666,P016,2,3833.17,0,3422.47,7666.34,0,7666.34,6844.94,821.4,0.107143696
OI000344,O00138,P009,2,4981.98,0.05,4324.06,9963.96,498.198,9465.762,8648.12,817.642,0.086378888
OI001742,O00691,P009,2,4981.98,0.05,4324.06,9963.96,498.198,9465.762,8648.12,817.642,0.086378888
OI002797,O01106,P009,2,4981.98,0.05,4324.06,9963.96,498.198,9465.762,8648.12,817.642,0.086378888
OI004019,O01608,P009,2,4981.98,0.05,4324.06,9963.96,498.198,9465.762,8648.12,817.642,0.086378888
OI004299,O01716,P009,2,4981.98,0.05,4324.06,9963.96,498.198,9465.762,8648.12,817.642,0.086378888
OI005312,O02112,P009,2,4981.98,0.05,4324.06,9963.96,498.198,9465.762,8648.12,817.642,0.086378888
OI005471,O02174,P009,2,4981.98,0.05,4324.06,9963.96,498.198,9465.762,8648.12,817.642,0.086378888
OI000205,O00080,P044,3,4748.93,0.05,4240.12,14246.79,712.3395,13534.4505,12720.36,814.0905,0.060149505
OI000521,O00204,P044,3,4748.93,0.05,4240.12,14246.79,712.3395,13534.4505,12720.36,814.0905,0.060149505
OI002449,O00973,P044,3,4748.93,0.05,4240.12,14246.79,712.3395,13534.4505,12720.36,814.0905,0.060149505
OI000349,O00139,P002,2,3793.81,0,3387.33,7587.62,0,7587.62,6774.66,812.96,0.107142951
OI004400,O01763,P002,2,3793.81,0,3387.33,7587.62,0,7587.62,6774.66,812.96,0.107142951
OI000504,O00198,P078,3,5006.54,0.15,3985.08,15019.62,2252.943,12766.677,11955.24,811.437,0.063558982
OI001446,O00569,P078,3,5006.54,0.15,3985.08,15019.62,2252.943,12766.677,11955.24,811.437,0.063558982
OI003234,O01286,P078,3,5006.54,0.15,3985.08,15019.62,2252.943,12766.677,11955.24,811.437,0.063558982
OI005272,O02096,P064,3,4726.39,0.05,4219.99,14179.17,708.9585,13470.2115,12659.97,810.2415,0.060150615
OI005381,O02138,P064,3,4726.39,0.05,4219.99,14179.17,708.9585,13470.2115,12659.97,810.2415,0.060150615
OI001663,O00660,P004,2,3768.92,0,3365.11,7537.84,0,7537.84,6730.22,807.62,0.107142099
OI001778,O00705,P004,2,3768.92,0,3365.11,7537.84,0,7537.84,6730.22,807.62,0.107142099
OI002792,O01104,P004,2,3768.92,0,3365.11,7537.84,0,7537.84,6730.22,807.62,0.107142099
OI003278,O01305,P004,2,3768.92,0,3365.11,7537.84,0,7537.84,6730.22,807.62,0.107142099
OI004147,O01659,P004,2,3768.92,0,3365.11,7537.84,0,7537.84,6730.22,807.62,0.107142099
OI001723,O00682,P060,3,1760.75,0.3,963.34,5282.25,1584.675,3697.575,2890.02,807.555,0.218401249
OI003657,O01459,P060,3,1760.75,0.3,963.34,5282.25,1584.675,3697.575,2890.02,807.555,0.218401249
OI001805,O00714,P020,1,5123.92,0.15,3551.75,5123.92,768.588,4355.332,3551.75,803.582,0.184505337
OI002054,O00812,P020,1,5123.92,0.15,3551.75,5123.92,768.588,4355.332,3551.75,803.582,0.184505337
OI004160,O01663,P020,1,5123.92,0.15,3551.75,5123.92,768.588,4355.332,3551.75,803.582,0.184505337
OI004260,O01699,P020,1,5123.92,0.15,3551.75,5123.92,768.588,4355.332,3551.75,803.582,0.184505337
OI004830,O01933,P020,1,5123.92,0.15,3551.75,5123.92,768.588,4355.332,3551.75,803.582,0.184505337
OI005027,O02003,P020,1,5123.92,0.15,3551.75,5123.92,768.588,4355.332,3551.75,803.582,0.184505337
OI005314,O02112,P020,1,5123.92,0.15,3551.75,5123.92,768.588,4355.332,3551.75,803.582,0.184505337
OI001370,O00535,P060,1,1760.75,0,963.34,1760.75,0,1760.75,963.34,797.41,0.452880875
OI001575,O00625,P060,1,1760.75,0,963.34,1760.75,0,1760.75,963.34,797.41,0.452880875
OI003308,O01317,P060,1,1760.75,0,963.34,1760.75,0,1760.75,963.34,797.41,0.452880875
OI005374,O02136,P060,1,1760.75,0,963.34,1760.75,0,1760.75,963.34,797.41,0.452880875
OI000862,O00339,P065,2,1521.26,0.2,820.9,3042.52,608.504,2434.016,1641.8,792.216,0.325476907
OI004078,O01632,P065,2,1521.26,0.2,820.9,3042.52,608.504,2434.016,1641.8,792.216,0.325476907
OI005217,O02075,P065,2,1521.26,0.2,820.9,3042.52,608.504,2434.016,1641.8,792.216,0.325476907
OI005259,O02091,P065,2,1521.26,0.2,820.9,3042.52,608.504,2434.016,1641.8,792.216,0.325476907
OI000300,O00119,P058,3,4600.81,0.05,4107.87,13802.43,690.1215,13112.3085,12323.61,788.6985,0.060149477
OI000696,O00275,P058,3,4600.81,0.05,4107.87,13802.43,690.1215,13112.3085,12323.61,788.6985,0.060149477
OI001173,O00460,P058,3,4600.81,0.05,4107.87,13802.43,690.1215,13112.3085,12323.61,788.6985,0.060149477
OI000972,O00378,P008,1,5224.68,0.3,2873.574,5224.68,1567.404,3657.276,2873.574,783.702,0.214285714
OI001477,O00583,P008,1,5224.68,0.3,2873.574,5224.68,1567.404,3657.276,2873.574,783.702,0.214285714
OI005475,O02177,P008,1,5224.68,0.3,2873.574,5224.68,1567.404,3657.276,2873.574,783.702,0.214285714
OI000895,O00350,P046,1,6490.81,0.3,3763.21,6490.81,1947.243,4543.567,3763.21,780.357,0.171749861
OI001692,O00671,P046,1,6490.81,0.3,3763.21,6490.81,1947.243,4543.567,3763.21,780.357,0.171749861
OI002825,O01118,P046,1,6490.81,0.3,3763.21,6490.81,1947.243,4543.567,3763.21,780.357,0.171749861
OI003597,O01433,P046,1,6490.81,0.3,3763.21,6490.81,1947.243,4543.567,3763.21,780.357,0.171749861
OI004183,O01671,P046,1,6490.81,0.3,3763.21,6490.81,1947.243,4543.567,3763.21,780.357,0.171749861
OI004608,O01848,P046,1,6490.81,0.3,3763.21,6490.81,1947.243,4543.567,3763.21,780.357,0.171749861
OI005201,O02067,P046,1,6490.81,0.3,3763.21,6490.81,1947.243,4543.567,3763.21,780.357,0.171749861
OI000838,O00330,P039,2,3602.12,0,3216.18,7204.24,0,7204.24,6432.36,771.88,0.107142461
OI002204,O00867,P039,2,3602.12,0,3216.18,7204.24,0,7204.24,6432.36,771.88,0.107142461
OI002314,O00916,P039,2,3602.12,0,3216.18,7204.24,0,7204.24,6432.36,771.88,0.107142461
OI001153,O00452,P063,3,4500.08,0.05,4017.93,13500.24,675.012,12825.228,12053.79,771.438,0.060150042
OI003335,O01326,P063,3,4500.08,0.05,4017.93,13500.24,675.012,12825.228,12053.79,771.438,0.060150042
OI003814,O01521,P063,3,4500.08,0.05,4017.93,13500.24,675.012,12825.228,12053.79,771.438,0.060150042
OI000594,O00233,P078,1,5006.54,0.05,3985.08,5006.54,250.327,4756.213,3985.08,771.133,0.162131721
OI000713,O00281,P078,1,5006.54,0.05,3985.08,5006.54,250.327,4756.213,3985.08,771.133,0.162131721
OI005521,O02196,P078,1,5006.54,0.05,3985.08,5006.54,250.327,4756.213,3985.08,771.133,0.162131721
OI005227,O02079,P028,1,6060.07,0.3,3474.32,6060.07,1818.021,4242.049,3474.32,767.729,0.180980701
OI003385,O01345,P079,1,2345.86,0.05,1462.57,2345.86,117.293,2228.567,1462.57,765.997,0.343717286
OI004198,O01676,P079,1,2345.86,0.05,1462.57,2345.86,117.293,2228.567,1462.57,765.997,0.343717286
OI002473,O00980,P077,1,1850.78,0.15,819.29,1850.78,277.617,1573.163,819.29,753.873,0.479208448
OI002492,O00987,P077,1,1850.78,0.15,819.29,1850.78,277.617,1573.163,819.29,753.873,0.479208448
OI003771,O01505,P072,1,3098.66,0.05,2200.58,3098.66,154.933,2943.727,2200.58,743.147,0.252451059
OI002223,O00876,P048,3,4310.39,0.05,3848.56,12931.17,646.5585,12284.6115,11545.68,738.9315,0.060150986
OI002595,O01027,P048,3,4310.39,0.05,3848.56,12931.17,646.5585,12284.6115,11545.68,738.9315,0.060150986
OI003226,O01284,P048,3,4310.39,0.05,3848.56,12931.17,646.5585,12284.6115,11545.68,738.9315,0.060150986
OI003254,O01294,P048,3,4310.39,0.05,3848.56,12931.17,646.5585,12284.6115,11545.68,738.9315,0.060150986
OI004054,O01620,P048,3,4310.39,0.05,3848.56,12931.17,646.5585,12284.6115,11545.68,738.9315,0.060150986
OI000236,O00094,P053,3,2116.53,0.15,1553.2,6349.59,952.4385,5397.1515,4659.6,737.5515,0.136655697
OI002266,O00894,P053,3,2116.53,0.15,1553.2,6349.59,952.4385,5397.1515,4659.6,737.5515,0.136655697
OI003548,O01409,P053,3,2116.53,0.15,1553.2,6349.59,952.4385,5397.1515,4659.6,737.5515,0.136655697
OI001972,O00779,P065,3,1521.26,0.3,820.9,4563.78,1369.134,3194.646,2462.7,731.946,0.229116465
OI002043,O00806,P065,3,1521.26,0.3,820.9,4563.78,1369.134,3194.646,2462.7,731.946,0.229116465
OI003672,O01465,P065,3,1521.26,0.3,820.9,4563.78,1369.134,3194.646,2462.7,731.946,0.229116465
OI000570,O00223,P079,4,2345.86,0.3,1462.57,9383.44,2815.032,6568.408,5850.28,718.128,0.109330602
OI001687,O00670,P079,4,2345.86,0.3,1462.57,9383.44,2815.032,6568.408,5850.28,718.128,0.109330602
OI002224,O00876,P079,4,2345.86,0.3,1462.57,9383.44,2815.032,6568.408,5850.28,718.128,0.109330602
OI002501,O00991,P079,4,2345.86,0.3,1462.57,9383.44,2815.032,6568.408,5850.28,718.128,0.109330602
OI002205,O00867,P055,1,3905.29,0.05,2991.91,3905.29,195.2645,3710.0255,2991.91,718.1155,0.193560799
OI003019,O01197,P055,1,3905.29,0.05,2991.91,3905.29,195.2645,3710.0255,2991.91,718.1155,0.193560799
OI003893,O01556,P037,4,3125.99,0.05,2791.06,12503.96,625.198,11878.762,11164.24,714.522,0.060151218
OI004472,O01796,P013,4,1662.63,0,1484.49,6650.52,0,6650.52,5937.96,712.56,0.107143502
OI005407,O02150,P013,4,1662.63,0,1484.49,6650.52,0,6650.52,5937.96,712.56,0.107143502
OI001820,O00720,P019,4,3112.57,0.05,2779.08,12450.28,622.514,11827.766,11116.32,711.446,0.060150497
OI003172,O01265,P019,4,3112.57,0.05,2779.08,12450.28,622.514,11827.766,11116.32,711.446,0.060150497
OI003307,O01317,P019,4,3112.57,0.05,2779.08,12450.28,622.514,11827.766,11116.32,711.446,0.060150497
OI000578,O00226,P060,1,1760.75,0.05,963.34,1760.75,88.0375,1672.7125,963.34,709.3725,0.424085131
OI001141,O00446,P053,2,2116.53,0.1,1553.2,4233.06,423.306,3809.754,3106.4,703.354,0.184619269
OI001455,O00573,P053,2,2116.53,0.1,1553.2,4233.06,423.306,3809.754,3106.4,703.354,0.184619269
OI004513,O01815,P053,2,2116.53,0.1,1553.2,4233.06,423.306,3809.754,3106.4,703.354,0.184619269
OI000702,O00278,P065,1,1521.26,0,820.9,1521.26,0,1521.26,820.9,700.36,0.460381526
OI001383,O00543,P065,1,1521.26,0,820.9,1521.26,0,1521.26,820.9,700.36,0.460381526
OI001774,O00703,P065,1,1521.26,0,820.9,1521.26,0,1521.26,820.9,700.36,0.460381526
OI001905,O00751,P065,1,1521.26,0,820.9,1521.26,0,1521.26,820.9,700.36,0.460381526
OI002466,O00978,P065,1,1521.26,0,820.9,1521.26,0,1521.26,820.9,700.36,0.460381526
OI004081,O01633,P043,2,6217.67,0.2,4630.79,12435.34,2487.068,9948.272,9261.58,686.692,0.069026259
OI004831,O01934,P043,2,6217.67,0.2,4630.79,12435.34,2487.068,9948.272,9261.58,686.692,0.069026259
OI001264,O00495,P075,1,6578.23,0.15,4906.98,6578.23,986.7345,5591.4955,4906.98,684.5155,0.122420826
OI002041,O00804,P075,1,6578.23,0.15,4906.98,6578.23,986.7345,5591.4955,4906.98,684.5155,0.122420826
OI004525,O01819,P075,1,6578.23,0.15,4906.98,6578.23,986.7345,5591.4955,4906.98,684.5155,0.122420826
OI005013,O01996,P075,1,6578.23,0.15,4906.98,6578.23,986.7345,5591.4955,4906.98,684.5155,0.122420826
OI000213,O00085,P019,2,3112.57,0,2779.08,6225.14,0,6225.14,5558.16,666.98,0.107142972
OI001032,O00402,P019,2,3112.57,0,2779.08,6225.14,0,6225.14,5558.16,666.98,0.107142972
OI000859,O00339,P076,1,1644.18,0.3,487.76,1644.18,493.254,1150.926,487.76,663.166,0.576202119
OI002188,O00862,P076,1,1644.18,0.3,487.76,1644.18,493.254,1150.926,487.76,663.166,0.576202119
OI003636,O01450,P076,1,1644.18,0.3,487.76,1644.18,493.254,1150.926,487.76,663.166,0.576202119
OI002068,O00816,P077,1,1850.78,0.2,819.29,1850.78,370.156,1480.624,819.29,661.334,0.446658976
OI002119,O00835,P077,1,1850.78,0.2,819.29,1850.78,370.156,1480.624,819.29,661.334,0.446658976
OI002134,O00842,P077,1,1850.78,0.2,819.29,1850.78,370.156,1480.624,819.29,661.334,0.446658976
OI004715,O01887,P077,1,1850.78,0.2,819.29,1850.78,370.156,1480.624,819.29,661.334,0.446658976
OI004401,O01763,P009,1,4981.98,0,4324.06,4981.98,0,4981.98,4324.06,657.92,0.132059944
OI005425,O02154,P009,1,4981.98,0,4324.06,4981.98,0,4981.98,4324.06,657.92,0.132059944
OI001785,O00708,P016,3,3833.17,0.05,3422.47,11499.51,574.9755,10924.5345,10267.41,657.1245,0.060151259
OI003574,O01423,P016,3,3833.17,0.05,3422.47,11499.51,574.9755,10924.5345,10267.41,657.1245,0.060151259
OI005114,O02035,P016,3,3833.17,0.05,3422.47,11499.51,574.9755,10924.5345,10267.41,657.1245,0.060151259
OI000167,O00068,P055,2,3905.29,0.15,2991.91,7810.58,1171.587,6638.993,5983.82,655.173,0.098685599
OI001667,O00661,P055,2,3905.29,0.15,2991.91,7810.58,1171.587,6638.993,5983.82,655.173,0.098685599
OI004615,O01851,P055,2,3905.29,0.15,2991.91,7810.58,1171.587,6638.993,5983.82,655.173,0.098685599
OI003558,O01415,P043,1,6217.67,0.15,4630.79,6217.67,932.6505,5285.0195,4630.79,654.2295,0.12378942
OI003998,O01599,P043,1,6217.67,0.15,4630.79,6217.67,932.6505,5285.0195,4630.79,654.2295,0.12378942
OI000480,O00187,P002,3,3793.81,0.05,3387.33,11381.43,569.0715,10812.3585,10161.99,650.3685,0.060150475
OI001984,O00782,P002,3,3793.81,0.05,3387.33,11381.43,569.0715,10812.3585,10161.99,650.3685,0.060150475
OI002546,O01007,P002,3,3793.81,0.05,3387.33,11381.43,569.0715,10812.3585,10161.99,650.3685,0.060150475
OI004311,O01722,P002,3,3793.81,0.05,3387.33,11381.43,569.0715,10812.3585,10161.99,650.3685,0.060150475
OI001065,O00415,P079,1,2345.86,0.1,1462.57,2345.86,234.586,2111.274,1462.57,648.704,0.307257135
OI002341,O00928,P079,1,2345.86,0.1,1462.57,2345.86,234.586,2111.274,1462.57,648.704,0.307257135
OI004498,O01806,P079,1,2345.86,0.1,1462.57,2345.86,234.586,2111.274,1462.57,648.704,0.307257135
OI001679,O00668,P038,4,2828.73,0.05,2525.65,11314.92,565.746,10749.174,10102.6,646.574,0.06015104
OI001866,O00737,P038,4,2828.73,0.05,2525.65,11314.92,565.746,10749.174,10102.6,646.574,0.06015104
OI000002,O00001,P004,3,3768.92,0.05,3365.11,11306.76,565.338,10741.422,10095.33,646.092,0.060149578
OI004433,O01777,P004,3,3768.92,0.05,3365.11,11306.76,565.338,10741.422,10095.33,646.092,0.060149578
OI005465,O02172,P004,3,3768.92,0.05,3365.11,11306.76,565.338,10741.422,10095.33,646.092,0.060149578
OI000025,O00013,P052,1,5599.03,0.3,3277.37,5599.03,1679.709,3919.321,3277.37,641.951,0.163791381
OI000615,O00241,P052,1,5599.03,0.3,3277.37,5599.03,1679.709,3919.321,3277.37,641.951,0.163791381
OI000734,O00290,P052,1,5599.03,0.3,3277.37,5599.03,1679.709,3919.321,3277.37,641.951,0.163791381
OI000769,O00301,P052,1,5599.03,0.3,3277.37,5599.03,1679.709,3919.321,3277.37,641.951,0.163791381
OI001125,O00439,P052,1,5599.03,0.3,3277.37,5599.03,1679.709,3919.321,3277.37,641.951,0.163791381
OI002064,O00815,P052,1,5599.03,0.3,3277.37,5599.03,1679.709,3919.321,3277.37,641.951,0.163791381
OI001967,O00776,P041,4,1494.52,0,1334.39,5978.08,0,5978.08,5337.56,640.52,0.107144769
OI003441,O01368,P041,4,1494.52,0,1334.39,5978.08,0,5978.08,5337.56,640.52,0.107144769
OI003654,O01459,P041,4,1494.52,0,1334.39,5978.08,0,5978.08,5337.56,640.52,0.107144769
OI004070,O01629,P041,4,1494.52,0,1334.39,5978.08,0,5978.08,5337.56,640.52,0.107144769
OI005096,O02028,P041,4,1494.52,0,1334.39,5978.08,0,5978.08,5337.56,640.52,0.107144769
OI000244,O00097,P069,2,5592.45,0.05,4993.26,11184.9,559.245,10625.655,9986.52,639.135,0.060150174
OI004626,O01856,P069,2,5592.45,0.05,4993.26,11184.9,559.245,10625.655,9986.52,639.135,0.060150174
OI005036,O02005,P069,2,5592.45,0.05,4993.26,11184.9,559.245,10625.655,9986.52,639.135,0.060150174
OI002111,O00833,P009,4,4981.98,0.1,4324.06,19927.92,1992.792,17935.128,17296.24,638.888,0.03562216
OI002529,O01001,P009,4,4981.98,0.1,4324.06,19927.92,1992.792,17935.128,17296.24,638.888,0.03562216
OI003200,O01274,P009,4,4981.98,0.1,4324.06,19927.92,1992.792,17935.128,17296.24,638.888,0.03562216
OI003289,O01308,P009,4,4981.98,0.1,4324.06,19927.92,1992.792,17935.128,17296.24,638.888,0.03562216
OI001811,O00717,P045,2,5481.6,0.05,4894.29,10963.2,548.16,10415.04,9788.58,626.46,0.060149553
OI001325,O00519,P026,2,5470.33,0.05,4884.22,10940.66,547.033,10393.627,9768.44,625.187,0.060150994
OI002690,O01062,P026,2,5470.33,0.05,4884.22,10940.66,547.033,10393.627,9768.44,625.187,0.060150994
OI002790,O01102,P026,2,5470.33,0.05,4884.22,10940.66,547.033,10393.627,9768.44,625.187,0.060150994
OI002596,O01027,P060,1,1760.75,0.1,963.34,1760.75,176.075,1584.675,963.34,621.335,0.392089861
OI003067,O01218,P060,1,1760.75,0.1,963.34,1760.75,176.075,1584.675,963.34,621.335,0.392089861
OI000212,O00084,P039,3,3602.12,0.05,3216.18,10806.36,540.318,10266.042,9648.54,617.502,0.060149958
OI004461,O01793,P039,3,3602.12,0.05,3216.18,10806.36,540.318,10266.042,9648.54,617.502,0.060149958
OI004784,O01914,P039,3,3602.12,0.05,3216.18,10806.36,540.318,10266.042,9648.54,617.502,0.060149958
OI005293,O02104,P039,3,3602.12,0.05,3216.18,10806.36,540.318,10266.042,9648.54,617.502,0.060149958
OI000731,O00289,P036,3,1918.28,0,1712.75,5754.84,0,5754.84,5138.25,616.59,0.107142857
OI005427,O02155,P021,2,5344.27,0.05,4771.67,10688.54,534.427,10154.113,9543.34,610.773,0.060150306
OI002732,O01080,P038,2,2828.73,0,2525.65,5657.46,0,5657.46,5051.3,606.16,0.107143488
OI004119,O01649,P038,2,2828.73,0,2525.65,5657.46,0,5657.46,5051.3,606.16,0.107143488
OI000105,O00043,P050,4,2647.44,0.05,2363.79,10589.76,529.488,10060.272,9455.16,605.112,0.060148672
OI001177,O00461,P050,4,2647.44,0.05,2363.79,10589.76,529.488,10060.272,9455.16,605.112,0.060148672
OI003046,O01211,P050,4,2647.44,0.05,2363.79,10589.76,529.488,10060.272,9455.16,605.112,0.060148672
OI003236,O01287,P050,4,2647.44,0.05,2363.79,10589.76,529.488,10060.272,9455.16,605.112,0.060148672
OI003457,O01376,P050,4,2647.44,0.05,2363.79,10589.76,529.488,10060.272,9455.16,605.112,0.060148672
OI004036,O01614,P050,4,2647.44,0.05,2363.79,10589.76,529.488,10060.272,9455.16,605.112,0.060148672
OI000557,O00218,P034,2,5252.02,0.05,4689.3,10504.04,525.202,9978.838,9378.6,600.238,0.060151092
OI003681,O01469,P034,2,5252.02,0.05,4689.3,10504.04,525.202,9978.838,9378.6,600.238,0.060151092
OI005112,O02034,P034,2,5252.02,0.05,4689.3,10504.04,525.202,9978.838,9378.6,600.238,0.060151092
OI002272,O00897,P069,1,5592.45,0,4993.26,5592.45,0,5592.45,4993.26,599.19,0.107142666
OI003857,O01543,P069,1,5592.45,0,4993.26,5592.45,0,5592.45,4993.26,599.19,0.107142666
OI004743,O01900,P080,2,5576.76,0.15,4441.52,11153.52,1673.028,9480.492,8883.04,597.452,0.063019092
OI001031,O00402,P033,4,2579.49,0.05,2303.12,10317.96,515.898,9802.062,9212.48,589.582,0.060148773
OI001039,O00405,P033,4,2579.49,0.05,2303.12,10317.96,515.898,9802.062,9212.48,589.582,0.060148773
OI003370,O01340,P033,4,2579.49,0.05,2303.12,10317.96,515.898,9802.062,9212.48,589.582,0.060148773
OI005482,O02182,P033,4,2579.49,0.05,2303.12,10317.96,515.898,9802.062,9212.48,589.582,0.060148773
OI001119,O00437,P072,1,3098.66,0.1,2200.58,3098.66,309.866,2788.794,2200.58,588.214,0.210920563
OI001512,O00597,P072,1,3098.66,0.1,2200.58,3098.66,309.866,2788.794,2200.58,588.214,0.210920563
OI002251,O00887,P045,1,5481.6,0,4894.29,5481.6,0,5481.6,4894.29,587.31,0.107142075
OI002484,O00983,P045,1,5481.6,0,4894.29,5481.6,0,5481.6,4894.29,587.31,0.107142075
OI003760,O01499,P045,1,5481.6,0,4894.29,5481.6,0,5481.6,4894.29,587.31,0.107142075
OI004463,O01793,P045,1,5481.6,0,4894.29,5481.6,0,5481.6,4894.29,587.31,0.107142075
OI004531,O01821,P045,1,5481.6,0,4894.29,5481.6,0,5481.6,4894.29,587.31,0.107142075
OI002078,O00819,P026,1,5470.33,0,4884.22,5470.33,0,5470.33,4884.22,586.11,0.107143445
OI005172,O02057,P026,1,5470.33,0,4884.22,5470.33,0,5470.33,4884.22,586.11,0.107143445
OI005180,O02060,P026,1,5470.33,0,4884.22,5470.33,0,5470.33,4884.22,586.11,0.107143445
OI000458,O00179,P042,2,5125.64,0.05,4576.46,10251.28,512.564,9738.716,9152.92,585.796,0.060151256
OI002442,O00969,P042,2,5125.64,0.05,4576.46,10251.28,512.564,9738.716,9152.92,585.796,0.060151256
OI002664,O01053,P025,1,3270.83,0.3,1704.38,3270.83,981.249,2289.581,1704.38,585.201,0.255593054
OI005403,O02148,P080,1,5576.76,0.1,4441.52,5576.76,557.676,5019.084,4441.52,577.564,0.115073587
OI001511,O00597,P021,1,5344.27,0,4771.67,5344.27,0,5344.27,4771.67,572.6,0.10714279
OI002019,O00795,P021,1,5344.27,0,4771.67,5344.27,0,5344.27,4771.67,572.6,0.10714279
OI002295,O00906,P021,1,5344.27,0,4771.67,5344.27,0,5344.27,4771.67,572.6,0.10714279
OI002396,O00949,P050,2,2647.44,0,2363.79,5294.88,0,5294.88,4727.58,567.3,0.107141238
OI000711,O00280,P053,1,2116.53,0,1553.2,2116.53,0,2116.53,1553.2,563.33,0.266157342
OI005169,O02056,P053,1,2116.53,0,1553.2,2116.53,0,2116.53,1553.2,563.33,0.266157342
OI002065,O00815,P034,1,5252.02,0,4689.3,5252.02,0,5252.02,4689.3,562.72,0.107143537
OI002537,O01004,P034,1,5252.02,0,4689.3,5252.02,0,5252.02,4689.3,562.72,0.107143537
OI002638,O01043,P034,1,5252.02,0,4689.3,5252.02,0,5252.02,4689.3,562.72,0.107143537
OI005291,O02103,P034,1,5252.02,0,4689.3,5252.02,0,5252.02,4689.3,562.72,0.107143537
OI001254,O00491,P031,2,4921.58,0.05,4394.27,9843.16,492.158,9351.002,8788.54,562.462,0.060149918
OI000467,O00182,P053,4,2116.53,0.2,1553.2,8466.12,1693.224,6772.896,6212.8,560.096,0.082696678
OI002432,O00966,P053,4,2116.53,0.2,1553.2,8466.12,1693.224,6772.896,6212.8,560.096,0.082696678
OI002912,O01156,P053,4,2116.53,0.2,1553.2,8466.12,1693.224,6772.896,6212.8,560.096,0.082696678
OI003271,O01302,P053,4,2116.53,0.2,1553.2,8466.12,1693.224,6772.896,6212.8,560.096,0.082696678
OI000413,O00161,P072,2,3098.66,0.2,2200.58,6197.32,1239.464,4957.856,4401.16,556.696,0.112285633
OI004223,O01685,P072,2,3098.66,0.2,2200.58,6197.32,1239.464,4957.856,4401.16,556.696,0.112285633
OI000005,O00002,P059,2,4842.61,0.05,4323.76,9685.22,484.261,9200.959,8647.52,553.439,0.060150143
OI001758,O00697,P059,2,4842.61,0.05,4323.76,9685.22,484.261,9200.959,8647.52,553.439,0.060150143
OI005242,O02083,P059,2,4842.61,0.05,4323.76,9685.22,484.261,9200.959,8647.52,553.439,0.060150143
OI001561,O00621,P033,2,2579.49,0,2303.12,5158.98,0,5158.98,4606.24,552.74,0.107141334
OI004552,O01828,P033,2,2579.49,0,2303.12,5158.98,0,5158.98,4606.24,552.74,0.107141334
OI000995,O00388,P042,1,5125.64,0,4576.46,5125.64,0,5125.64,4576.46,549.18,0.107143693
OI004371,O01749,P042,1,5125.64,0,4576.46,5125.64,0,5125.64,4576.46,549.18,0.107143693
OI004104,O01644,P065,1,1521.26,0.1,820.9,1521.26,152.126,1369.134,820.9,548.234,0.400423918
OI001904,O00751,P017,1,5112.9,0,4565.09,5112.9,0,5112.9,4565.09,547.81,0.107142717
OI002803,O01108,P017,1,5112.9,0,4565.09,5112.9,0,5112.9,4565.09,547.81,0.107142717
OI000855,O00337,P020,1,5123.92,0.2,3551.75,5123.92,1024.784,4099.136,3551.75,547.386,0.133536921
OI002998,O01190,P020,1,5123.92,0.2,3551.75,5123.92,1024.784,4099.136,3551.75,547.386,0.133536921
OI003114,O01240,P020,1,5123.92,0.2,3551.75,5123.92,1024.784,4099.136,3551.75,547.386,0.133536921
OI004097,O01641,P020,1,5123.92,0.2,3551.75,5123.92,1024.784,4099.136,3551.75,547.386,0.133536921
OI004181,O01670,P020,1,5123.92,0.2,3551.75,5123.92,1024.784,4099.136,3551.75,547.386,0.133536921
OI000040,O00017,P044,2,4748.93,0.05,4240.12,9497.86,474.893,9022.967,8480.24,542.727,0.060149505
OI001401,O00550,P044,2,4748.93,0.05,4240.12,9497.86,474.893,9022.967,8480.24,542.727,0.060149505
OI001425,O00559,P044,2,4748.93,0.05,4240.12,9497.86,474.893,9022.967,8480.24,542.727,0.060149505
OI004171,O01666,P044,2,4748.93,0.05,4240.12,9497.86,474.893,9022.967,8480.24,542.727,0.060149505
OI001335,O00522,P078,2,5006.54,0.15,3985.08,10013.08,1501.962,8511.118,7970.16,540.958,0.063558982
OI001924,O00760,P078,2,5006.54,0.15,3985.08,10013.08,1501.962,8511.118,7970.16,540.958,0.063558982
OI003219,O01280,P078,2,5006.54,0.15,3985.08,10013.08,1501.962,8511.118,7970.16,540.958,0.063558982
OI004912,O01961,P078,2,5006.54,0.15,3985.08,10013.08,1501.962,8511.118,7970.16,540.958,0.063558982
OI001048,O00408,P064,2,4726.39,0.05,4219.99,9452.78,472.639,8980.141,8439.98,540.161,0.060150615
OI001100,O00429,P064,2,4726.39,0.05,4219.99,9452.78,472.639,8980.141,8439.98,540.161,0.060150615
OI001975,O00780,P064,2,4726.39,0.05,4219.99,9452.78,472.639,8980.141,8439.98,540.161,0.060150615
OI001379,O00540,P079,3,2345.86,0.3,1462.57,7037.58,2111.274,4926.306,4387.71,538.596,0.109330602
OI002143,O00846,P079,3,2345.86,0.3,1462.57,7037.58,2111.274,4926.306,4387.71,538.596,0.109330602
OI004016,O01607,P079,3,2345.86,0.3,1462.57,7037.58,2111.274,4926.306,4387.71,538.596,0.109330602
OI005069,O02017,P079,3,2345.86,0.3,1462.57,7037.58,2111.274,4926.306,4387.71,538.596,0.109330602
OI003439,O01368,P060,2,1760.75,0.3,963.34,3521.5,1056.45,2465.05,1926.68,538.37,0.218401249
OI004585,O01840,P060,2,1760.75,0.3,963.34,3521.5,1056.45,2465.05,1926.68,538.37,0.218401249
OI002326,O00922,P037,3,3125.99,0.05,2791.06,9377.97,468.8985,8909.0715,8373.18,535.8915,0.060151218
OI002458,O00976,P037,3,3125.99,0.05,2791.06,9377.97,468.8985,8909.0715,8373.18,535.8915,0.060151218
OI002942,O01167,P037,3,3125.99,0.05,2791.06,9377.97,468.8985,8909.0715,8373.18,535.8915,0.060151218
OI005066,O02015,P037,3,3125.99,0.05,2791.06,9377.97,468.8985,8909.0715,8373.18,535.8915,0.060151218
OI000211,O00083,P013,3,1662.63,0,1484.49,4987.89,0,4987.89,4453.47,534.42,0.107143502
OI003280,O01306,P013,3,1662.63,0,1484.49,4987.89,0,4987.89,4453.47,534.42,0.107143502
OI004450,O01785,P013,3,1662.63,0,1484.49,4987.89,0,4987.89,4453.47,534.42,0.107143502
OI004502,O01810,P013,3,1662.63,0,1484.49,4987.89,0,4987.89,4453.47,534.42,0.107143502
OI004663,O01869,P013,3,1662.63,0,1484.49,4987.89,0,4987.89,4453.47,534.42,0.107143502
OI001781,O00706,P019,3,3112.57,0.05,2779.08,9337.71,466.8855,8870.8245,8337.24,533.5845,0.060150497
OI003915,O01567,P019,3,3112.57,0.05,2779.08,9337.71,466.8855,8870.8245,8337.24,533.5845,0.060150497
OI005298,O02106,P019,3,3112.57,0.05,2779.08,9337.71,466.8855,8870.8245,8337.24,533.5845,0.060150497
OI000093,O00039,P060,1,1760.75,0.15,963.34,1760.75,264.1125,1496.6375,963.34,533.2975,0.356330441
OI001859,O00735,P060,1,1760.75,0.15,963.34,1760.75,264.1125,1496.6375,963.34,533.2975,0.356330441
OI005081,O02021,P060,1,1760.75,0.15,963.34,1760.75,264.1125,1496.6375,963.34,533.2975,0.356330441
OI005376,O02137,P060,1,1760.75,0.15,963.34,1760.75,264.1125,1496.6375,963.34,533.2975,0.356330441
OI000145,O00058,P079,1,2345.86,0.15,1462.57,2345.86,351.879,1993.981,1462.57,531.411,0.266507554
OI001243,O00486,P079,1,2345.86,0.15,1462.57,2345.86,351.879,1993.981,1462.57,531.411,0.266507554
OI003379,O01343,P079,1,2345.86,0.15,1462.57,2345.86,351.879,1993.981,1462.57,531.411,0.266507554
OI001988,O00785,P031,1,4921.58,0,4394.27,4921.58,0,4921.58,4394.27,527.31,0.107142422
OI002478,O00981,P031,1,4921.58,0,4394.27,4921.58,0,4921.58,4394.27,527.31,0.107142422
OI004774,O01910,P031,1,4921.58,0,4394.27,4921.58,0,4921.58,4394.27,527.31,0.107142422
OI000792,O00313,P055,1,3905.29,0.1,2991.91,3905.29,390.529,3514.761,2991.91,522.851,0.148758621
OI001323,O00518,P055,1,3905.29,0.1,2991.91,3905.29,390.529,3514.761,2991.91,522.851,0.148758621
OI001576,O00625,P055,1,3905.29,0.1,2991.91,3905.29,390.529,3514.761,2991.91,522.851,0.148758621
OI001737,O00688,P055,1,3905.29,0.1,2991.91,3905.29,390.529,3514.761,2991.91,522.851,0.148758621
OI002859,O01132,P055,1,3905.29,0.1,2991.91,3905.29,390.529,3514.761,2991.91,522.851,0.148758621
OI001257,O00493,P078,1,5006.54,0.1,3985.08,5006.54,500.654,4505.886,3985.08,520.806,0.115583483
OI002567,O01015,P078,1,5006.54,0.1,3985.08,5006.54,500.654,4505.886,3985.08,520.806,0.115583483
OI004444,O01782,P078,1,5006.54,0.1,3985.08,5006.54,500.654,4505.886,3985.08,520.806,0.115583483
OI004519,O01818,P078,1,5006.54,0.1,3985.08,5006.54,500.654,4505.886,3985.08,520.806,0.115583483
OI000544,O00213,P059,1,4842.61,0,4323.76,4842.61,0,4842.61,4323.76,518.85,0.107142636
OI001706,O00676,P035,1,4806.84,0,4291.82,4806.84,0,4806.84,4291.82,515.02,0.107143154
OI002094,O00826,P035,1,4806.84,0,4291.82,4806.84,0,4806.84,4291.82,515.02,0.107143154
OI003115,O01240,P035,1,4806.84,0,4291.82,4806.84,0,4806.84,4291.82,515.02,0.107143154
OI001308,O00511,P063,2,4500.08,0.05,4017.93,9000.16,450.008,8550.152,8035.86,514.292,0.060150042
OI004408,O01765,P063,2,4500.08,0.05,4017.93,9000.16,450.008,8550.152,8035.86,514.292,0.060150042
OI000694,O00275,P064,1,4726.39,0,4219.99,4726.39,0,4726.39,4219.99,506.4,0.107143084
OI001523,O00602,P064,1,4726.39,0,4219.99,4726.39,0,4726.39,4219.99,506.4,0.107143084
OI002493,O00987,P064,1,4726.39,0,4219.99,4726.39,0,4726.39,4219.99,506.4,0.107143084
OI005253,O02087,P047,1,6217.65,0.3,3858.64,6217.65,1865.295,4352.355,3858.64,493.715,0.113436289
OI001694,O00672,P058,1,4600.81,0,4107.87,4600.81,0,4600.81,4107.87,492.94,0.107142003
OI005226,O02078,P058,1,4600.81,0,4107.87,4600.81,0,4600.81,4107.87,492.94,0.107142003
OI002624,O01038,P048,2,4310.39,0.05,3848.56,8620.78,431.039,8189.741,7697.12,492.621,0.060150986
OI004991,O01987,P048,2,4310.39,0.05,3848.56,8620.78,431.039,8189.741,7697.12,492.621,0.060150986
OI001314,O00514,P053,2,2116.53,0.15,1553.2,4233.06,634.959,3598.101,3106.4,491.701,0.136655697
OI001682,O00669,P053,2,2116.53,0.15,1553.2,4233.06,634.959,3598.101,3106.4,491.701,0.136655697
OI004735,O01895,P053,2,2116.53,0.15,1553.2,4233.06,634.959,3598.101,3106.4,491.701,0.136655697
OI004792,O01917,P053,2,2116.53,0.15,1553.2,4233.06,634.959,3598.101,3106.4,491.701,0.136655697
OI001438,O00564,P065,2,1521.26,0.3,820.9,3042.52,912.756,2129.764,1641.8,487.964,0.229116465
OI002032,O00800,P065,2,1521.26,0.3,820.9,3042.52,912.756,2129.764,1641.8,487.964,0.229116465
OI005050,O02009,P065,2,1521.26,0.3,820.9,3042.52,912.756,2129.764,1641.8,487.964,0.229116465
OI005394,O02143,P065,2,1521.26,0.3,820.9,3042.52,912.756,2129.764,1641.8,487.964,0.229116465
OI002162,O00853,P063,1,4500.08,0,4017.93,4500.08,0,4500.08,4017.93,482.15,0.10714254
OI004451,O01786,P063,1,4500.08,0,4017.93,4500.08,0,4500.08,4017.93,482.15,0.10714254
OI000677,O00268,P041,3,1494.52,0,1334.39,4483.56,0,4483.56,4003.17,480.39,0.107144769
OI001038,O00404,P041,3,1494.52,0,1334.39,4483.56,0,4483.56,4003.17,480.39,0.107144769
OI001903,O00751,P041,3,1494.52,0,1334.39,4483.56,0,4483.56,4003.17,480.39,0.107144769
OI005386,O02140,P009,3,4981.98,0.1,4324.06,14945.94,1494.594,13451.346,12972.18,479.166,0.03562216
OI003048,O01212,P077,1,1850.78,0.3,819.29,1850.78,555.234,1295.546,819.29,476.256,0.367610259
OI003999,O01599,P077,1,1850.78,0.3,819.29,1850.78,555.234,1295.546,819.29,476.256,0.367610259
OI004352,O01742,P077,1,1850.78,0.3,819.29,1850.78,555.234,1295.546,819.29,476.256,0.367610259
OI004641,O01860,P077,1,1850.78,0.3,819.29,1850.78,555.234,1295.546,819.29,476.256,0.367610259
OI004946,O01971,P077,1,1850.78,0.3,819.29,1850.78,555.234,1295.546,819.29,476.256,0.367610259
OI001116,O00436,P065,1,1521.26,0.15,820.9,1521.26,228.189,1293.071,820.9,472.171,0.365154736
OI001240,O00485,P065,1,1521.26,0.15,820.9,1521.26,228.189,1293.071,820.9,472.171,0.365154736
OI001461,O00575,P065,1,1521.26,0.15,820.9,1521.26,228.189,1293.071,820.9,472.171,0.365154736
OI002622,O01037,P065,1,1521.26,0.15,820.9,1521.26,228.189,1293.071,820.9,472.171,0.365154736
OI001861,O00735,P048,1,4310.39,0,3848.56,4310.39,0,4310.39,3848.56,461.83,0.107143437
OI002156,O00850,P048,1,4310.39,0,3848.56,4310.39,0,4310.39,3848.56,461.83,0.107143437
OI002550,O01009,P048,1,4310.39,0,3848.56,4310.39,0,4310.39,3848.56,461.83,0.107143437
OI003132,O01248,P048,1,4310.39,0,3848.56,4310.39,0,4310.39,3848.56,461.83,0.107143437
OI003756,O01498,P048,1,4310.39,0,3848.56,4310.39,0,4310.39,3848.56,461.83,0.107143437
OI005430,O02157,P048,1,4310.39,0,3848.56,4310.39,0,4310.39,3848.56,461.83,0.107143437
OI000137,O00056,P053,1,2116.53,0.05,1553.2,2116.53,105.8265,2010.7035,1553.2,457.5035,0.227534045
OI004668,O01872,P053,1,2116.53,0.05,1553.2,2116.53,105.8265,2010.7035,1553.2,457.5035,0.227534045
OI005349,O02127,P053,1,2116.53,0.05,1553.2,2116.53,105.8265,2010.7035,1553.2,457.5035,0.227534045
OI000826,O00326,P062,4,1993.86,0.05,1780.23,7975.44,398.772,7576.668,7120.92,455.748,0.060151507
OI001971,O00778,P062,4,1993.86,0.05,1780.23,7975.44,398.772,7576.668,7120.92,455.748,0.060151507
OI003528,O01402,P062,4,1993.86,0.05,1780.23,7975.44,398.772,7576.668,7120.92,455.748,0.060151507
OI004118,O01649,P062,4,1993.86,0.05,1780.23,7975.44,398.772,7576.668,7120.92,455.748,0.060151507
OI000545,O00213,P050,3,2647.44,0.05,2363.79,7942.32,397.116,7545.204,7091.37,453.834,0.060148672
OI000868,O00341,P050,3,2647.44,0.05,2363.79,7942.32,397.116,7545.204,7091.37,453.834,0.060148672
OI001509,O00596,P050,3,2647.44,0.05,2363.79,7942.32,397.116,7545.204,7091.37,453.834,0.060148672
OI003979,O01591,P050,3,2647.44,0.05,2363.79,7942.32,397.116,7545.204,7091.37,453.834,0.060148672
OI004383,O01754,P050,3,2647.44,0.05,2363.79,7942.32,397.116,7545.204,7091.37,453.834,0.060148672
OI004688,O01880,P050,3,2647.44,0.05,2363.79,7942.32,397.116,7545.204,7091.37,453.834,0.060148672
OI005399,O02145,P050,3,2647.44,0.05,2363.79,7942.32,397.116,7545.204,7091.37,453.834,0.060148672
OI000695,O00275,P066,1,6217.53,0.3,3905.53,6217.53,1865.259,4352.271,3905.53,446.741,0.102645492
OI004822,O01930,P066,1,6217.53,0.3,3905.53,6217.53,1865.259,4352.271,3905.53,446.741,0.102645492
OI005224,O02078,P066,1,6217.53,0.3,3905.53,6217.53,1865.259,4352.271,3905.53,446.741,0.102645492
OI001782,O00707,P060,1,1760.75,0.2,963.34,1760.75,352.15,1408.6,963.34,445.26,0.316101093
OI001965,O00776,P060,1,1760.75,0.2,963.34,1760.75,352.15,1408.6,963.34,445.26,0.316101093
OI002428,O00963,P060,1,1760.75,0.2,963.34,1760.75,352.15,1408.6,963.34,445.26,0.316101093
OI003761,O01499,P060,1,1760.75,0.2,963.34,1760.75,352.15,1408.6,963.34,445.26,0.316101093
OI000091,O00038,P033,3,2579.49,0.05,2303.12,7738.47,386.9235,7351.5465,6909.36,442.1865,0.060148773
OI004410,O01766,P033,3,2579.49,0.05,2303.12,7738.47,386.9235,7351.5465,6909.36,442.1865,0.060148773
OI004535,O01822,P033,3,2579.49,0.05,2303.12,7738.47,386.9235,7351.5465,6909.36,442.1865,0.060148773
OI005378,O02137,P033,3,2579.49,0.05,2303.12,7738.47,386.9235,7351.5465,6909.36,442.1865,0.060148773
OI001780,O00706,P036,4,1918.28,0.05,1712.75,7673.12,383.656,7289.464,6851,438.464,0.060150376
OI001094,O00425,P002,2,3793.81,0.05,3387.33,7587.62,379.381,7208.239,6774.66,433.579,0.060150475
OI003886,O01554,P002,2,3793.81,0.05,3387.33,7587.62,379.381,7208.239,6774.66,433.579,0.060150475
OI001816,O00718,P072,1,3098.66,0.15,2200.58,3098.66,464.799,2633.861,2200.58,433.281,0.164504125
OI003168,O01262,P072,1,3098.66,0.15,2200.58,3098.66,464.799,2633.861,2200.58,433.281,0.164504125
OI003914,O01567,P072,1,3098.66,0.15,2200.58,3098.66,464.799,2633.861,2200.58,433.281,0.164504125
OI004293,O01713,P072,1,3098.66,0.15,2200.58,3098.66,464.799,2633.861,2200.58,433.281,0.164504125
OI005263,O02092,P072,1,3098.66,0.15,2200.58,3098.66,464.799,2633.861,2200.58,433.281,0.164504125
OI003866,O01546,P004,2,3768.92,0.05,3365.11,7537.84,376.892,7160.948,6730.22,430.728,0.060149578
OI001061,O00414,P062,2,1993.86,0,1780.23,3987.72,0,3987.72,3560.46,427.26,0.107143932
OI001302,O00508,P062,2,1993.86,0,1780.23,3987.72,0,3987.72,3560.46,427.26,0.107143932
OI002984,O01181,P062,2,1993.86,0,1780.23,3987.72,0,3987.72,3560.46,427.26,0.107143932
OI002773,O01096,P053,3,2116.53,0.2,1553.2,6349.59,1269.918,5079.672,4659.6,420.072,0.082696678
OI003954,O01582,P053,3,2116.53,0.2,1553.2,6349.59,1269.918,5079.672,4659.6,420.072,0.082696678
OI001144,O00447,P079,1,2345.86,0.2,1462.57,2345.86,469.172,1876.688,1462.57,414.118,0.220664277
OI002344,O00929,P079,1,2345.86,0.2,1462.57,2345.86,469.172,1876.688,1462.57,414.118,0.220664277
OI002708,O01069,P079,1,2345.86,0.2,1462.57,2345.86,469.172,1876.688,1462.57,414.118,0.220664277
OI003310,O01318,P079,1,2345.86,0.2,1462.57,2345.86,469.172,1876.688,1462.57,414.118,0.220664277
OI004565,O01832,P079,1,2345.86,0.2,1462.57,2345.86,469.172,1876.688,1462.57,414.118,0.220664277
OI004886,O01953,P079,1,2345.86,0.2,1462.57,2345.86,469.172,1876.688,1462.57,414.118,0.220664277
OI000491,O00190,P039,2,3602.12,0.05,3216.18,7204.24,360.212,6844.028,6432.36,411.668,0.060149958
OI000939,O00364,P039,2,3602.12,0.05,3216.18,7204.24,360.212,6844.028,6432.36,411.668,0.060149958
OI001469,O00578,P039,2,3602.12,0.05,3216.18,7204.24,360.212,6844.028,6432.36,411.668,0.060149958
OI002809,O01111,P039,2,3602.12,0.05,3216.18,7204.24,360.212,6844.028,6432.36,411.668,0.060149958
OI003630,O01447,P039,2,3602.12,0.05,3216.18,7204.24,360.212,6844.028,6432.36,411.668,0.060149958
OI000119,O00048,P036,2,1918.28,0,1712.75,3836.56,0,3836.56,3425.5,411.06,0.107142857
OI002688,O01062,P036,2,1918.28,0,1712.75,3836.56,0,3836.56,3425.5,411.06,0.107142857
OI002869,O01136,P036,2,1918.28,0,1712.75,3836.56,0,3836.56,3425.5,411.06,0.107142857
OI002634,O01041,P016,1,3833.17,0,3422.47,3833.17,0,3833.17,3422.47,410.7,0.107143696
OI005462,O02170,P016,1,3833.17,0,3422.47,3833.17,0,3833.17,3422.47,410.7,0.107143696
OI004057,O01623,P009,1,4981.98,0.05,4324.06,4981.98,249.099,4732.881,4324.06,408.821,0.086378888
OI004132,O01654,P009,1,4981.98,0.05,4324.06,4981.98,249.099,4732.881,4324.06,408.821,0.086378888
OI004244,O01693,P009,1,4981.98,0.05,4324.06,4981.98,249.099,4732.881,4324.06,408.821,0.086378888
OI005053,O02010,P009,1,4981.98,0.05,4324.06,4981.98,249.099,4732.881,4324.06,408.821,0.086378888
OI001534,O00607,P002,1,3793.81,0,3387.33,3793.81,0,3793.81,3387.33,406.48,0.107142951
OI001799,O00711,P002,1,3793.81,0,3387.33,3793.81,0,3793.81,3387.33,406.48,0.107142951
OI002675,O01058,P004,1,3768.92,0,3365.11,3768.92,0,3768.92,3365.11,403.81,0.107142099
OI002737,O01082,P004,1,3768.92,0,3365.11,3768.92,0,3768.92,3365.11,403.81,0.107142099
OI003148,O01253,P004,1,3768.92,0,3365.11,3768.92,0,3768.92,3365.11,403.81,0.107142099
OI003497,O01389,P004,1,3768.92,0,3365.11,3768.92,0,3768.92,3365.11,403.81,0.107142099
OI005132,O02043,P004,1,3768.92,0,3365.11,3768.92,0,3768.92,3365.11,403.81,0.107142099
OI000147,O00059,P055,3,3905.29,0.2,2991.91,11715.87,2343.174,9372.696,8975.73,396.966,0.042353449
OI000645,O00252,P055,3,3905.29,0.2,2991.91,11715.87,2343.174,9372.696,8975.73,396.966,0.042353449
OI002775,O01097,P055,3,3905.29,0.2,2991.91,11715.87,2343.174,9372.696,8975.73,396.966,0.042353449
OI003183,O01269,P055,3,3905.29,0.2,2991.91,11715.87,2343.174,9372.696,8975.73,396.966,0.042353449
OI001219,O00479,P065,1,1521.26,0.2,820.9,1521.26,304.252,1217.008,820.9,396.108,0.325476907
OI002854,O01131,P065,1,1521.26,0.2,820.9,1521.26,304.252,1217.008,820.9,396.108,0.325476907
OI003314,O01319,P065,1,1521.26,0.2,820.9,1521.26,304.252,1217.008,820.9,396.108,0.325476907
OI004427,O01772,P039,1,3602.12,0,3216.18,3602.12,0,3602.12,3216.18,385.94,0.107142461
OI004571,O01834,P039,1,3602.12,0,3216.18,3602.12,0,3602.12,3216.18,385.94,0.107142461
OI000847,O00333,P013,4,1662.63,0.05,1484.49,6650.52,332.526,6317.994,5937.96,380.034,0.060151054
OI002167,O00855,P013,4,1662.63,0.05,1484.49,6650.52,332.526,6317.994,5937.96,380.034,0.060151054
OI000199,O00079,P079,2,2345.86,0.3,1462.57,4691.72,1407.516,3284.204,2925.14,359.064,0.109330602
OI000427,O00167,P037,2,3125.99,0.05,2791.06,6251.98,312.599,5939.381,5582.12,357.261,0.060151218
OI000693,O00274,P037,2,3125.99,0.05,2791.06,6251.98,312.599,5939.381,5582.12,357.261,0.060151218
OI003161,O01259,P037,2,3125.99,0.05,2791.06,6251.98,312.599,5939.381,5582.12,357.261,0.060151218
OI000487,O00189,P013,2,1662.63,0,1484.49,3325.26,0,3325.26,2968.98,356.28,0.107143502
OI002629,O01040,P013,2,1662.63,0,1484.49,3325.26,0,3325.26,2968.98,356.28,0.107143502
OI004023,O01609,P013,2,1662.63,0,1484.49,3325.26,0,3325.26,2968.98,356.28,0.107143502
OI001387,O00544,P019,2,3112.57,0.05,2779.08,6225.14,311.257,5913.883,5558.16,355.723,0.060150497
OI004351,O01741,P019,2,3112.57,0.05,2779.08,6225.14,311.257,5913.883,5558.16,355.723,0.060150497
OI002390,O00946,P075,1,6578.23,0.2,4906.98,6578.23,1315.646,5262.584,4906.98,355.604,0.067572128
OI002536,O01003,P075,1,6578.23,0.2,4906.98,6578.23,1315.646,5262.584,4906.98,355.604,0.067572128
OI005155,O02051,P075,1,6578.23,0.2,4906.98,6578.23,1315.646,5262.584,4906.98,355.604,0.067572128
OI000944,O00367,P053,1,2116.53,0.1,1553.2,2116.53,211.653,1904.877,1553.2,351.677,0.184619269
OI000991,O00385,P053,1,2116.53,0.1,1553.2,2116.53,211.653,1904.877,1553.2,351.677,0.184619269
OI002239,O00883,P053,1,2116.53,0.1,1553.2,2116.53,211.653,1904.877,1553.2,351.677,0.184619269
OI002941,O01167,P053,1,2116.53,0.1,1553.2,2116.53,211.653,1904.877,1553.2,351.677,0.184619269
OI002169,O00855,P043,1,6217.67,0.2,4630.79,6217.67,1243.534,4974.136,4630.79,343.346,0.069026259
OI000076,O00031,P062,3,1993.86,0.05,1780.23,5981.58,299.079,5682.501,5340.69,341.811,0.060151507
OI000348,O00139,P062,3,1993.86,0.05,1780.23,5981.58,299.079,5682.501,5340.69,341.811,0.060151507
OI000375,O00147,P062,3,1993.86,0.05,1780.23,5981.58,299.079,5682.501,5340.69,341.811,0.060151507
OI001873,O00738,P062,3,1993.86,0.05,1780.23,5981.58,299.079,5682.501,5340.69,341.811,0.060151507
OI000127,O00052,P041,4,1494.52,0.05,1334.39,5978.08,298.904,5679.176,5337.56,341.616,0.060152388
OI001134,O00444,P041,4,1494.52,0.05,1334.39,5978.08,298.904,5679.176,5337.56,341.616,0.060152388
OI000709,O00279,P019,1,3112.57,0,2779.08,3112.57,0,3112.57,2779.08,333.49,0.107142972
OI002305,O00911,P019,1,3112.57,0,2779.08,3112.57,0,3112.57,2779.08,333.49,0.107142972
OI002373,O00940,P019,1,3112.57,0,2779.08,3112.57,0,3112.57,2779.08,333.49,0.107142972
OI004483,O01800,P019,1,3112.57,0,2779.08,3112.57,0,3112.57,2779.08,333.49,0.107142972
OI003011,O01195,P036,3,1918.28,0.05,1712.75,5754.84,287.742,5467.098,5138.25,328.848,0.060150376
OI003166,O01262,P036,3,1918.28,0.05,1712.75,5754.84,287.742,5467.098,5138.25,328.848,0.060150376
OI000627,O00246,P055,1,3905.29,0.15,2991.91,3905.29,585.7935,3319.4965,2991.91,327.5865,0.098685599
OI001794,O00710,P055,1,3905.29,0.15,2991.91,3905.29,585.7935,3319.4965,2991.91,327.5865,0.098685599
OI003215,O01279,P055,1,3905.29,0.15,2991.91,3905.29,585.7935,3319.4965,2991.91,327.5865,0.098685599
OI005523,O02197,P055,1,3905.29,0.15,2991.91,3905.29,585.7935,3319.4965,2991.91,327.5865,0.098685599
OI000893,O00349,P038,2,2828.73,0.05,2525.65,5657.46,282.873,5374.587,5051.3,323.287,0.06015104
OI004010,O01604,P038,2,2828.73,0.05,2525.65,5657.46,282.873,5374.587,5051.3,323.287,0.06015104
OI002884,O01143,P041,2,1494.52,0,1334.39,2989.04,0,2989.04,2668.78,320.26,0.107144769
OI004251,O01696,P041,2,1494.52,0,1334.39,2989.04,0,2989.04,2668.78,320.26,0.107144769
OI005004,O01993,P041,2,1494.52,0,1334.39,2989.04,0,2989.04,2668.78,320.26,0.107144769
OI004917,O01963,P069,1,5592.45,0.05,4993.26,5592.45,279.6225,5312.8275,4993.26,319.5675,0.060150174
OI000968,O00377,P009,2,4981.98,0.1,4324.06,9963.96,996.396,8967.564,8648.12,319.444,0.03562216
OI001923,O00759,P009,2,4981.98,0.1,4324.06,9963.96,996.396,8967.564,8648.12,319.444,0.03562216
OI005315,O02113,P009,2,4981.98,0.1,4324.06,9963.96,996.396,8967.564,8648.12,319.444,0.03562216
OI000690,O00273,P045,1,5481.6,0.05,4894.29,5481.6,274.08,5207.52,4894.29,313.23,0.060149553
OI001698,O00673,P045,1,5481.6,0.05,4894.29,5481.6,274.08,5207.52,4894.29,313.23,0.060149553
OI002117,O00835,P045,1,5481.6,0.05,4894.29,5481.6,274.08,5207.52,4894.29,313.23,0.060149553
OI002418,O00959,P045,1,5481.6,0.05,4894.29,5481.6,274.08,5207.52,4894.29,313.23,0.060149553
OI005320,O02115,P045,1,5481.6,0.05,4894.29,5481.6,274.08,5207.52,4894.29,313.23,0.060149553
OI000795,O00314,P026,1,5470.33,0.05,4884.22,5470.33,273.5165,5196.8135,4884.22,312.5935,0.060150994
OI001800,O00712,P026,1,5470.33,0.05,4884.22,5470.33,273.5165,5196.8135,4884.22,312.5935,0.060150994
OI001842,O00728,P026,1,5470.33,0.05,4884.22,5470.33,273.5165,5196.8135,4884.22,312.5935,0.060150994
OI003258,O01296,P026,1,5470.33,0.05,4884.22,5470.33,273.5165,5196.8135,4884.22,312.5935,0.060150994
OI003367,O01338,P026,1,5470.33,0.05,4884.22,5470.33,273.5165,5196.8135,4884.22,312.5935,0.060150994
OI005024,O02001,P026,1,5470.33,0.05,4884.22,5470.33,273.5165,5196.8135,4884.22,312.5935,0.060150994
OI000419,O00163,P021,1,5344.27,0.05,4771.67,5344.27,267.2135,5077.0565,4771.67,305.3865,0.060150306
OI004741,O01898,P021,1,5344.27,0.05,4771.67,5344.27,267.2135,5077.0565,4771.67,305.3865,0.060150306
OI002935,O01166,P038,1,2828.73,0,2525.65,2828.73,0,2828.73,2525.65,303.08,0.107143488
OI005062,O02013,P038,1,2828.73,0,2525.65,2828.73,0,2828.73,2525.65,303.08,0.107143488
OI003413,O01357,P050,2,2647.44,0.05,2363.79,5294.88,264.744,5030.136,4727.58,302.556,0.060148672
OI003795,O01515,P050,2,2647.44,0.05,2363.79,5294.88,264.744,5030.136,4727.58,302.556,0.060148672
OI000004,O00001,P034,1,5252.02,0.05,4689.3,5252.02,262.601,4989.419,4689.3,300.119,0.060151092
OI000345,O00138,P034,1,5252.02,0.05,4689.3,5252.02,262.601,4989.419,4689.3,300.119,0.060151092
OI001693,O00671,P034,1,5252.02,0.05,4689.3,5252.02,262.601,4989.419,4689.3,300.119,0.060151092
OI002391,O00946,P034,1,5252.02,0.05,4689.3,5252.02,262.601,4989.419,4689.3,300.119,0.060151092
OI002427,O00962,P034,1,5252.02,0.05,4689.3,5252.02,262.601,4989.419,4689.3,300.119,0.060151092
OI003398,O01351,P034,1,5252.02,0.05,4689.3,5252.02,262.601,4989.419,4689.3,300.119,0.060151092
OI004004,O01602,P034,1,5252.02,0.05,4689.3,5252.02,262.601,4989.419,4689.3,300.119,0.060151092
OI004226,O01688,P034,1,5252.02,0.05,4689.3,5252.02,262.601,4989.419,4689.3,300.119,0.060151092
OI005195,O02065,P034,1,5252.02,0.05,4689.3,5252.02,262.601,4989.419,4689.3,300.119,0.060151092
OI000278,O00109,P080,1,5576.76,0.15,4441.52,5576.76,836.514,4740.246,4441.52,298.726,0.063019092
OI004441,O01781,P080,1,5576.76,0.15,4441.52,5576.76,836.514,4740.246,4441.52,298.726,0.063019092
OI004522,O01818,P080,1,5576.76,0.15,4441.52,5576.76,836.514,4740.246,4441.52,298.726,0.063019092
OI003702,O01477,P033,2,2579.49,0.05,2303.12,5158.98,257.949,4901.031,4606.24,294.791,0.060148773
OI004633,O01858,P033,2,2579.49,0.05,2303.12,5158.98,257.949,4901.031,4606.24,294.791,0.060148773
OI000931,O00362,P017,1,5112.9,0.05,4565.09,5112.9,255.645,4857.255,4565.09,292.165,0.060150229
OI001162,O00455,P017,1,5112.9,0.05,4565.09,5112.9,255.645,4857.255,4565.09,292.165,0.060150229
OI002107,O00832,P017,1,5112.9,0.05,4565.09,5112.9,255.645,4857.255,4565.09,292.165,0.060150229
OI002310,O00914,P017,1,5112.9,0.05,4565.09,5112.9,255.645,4857.255,4565.09,292.165,0.060150229
OI002933,O01164,P017,1,5112.9,0.05,4565.09,5112.9,255.645,4857.255,4565.09,292.165,0.060150229
OI003544,O01408,P017,1,5112.9,0.05,4565.09,5112.9,255.645,4857.255,4565.09,292.165,0.060150229
OI000046,O00019,P013,3,1662.63,0.05,1484.49,4987.89,249.3945,4738.4955,4453.47,285.0255,0.060151054
OI000258,O00102,P013,3,1662.63,0.05,1484.49,4987.89,249.3945,4738.4955,4453.47,285.0255,0.060151054
OI001009,O00394,P013,3,1662.63,0.05,1484.49,4987.89,249.3945,4738.4955,4453.47,285.0255,0.060151054
OI003106,O01237,P013,3,1662.63,0.05,1484.49,4987.89,249.3945,4738.4955,4453.47,285.0255,0.060151054
OI000515,O00201,P050,1,2647.44,0,2363.79,2647.44,0,2647.44,2363.79,283.65,0.107141238
OI000667,O00263,P050,1,2647.44,0,2363.79,2647.44,0,2647.44,2363.79,283.65,0.107141238
OI003941,O01578,P050,1,2647.44,0,2363.79,2647.44,0,2647.44,2363.79,283.65,0.107141238
OI004590,O01842,P050,1,2647.44,0,2363.79,2647.44,0,2647.44,2363.79,283.65,0.107141238
OI005051,O02010,P050,1,2647.44,0,2363.79,2647.44,0,2647.44,2363.79,283.65,0.107141238
OI005303,O02107,P050,1,2647.44,0,2363.79,2647.44,0,2647.44,2363.79,283.65,0.107141238
OI002436,O00967,P031,1,4921.58,0.05,4394.27,4921.58,246.079,4675.501,4394.27,281.231,0.060149918
OI002463,O00977,P031,1,4921.58,0.05,4394.27,4921.58,246.079,4675.501,4394.27,281.231,0.060149918
OI004083,O01635,P031,1,4921.58,0.05,4394.27,4921.58,246.079,4675.501,4394.27,281.231,0.060149918
OI004515,O01816,P031,1,4921.58,0.05,4394.27,4921.58,246.079,4675.501,4394.27,281.231,0.060149918
OI001937,O00765,P053,2,2116.53,0.2,1553.2,4233.06,846.612,3386.448,3106.4,280.048,0.082696678
OI002516,O00998,P053,2,2116.53,0.2,1553.2,4233.06,846.612,3386.448,3106.4,280.048,0.082696678
OI003878,O01551,P053,2,2116.53,0.2,1553.2,4233.06,846.612,3386.448,3106.4,280.048,0.082696678
OI002543,O01006,P072,1,3098.66,0.2,2200.58,3098.66,619.732,2478.928,2200.58,278.348,0.112285633
OI004273,O01703,P072,1,3098.66,0.2,2200.58,3098.66,619.732,2478.928,2200.58,278.348,0.112285633
OI000101,O00041,P059,1,4842.61,0.05,4323.76,4842.61,242.1305,4600.4795,4323.76,276.7195,0.060150143
OI002050,O00809,P059,1,4842.61,0.05,4323.76,4842.61,242.1305,4600.4795,4323.76,276.7195,0.060150143
OI003897,O01558,P059,1,4842.61,0.05,4323.76,4842.61,242.1305,4600.4795,4323.76,276.7195,0.060150143
OI000088,O00037,P035,1,4806.84,0.05,4291.82,4806.84,240.342,4566.498,4291.82,274.678,0.060150689
OI000235,O00094,P035,1,4806.84,0.05,4291.82,4806.84,240.342,4566.498,4291.82,274.678,0.060150689
OI000670,O00264,P035,1,4806.84,0.05,4291.82,4806.84,240.342,4566.498,4291.82,274.678,0.060150689
OI003145,O01253,P035,1,4806.84,0.05,4291.82,4806.84,240.342,4566.498,4291.82,274.678,0.060150689
OI005164,O02054,P035,1,4806.84,0.05,4291.82,4806.84,240.342,4566.498,4291.82,274.678,0.060150689
OI002237,O00881,P044,1,4748.93,0.05,4240.12,4748.93,237.4465,4511.4835,4240.12,271.3635,0.060149505
OI003133,O01249,P044,1,4748.93,0.05,4240.12,4748.93,237.4465,4511.4835,4240.12,271.3635,0.060149505
OI000222,O00089,P064,1,4726.39,0.05,4219.99,4726.39,236.3195,4490.0705,4219.99,270.0805,0.060150615
OI001066,O00415,P064,1,4726.39,0.05,4219.99,4726.39,236.3195,4490.0705,4219.99,270.0805,0.060150615
OI002680,O01059,P064,1,4726.39,0.05,4219.99,4726.39,236.3195,4490.0705,4219.99,270.0805,0.060150615
OI000500,O00195,P060,1,1760.75,0.3,963.34,1760.75,528.225,1232.525,963.34,269.185,0.218401249
OI004326,O01730,P060,1,1760.75,0.3,963.34,1760.75,528.225,1232.525,963.34,269.185,0.218401249
OI004499,O01807,P060,1,1760.75,0.3,963.34,1760.75,528.225,1232.525,963.34,269.185,0.218401249
OI005032,O02004,P060,1,1760.75,0.3,963.34,1760.75,528.225,1232.525,963.34,269.185,0.218401249
OI005476,O02178,P060,1,1760.75,0.3,963.34,1760.75,528.225,1232.525,963.34,269.185,0.218401249
OI000399,O00156,P055,2,3905.29,0.2,2991.91,7810.58,1562.116,6248.464,5983.82,264.644,0.042353449
OI000955,O00372,P055,2,3905.29,0.2,2991.91,7810.58,1562.116,6248.464,5983.82,264.644,0.042353449
OI003465,O01378,P055,2,3905.29,0.2,2991.91,7810.58,1562.116,6248.464,5983.82,264.644,0.042353449
OI005273,O02096,P055,2,3905.29,0.2,2991.91,7810.58,1562.116,6248.464,5983.82,264.644,0.042353449
OI000400,O00156,P058,1,4600.81,0.05,4107.87,4600.81,230.0405,4370.7695,4107.87,262.8995,0.060149477
OI000824,O00325,P058,1,4600.81,0.05,4107.87,4600.81,230.0405,4370.7695,4107.87,262.8995,0.060149477
OI001273,O00498,P058,1,4600.81,0.05,4107.87,4600.81,230.0405,4370.7695,4107.87,262.8995,0.060149477
OI005479,O02180,P058,1,4600.81,0.05,4107.87,4600.81,230.0405,4370.7695,4107.87,262.8995,0.060149477
OI001697,O00673,P063,1,4500.08,0.05,4017.93,4500.08,225.004,4275.076,4017.93,257.146,0.060150042
OI002357,O00935,P063,1,4500.08,0.05,4017.93,4500.08,225.004,4275.076,4017.93,257.146,0.060150042
OI002459,O00976,P063,1,4500.08,0.05,4017.93,4500.08,225.004,4275.076,4017.93,257.146,0.060150042
OI002699,O01065,P063,1,4500.08,0.05,4017.93,4500.08,225.004,4275.076,4017.93,257.146,0.060150042
OI003641,O01452,P063,1,4500.08,0.05,4017.93,4500.08,225.004,4275.076,4017.93,257.146,0.060150042
OI004828,O01933,P063,1,4500.08,0.05,4017.93,4500.08,225.004,4275.076,4017.93,257.146,0.060150042
OI002767,O01092,P041,3,1494.52,0.05,1334.39,4483.56,224.178,4259.382,4003.17,256.212,0.060152388
OI000671,O00264,P048,1,4310.39,0.05,3848.56,4310.39,215.5195,4094.8705,3848.56,246.3105,0.060150986
OI002593,O01026,P048,1,4310.39,0.05,3848.56,4310.39,215.5195,4094.8705,3848.56,246.3105,0.060150986
OI003553,O01413,P048,1,4310.39,0.05,3848.56,4310.39,215.5195,4094.8705,3848.56,246.3105,0.060150986
OI004323,O01729,P048,1,4310.39,0.05,3848.56,4310.39,215.5195,4094.8705,3848.56,246.3105,0.060150986
OI004799,O01920,P048,1,4310.39,0.05,3848.56,4310.39,215.5195,4094.8705,3848.56,246.3105,0.060150986
OI000455,O00178,P053,1,2116.53,0.15,1553.2,2116.53,317.4795,1799.0505,1553.2,245.8505,0.136655697
OI001501,O00593,P053,1,2116.53,0.15,1553.2,2116.53,317.4795,1799.0505,1553.2,245.8505,0.136655697
OI001817,O00718,P053,1,2116.53,0.15,1553.2,2116.53,317.4795,1799.0505,1553.2,245.8505,0.136655697
OI003633,O01449,P053,1,2116.53,0.15,1553.2,2116.53,317.4795,1799.0505,1553.2,245.8505,0.136655697
OI004393,O01760,P053,1,2116.53,0.15,1553.2,2116.53,317.4795,1799.0505,1553.2,245.8505,0.136655697
OI001720,O00681,P065,1,1521.26,0.3,820.9,1521.26,456.378,1064.882,820.9,243.982,0.229116465
OI003710,O01480,P062,2,1993.86,0.05,1780.23,3987.72,199.386,3788.334,3560.46,227.874,0.060151507
OI003512,O01394,P036,2,1918.28,0.05,1712.75,3836.56,191.828,3644.732,3425.5,219.232,0.060150376
OI001431,O00561,P016,1,3833.17,0.05,3422.47,3833.17,191.6585,3641.5115,3422.47,219.0415,0.060151259
OI003928,O01574,P016,1,3833.17,0.05,3422.47,3833.17,191.6585,3641.5115,3422.47,219.0415,0.060151259
OI004419,O01770,P016,1,3833.17,0.05,3422.47,3833.17,191.6585,3641.5115,3422.47,219.0415,0.060151259
OI002751,O01088,P002,1,3793.81,0.05,3387.33,3793.81,189.6905,3604.1195,3387.33,216.7895,0.060150475
OI002916,O01158,P002,1,3793.81,0.05,3387.33,3793.81,189.6905,3604.1195,3387.33,216.7895,0.060150475
OI003872,O01548,P004,1,3768.92,0.05,3365.11,3768.92,188.446,3580.474,3365.11,215.364,0.060149578
OI000103,O00042,P062,1,1993.86,0,1780.23,1993.86,0,1993.86,1780.23,213.63,0.107143932
OI000807,O00319,P062,1,1993.86,0,1780.23,1993.86,0,1993.86,1780.23,213.63,0.107143932
OI005288,O02102,P062,1,1993.86,0,1780.23,1993.86,0,1993.86,1780.23,213.63,0.107143932
OI000415,O00161,P039,1,3602.12,0.05,3216.18,3602.12,180.106,3422.014,3216.18,205.834,0.060149958
OI000865,O00340,P036,1,1918.28,0,1712.75,1918.28,0,1918.28,1712.75,205.53,0.107142857
OI001261,O00494,P036,1,1918.28,0,1712.75,1918.28,0,1918.28,1712.75,205.53,0.107142857
OI001970,O00778,P036,1,1918.28,0,1712.75,1918.28,0,1918.28,1712.75,205.53,0.107142857
OI002081,O00820,P013,2,1662.63,0.05,1484.49,3325.26,166.263,3158.997,2968.98,190.017,0.060151054
OI004165,O01664,P013,2,1662.63,0.05,1484.49,3325.26,166.263,3158.997,2968.98,190.017,0.060151054
OI004547,O01826,P013,2,1662.63,0.05,1484.49,3325.26,166.263,3158.997,2968.98,190.017,0.060151054
OI001851,O00730,P079,1,2345.86,0.3,1462.57,2345.86,703.758,1642.102,1462.57,179.532,0.109330602
OI003188,O01270,P079,1,2345.86,0.3,1462.57,2345.86,703.758,1642.102,1462.57,179.532,0.109330602
OI004321,O01727,P079,1,2345.86,0.3,1462.57,2345.86,703.758,1642.102,1462.57,179.532,0.109330602
OI005207,O02071,P037,1,3125.99,0.05,2791.06,3125.99,156.2995,2969.6905,2791.06,178.6305,0.060151218
OI001178,O00462,P013,1,1662.63,0,1484.49,1662.63,0,1662.63,1484.49,178.14,0.107143502
OI001855,O00733,P013,1,1662.63,0,1484.49,1662.63,0,1662.63,1484.49,178.14,0.107143502
OI002521,O00999,P013,1,1662.63,0,1484.49,1662.63,0,1662.63,1484.49,178.14,0.107143502
OI003182,O01269,P013,1,1662.63,0,1484.49,1662.63,0,1662.63,1484.49,178.14,0.107143502
OI003436,O01365,P013,1,1662.63,0,1484.49,1662.63,0,1662.63,1484.49,178.14,0.107143502
OI004162,O01664,P019,1,3112.57,0.05,2779.08,3112.57,155.6285,2956.9415,2779.08,177.8615,0.060150497
OI005230,O02080,P019,1,3112.57,0.05,2779.08,3112.57,155.6285,2956.9415,2779.08,177.8615,0.060150497
OI001256,O00492,P041,2,1494.52,0.05,1334.39,2989.04,149.452,2839.588,2668.78,170.808,0.060152388
OI002834,O01121,P041,2,1494.52,0.05,1334.39,2989.04,149.452,2839.588,2668.78,170.808,0.060152388
OI003116,O01240,P041,2,1494.52,0.05,1334.39,2989.04,149.452,2839.588,2668.78,170.808,0.060152388
OI003568,O01419,P041,2,1494.52,0.05,1334.39,2989.04,149.452,2839.588,2668.78,170.808,0.060152388
OI003907,O01563,P041,2,1494.52,0.05,1334.39,2989.04,149.452,2839.588,2668.78,170.808,0.060152388
OI003923,O01572,P041,2,1494.52,0.05,1334.39,2989.04,149.452,2839.588,2668.78,170.808,0.060152388
OI000665,O00262,P038,1,2828.73,0.05,2525.65,2828.73,141.4365,2687.2935,2525.65,161.6435,0.06015104
OI003301,O01314,P038,1,2828.73,0.05,2525.65,2828.73,141.4365,2687.2935,2525.65,161.6435,0.06015104
OI005160,O02053,P038,1,2828.73,0.05,2525.65,2828.73,141.4365,2687.2935,2525.65,161.6435,0.06015104
OI000794,O00314,P041,1,1494.52,0,1334.39,1494.52,0,1494.52,1334.39,160.13,0.107144769
OI002660,O01051,P041,1,1494.52,0,1334.39,1494.52,0,1494.52,1334.39,160.13,0.107144769
OI003927,O01573,P041,1,1494.52,0,1334.39,1494.52,0,1494.52,1334.39,160.13,0.107144769
OI004550,O01827,P041,1,1494.52,0,1334.39,1494.52,0,1494.52,1334.39,160.13,0.107144769
OI002375,O00941,P069,4,5592.45,0.1,4993.26,22369.8,2236.98,20132.82,19973.04,159.78,0.007936295
OI004727,O01892,P045,4,5481.6,0.1,4894.29,21926.4,2192.64,19733.76,19577.16,156.6,0.007935639
OI004807,O01923,P045,4,5481.6,0.1,4894.29,21926.4,2192.64,19733.76,19577.16,156.6,0.007935639
OI000228,O00092,P026,4,5470.33,0.1,4884.22,21881.32,2188.132,19693.188,19536.88,156.308,0.007937161
OI001028,O00401,P026,4,5470.33,0.1,4884.22,21881.32,2188.132,19693.188,19536.88,156.308,0.007937161
OI002053,O00811,P026,4,5470.33,0.1,4884.22,21881.32,2188.132,19693.188,19536.88,156.308,0.007937161
OI003562,O01416,P026,4,5470.33,0.1,4884.22,21881.32,2188.132,19693.188,19536.88,156.308,0.007937161
OI004200,O01677,P026,4,5470.33,0.1,4884.22,21881.32,2188.132,19693.188,19536.88,156.308,0.007937161
OI004655,O01865,P026,4,5470.33,0.1,4884.22,21881.32,2188.132,19693.188,19536.88,156.308,0.007937161
OI004697,O01882,P026,4,5470.33,0.1,4884.22,21881.32,2188.132,19693.188,19536.88,156.308,0.007937161
OI002354,O00933,P021,4,5344.27,0.1,4771.67,21377.08,2137.708,19239.372,19086.68,152.692,0.007936434
OI005438,O02160,P021,4,5344.27,0.1,4771.67,21377.08,2137.708,19239.372,19086.68,152.692,0.007936434
OI000045,O00018,P050,1,2647.44,0.05,2363.79,2647.44,132.372,2515.068,2363.79,151.278,0.060148672
OI000216,O00087,P050,1,2647.44,0.05,2363.79,2647.44,132.372,2515.068,2363.79,151.278,0.060148672
OI000483,O00188,P050,1,2647.44,0.05,2363.79,2647.44,132.372,2515.068,2363.79,151.278,0.060148672
OI002355,O00934,P050,1,2647.44,0.05,2363.79,2647.44,132.372,2515.068,2363.79,151.278,0.060148672
OI003415,O01358,P050,1,2647.44,0.05,2363.79,2647.44,132.372,2515.068,2363.79,151.278,0.060148672
OI004157,O01662,P050,1,2647.44,0.05,2363.79,2647.44,132.372,2515.068,2363.79,151.278,0.060148672
OI004390,O01758,P050,1,2647.44,0.05,2363.79,2647.44,132.372,2515.068,2363.79,151.278,0.060148672
OI000816,O00322,P034,4,5252.02,0.1,4689.3,21008.08,2100.808,18907.272,18757.2,150.072,0.007937264
OI002663,O01052,P034,4,5252.02,0.1,4689.3,21008.08,2100.808,18907.272,18757.2,150.072,0.007937264
OI003377,O01342,P034,4,5252.02,0.1,4689.3,21008.08,2100.808,18907.272,18757.2,150.072,0.007937264
OI003892,O01556,P034,4,5252.02,0.1,4689.3,21008.08,2100.808,18907.272,18757.2,150.072,0.007937264
OI004014,O01606,P034,4,5252.02,0.1,4689.3,21008.08,2100.808,18907.272,18757.2,150.072,0.007937264
OI005218,O02075,P034,4,5252.02,0.1,4689.3,21008.08,2100.808,18907.272,18757.2,150.072,0.007937264
OI005338,O02123,P034,4,5252.02,0.1,4689.3,21008.08,2100.808,18907.272,18757.2,150.072,0.007937264
OI003319,O01321,P033,1,2579.49,0.05,2303.12,2579.49,128.9745,2450.5155,2303.12,147.3955,0.060148773
OI000773,O00303,P042,4,5125.64,0.1,4576.46,20502.56,2050.256,18452.304,18305.84,146.464,0.007937437
OI002615,O01034,P042,4,5125.64,0.1,4576.46,20502.56,2050.256,18452.304,18305.84,146.464,0.007937437
OI003579,O01425,P042,4,5125.64,0.1,4576.46,20502.56,2050.256,18452.304,18305.84,146.464,0.007937437
OI004333,O01733,P042,4,5125.64,0.1,4576.46,20502.56,2050.256,18452.304,18305.84,146.464,0.007937437
OI004363,O01747,P042,4,5125.64,0.1,4576.46,20502.56,2050.256,18452.304,18305.84,146.464,0.007937437
OI003283,O01307,P017,4,5112.9,0.1,4565.09,20451.6,2045.16,18406.44,18260.36,146.08,0.007936353
OI003194,O01272,P031,4,4921.58,0.1,4394.27,19686.32,1968.632,17717.688,17577.08,140.608,0.007936024
OI003891,O01556,P031,4,4921.58,0.1,4394.27,19686.32,1968.632,17717.688,17577.08,140.608,0.007936024
OI004902,O01958,P031,4,4921.58,0.1,4394.27,19686.32,1968.632,17717.688,17577.08,140.608,0.007936024
OI002034,O00801,P053,1,2116.53,0.2,1553.2,2116.53,423.306,1693.224,1553.2,140.024,0.082696678
OI005422,O02153,P053,1,2116.53,0.2,1553.2,2116.53,423.306,1693.224,1553.2,140.024,0.082696678
OI001062,O00414,P020,4,5123.92,0.3,3551.75,20495.68,6148.704,14346.976,14207,139.976,0.009756481
OI001064,O00415,P020,4,5123.92,0.3,3551.75,20495.68,6148.704,14346.976,14207,139.976,0.009756481
OI003178,O01267,P020,4,5123.92,0.3,3551.75,20495.68,6148.704,14346.976,14207,139.976,0.009756481
OI000612,O00240,P059,4,4842.61,0.1,4323.76,19370.44,1937.044,17433.396,17295.04,138.356,0.007936262
OI004038,O01615,P059,4,4842.61,0.1,4323.76,19370.44,1937.044,17433.396,17295.04,138.356,0.007936262
OI004336,O01735,P059,4,4842.61,0.1,4323.76,19370.44,1937.044,17433.396,17295.04,138.356,0.007936262
OI002270,O00896,P035,4,4806.84,0.1,4291.82,19227.36,1922.736,17304.624,17167.28,137.344,0.007936838
OI003693,O01474,P035,4,4806.84,0.1,4291.82,19227.36,1922.736,17304.624,17167.28,137.344,0.007936838
OI005145,O02048,P035,4,4806.84,0.1,4291.82,19227.36,1922.736,17304.624,17167.28,137.344,0.007936838
OI004344,O01739,P044,4,4748.93,0.1,4240.12,18995.72,1899.572,17096.148,16960.48,135.668,0.007935589
OI004858,O01944,P044,4,4748.93,0.1,4240.12,18995.72,1899.572,17096.148,16960.48,135.668,0.007935589
OI005504,O02190,P044,4,4748.93,0.1,4240.12,18995.72,1899.572,17096.148,16960.48,135.668,0.007935589
OI002291,O00905,P064,4,4726.39,0.1,4219.99,18905.56,1890.556,17015.004,16879.96,135.044,0.00793676
OI004103,O01644,P064,4,4726.39,0.1,4219.99,18905.56,1890.556,17015.004,16879.96,135.044,0.00793676
OI003414,O01357,P055,1,3905.29,0.2,2991.91,3905.29,781.058,3124.232,2991.91,132.322,0.042353449
OI003622,O01442,P055,1,3905.29,0.2,2991.91,3905.29,781.058,3124.232,2991.91,132.322,0.042353449
OI005337,O02122,P055,1,3905.29,0.2,2991.91,3905.29,781.058,3124.232,2991.91,132.322,0.042353449
OI001601,O00635,P058,4,4600.81,0.1,4107.87,18403.24,1840.324,16562.916,16431.48,131.436,0.007935559
OI001877,O00741,P058,4,4600.81,0.1,4107.87,18403.24,1840.324,16562.916,16431.48,131.436,0.007935559
OI004738,O01897,P058,4,4600.81,0.1,4107.87,18403.24,1840.324,16562.916,16431.48,131.436,0.007935559
OI004747,O01901,P058,4,4600.81,0.1,4107.87,18403.24,1840.324,16562.916,16431.48,131.436,0.007935559
OI000752,O00296,P063,4,4500.08,0.1,4017.93,18000.32,1800.032,16200.288,16071.72,128.568,0.007936155
OI003021,O01198,P063,4,4500.08,0.1,4017.93,18000.32,1800.032,16200.288,16071.72,128.568,0.007936155
OI003477,O01383,P063,4,4500.08,0.1,4017.93,18000.32,1800.032,16200.288,16071.72,128.568,0.007936155
OI005308,O02111,P063,4,4500.08,0.1,4017.93,18000.32,1800.032,16200.288,16071.72,128.568,0.007936155
OI003277,O01304,P048,4,4310.39,0.1,3848.56,17241.56,1724.156,15517.404,15394.24,123.164,0.007937152
OI003463,O01378,P048,4,4310.39,0.1,3848.56,17241.56,1724.156,15517.404,15394.24,123.164,0.007937152
OI005182,O02060,P048,4,4310.39,0.1,3848.56,17241.56,1724.156,15517.404,15394.24,123.164,0.007937152
OI005442,O02162,P048,4,4310.39,0.1,3848.56,17241.56,1724.156,15517.404,15394.24,123.164,0.007937152
OI000252,O00100,P069,3,5592.45,0.1,4993.26,16777.35,1677.735,15099.615,14979.78,119.835,0.007936295
OI003059,O01215,P069,3,5592.45,0.1,4993.26,16777.35,1677.735,15099.615,14979.78,119.835,0.007936295
OI003653,O01458,P069,3,5592.45,0.1,4993.26,16777.35,1677.735,15099.615,14979.78,119.835,0.007936295
OI003908,O01563,P069,3,5592.45,0.1,4993.26,16777.35,1677.735,15099.615,14979.78,119.835,0.007936295
OI005147,O02049,P069,3,5592.45,0.1,4993.26,16777.35,1677.735,15099.615,14979.78,119.835,0.007936295
OI005466,O02172,P069,3,5592.45,0.1,4993.26,16777.35,1677.735,15099.615,14979.78,119.835,0.007936295
OI002330,O00923,P045,3,5481.6,0.1,4894.29,16444.8,1644.48,14800.32,14682.87,117.45,0.007935639
OI002608,O01032,P026,3,5470.33,0.1,4884.22,16410.99,1641.099,14769.891,14652.66,117.231,0.007937161
OI003540,O01406,P026,3,5470.33,0.1,4884.22,16410.99,1641.099,14769.891,14652.66,117.231,0.007937161
OI002118,O00835,P021,3,5344.27,0.1,4771.67,16032.81,1603.281,14429.529,14315.01,114.519,0.007936434
OI002976,O01177,P021,3,5344.27,0.1,4771.67,16032.81,1603.281,14429.529,14315.01,114.519,0.007936434
OI004239,O01691,P021,3,5344.27,0.1,4771.67,16032.81,1603.281,14429.529,14315.01,114.519,0.007936434
OI000251,O00100,P062,1,1993.86,0.05,1780.23,1993.86,99.693,1894.167,1780.23,113.937,0.060151507
OI001292,O00504,P062,1,1993.86,0.05,1780.23,1993.86,99.693,1894.167,1780.23,113.937,0.060151507
OI001621,O00643,P062,1,1993.86,0.05,1780.23,1993.86,99.693,1894.167,1780.23,113.937,0.060151507
OI001949,O00770,P062,1,1993.86,0.05,1780.23,1993.86,99.693,1894.167,1780.23,113.937,0.060151507
OI002413,O00955,P062,1,1993.86,0.05,1780.23,1993.86,99.693,1894.167,1780.23,113.937,0.060151507
OI002482,O00982,P062,1,1993.86,0.05,1780.23,1993.86,99.693,1894.167,1780.23,113.937,0.060151507
OI003625,O01444,P062,1,1993.86,0.05,1780.23,1993.86,99.693,1894.167,1780.23,113.937,0.060151507
OI000912,O00356,P034,3,5252.02,0.1,4689.3,15756.06,1575.606,14180.454,14067.9,112.554,0.007937264
OI003502,O01391,P034,3,5252.02,0.1,4689.3,15756.06,1575.606,14180.454,14067.9,112.554,0.007937264
OI001584,O00628,P042,3,5125.64,0.1,4576.46,15376.92,1537.692,13839.228,13729.38,109.848,0.007937437
OI004584,O01839,P042,3,5125.64,0.1,4576.46,15376.92,1537.692,13839.228,13729.38,109.848,0.007937437
OI005282,O02100,P042,3,5125.64,0.1,4576.46,15376.92,1537.692,13839.228,13729.38,109.848,0.007937437
OI001078,O00419,P036,1,1918.28,0.05,1712.75,1918.28,95.914,1822.366,1712.75,109.616,0.060150376
OI002576,O01019,P036,1,1918.28,0.05,1712.75,1918.28,95.914,1822.366,1712.75,109.616,0.060150376
OI002582,O01021,P036,1,1918.28,0.05,1712.75,1918.28,95.914,1822.366,1712.75,109.616,0.060150376
OI002764,O01091,P036,1,1918.28,0.05,1712.75,1918.28,95.914,1822.366,1712.75,109.616,0.060150376
OI004116,O01647,P036,1,1918.28,0.05,1712.75,1918.28,95.914,1822.366,1712.75,109.616,0.060150376
OI001439,O00565,P017,3,5112.9,0.1,4565.09,15338.7,1533.87,13804.83,13695.27,109.56,0.007936353
OI000054,O00022,P016,4,3833.17,0.1,3422.47,15332.68,1533.268,13799.412,13689.88,109.532,0.00793744
OI000239,O00096,P016,4,3833.17,0.1,3422.47,15332.68,1533.268,13799.412,13689.88,109.532,0.00793744
OI000806,O00319,P016,4,3833.17,0.1,3422.47,15332.68,1533.268,13799.412,13689.88,109.532,0.00793744
OI001155,O00453,P016,4,3833.17,0.1,3422.47,15332.68,1533.268,13799.412,13689.88,109.532,0.00793744
OI004055,O01621,P016,4,3833.17,0.1,3422.47,15332.68,1533.268,13799.412,13689.88,109.532,0.00793744
OI001627,O00646,P002,4,3793.81,0.1,3387.33,15175.24,1517.524,13657.716,13549.32,108.396,0.007936613
OI000440,O00171,P004,4,3768.92,0.1,3365.11,15075.68,1507.568,13568.112,13460.44,107.672,0.007935666
OI000724,O00286,P004,4,3768.92,0.1,3365.11,15075.68,1507.568,13568.112,13460.44,107.672,0.007935666
OI001610,O00639,P004,4,3768.92,0.1,3365.11,15075.68,1507.568,13568.112,13460.44,107.672,0.007935666
OI004527,O01820,P004,4,3768.92,0.1,3365.11,15075.68,1507.568,13568.112,13460.44,107.672,0.007935666
OI005150,O02050,P004,4,3768.92,0.1,3365.11,15075.68,1507.568,13568.112,13460.44,107.672,0.007935666
OI005181,O02060,P004,4,3768.92,0.1,3365.11,15075.68,1507.568,13568.112,13460.44,107.672,0.007935666
OI001746,O00692,P031,3,4921.58,0.1,4394.27,14764.74,1476.474,13288.266,13182.81,105.456,0.007936024
OI001867,O00737,P031,3,4921.58,0.1,4394.27,14764.74,1476.474,13288.266,13182.81,105.456,0.007936024
OI002163,O00853,P031,3,4921.58,0.1,4394.27,14764.74,1476.474,13288.266,13182.81,105.456,0.007936024
OI003108,O01237,P031,3,4921.58,0.1,4394.27,14764.74,1476.474,13288.266,13182.81,105.456,0.007936024
OI003731,O01489,P031,3,4921.58,0.1,4394.27,14764.74,1476.474,13288.266,13182.81,105.456,0.007936024
OI004609,O01849,P031,3,4921.58,0.1,4394.27,14764.74,1476.474,13288.266,13182.81,105.456,0.007936024
OI000366,O00144,P020,3,5123.92,0.3,3551.75,15371.76,4611.528,10760.232,10655.25,104.982,0.009756481
OI001991,O00786,P020,3,5123.92,0.3,3551.75,15371.76,4611.528,10760.232,10655.25,104.982,0.009756481
OI003371,O01341,P020,3,5123.92,0.3,3551.75,15371.76,4611.528,10760.232,10655.25,104.982,0.009756481
OI001233,O00483,P059,3,4842.61,0.1,4323.76,14527.83,1452.783,13075.047,12971.28,103.767,0.007936262
OI001454,O00573,P059,3,4842.61,0.1,4323.76,14527.83,1452.783,13075.047,12971.28,103.767,0.007936262
OI002283,O00902,P059,3,4842.61,0.1,4323.76,14527.83,1452.783,13075.047,12971.28,103.767,0.007936262
OI000947,O00369,P035,3,4806.84,0.1,4291.82,14420.52,1442.052,12978.468,12875.46,103.008,0.007936838
OI001591,O00632,P035,3,4806.84,0.1,4291.82,14420.52,1442.052,12978.468,12875.46,103.008,0.007936838
OI002011,O00793,P035,3,4806.84,0.1,4291.82,14420.52,1442.052,12978.468,12875.46,103.008,0.007936838
OI003217,O01280,P035,3,4806.84,0.1,4291.82,14420.52,1442.052,12978.468,12875.46,103.008,0.007936838
OI003976,O01590,P035,3,4806.84,0.1,4291.82,14420.52,1442.052,12978.468,12875.46,103.008,0.007936838
OI002099,O00828,P039,4,3602.12,0.1,3216.18,14408.48,1440.848,12967.632,12864.72,102.912,0.007936067
OI003955,O01582,P039,4,3602.12,0.1,3216.18,14408.48,1440.848,12967.632,12864.72,102.912,0.007936067
OI002904,O01153,P044,3,4748.93,0.1,4240.12,14246.79,1424.679,12822.111,12720.36,101.751,0.007935589
OI000560,O00219,P064,3,4726.39,0.1,4219.99,14179.17,1417.917,12761.253,12659.97,101.283,0.00793676
OI002588,O01023,P064,3,4726.39,0.1,4219.99,14179.17,1417.917,12761.253,12659.97,101.283,0.00793676
OI003860,O01544,P064,3,4726.39,0.1,4219.99,14179.17,1417.917,12761.253,12659.97,101.283,0.00793676
OI005239,O02082,P064,3,4726.39,0.1,4219.99,14179.17,1417.917,12761.253,12659.97,101.283,0.00793676
OI001460,O00575,P058,3,4600.81,0.1,4107.87,13802.43,1380.243,12422.187,12323.61,98.577,0.007935559
OI002195,O00864,P058,3,4600.81,0.1,4107.87,13802.43,1380.243,12422.187,12323.61,98.577,0.007935559
OI004017,O01608,P058,3,4600.81,0.1,4107.87,13802.43,1380.243,12422.187,12323.61,98.577,0.007935559
OI004604,O01847,P058,3,4600.81,0.1,4107.87,13802.43,1380.243,12422.187,12323.61,98.577,0.007935559
OI004798,O01919,P058,3,4600.81,0.1,4107.87,13802.43,1380.243,12422.187,12323.61,98.577,0.007935559
OI003357,O01335,P063,3,4500.08,0.1,4017.93,13500.24,1350.024,12150.216,12053.79,96.426,0.007936155
OI000934,O00362,P013,1,1662.63,0.05,1484.49,1662.63,83.1315,1579.4985,1484.49,95.0085,0.060151054
OI001629,O00647,P013,1,1662.63,0.05,1484.49,1662.63,83.1315,1579.4985,1484.49,95.0085,0.060151054
OI004353,O01742,P013,1,1662.63,0.05,1484.49,1662.63,83.1315,1579.4985,1484.49,95.0085,0.060151054
OI004938,O01969,P048,3,4310.39,0.1,3848.56,12931.17,1293.117,11638.053,11545.68,92.373,0.007937152
OI005500,O02189,P048,3,4310.39,0.1,3848.56,12931.17,1293.117,11638.053,11545.68,92.373,0.007937152
OI000243,O00097,P037,4,3125.99,0.1,2791.06,12503.96,1250.396,11253.564,11164.24,89.324,0.007937397
OI001294,O00505,P037,4,3125.99,0.1,2791.06,12503.96,1250.396,11253.564,11164.24,89.324,0.007937397
OI002711,O01071,P037,4,3125.99,0.1,2791.06,12503.96,1250.396,11253.564,11164.24,89.324,0.007937397
OI000028,O00014,P019,4,3112.57,0.1,2779.08,12450.28,1245.028,11205.252,11116.32,88.932,0.007936635
OI000649,O00254,P019,4,3112.57,0.1,2779.08,12450.28,1245.028,11205.252,11116.32,88.932,0.007936635
OI000762,O00298,P019,4,3112.57,0.1,2779.08,12450.28,1245.028,11205.252,11116.32,88.932,0.007936635
OI001755,O00696,P019,4,3112.57,0.1,2779.08,12450.28,1245.028,11205.252,11116.32,88.932,0.007936635
OI002852,O01129,P019,4,3112.57,0.1,2779.08,12450.28,1245.028,11205.252,11116.32,88.932,0.007936635
OI003169,O01263,P019,4,3112.57,0.1,2779.08,12450.28,1245.028,11205.252,11116.32,88.932,0.007936635
OI000913,O00356,P041,1,1494.52,0.05,1334.39,1494.52,74.726,1419.794,1334.39,85.404,0.060152388
OI004067,O01628,P041,1,1494.52,0.05,1334.39,1494.52,74.726,1419.794,1334.39,85.404,0.060152388
OI005153,O02050,P041,1,1494.52,0.05,1334.39,1494.52,74.726,1419.794,1334.39,85.404,0.060152388
OI000193,O00077,P016,3,3833.17,0.1,3422.47,11499.51,1149.951,10349.559,10267.41,82.149,0.00793744
OI000782,O00307,P016,3,3833.17,0.1,3422.47,11499.51,1149.951,10349.559,10267.41,82.149,0.00793744
OI000813,O00321,P016,3,3833.17,0.1,3422.47,11499.51,1149.951,10349.559,10267.41,82.149,0.00793744
OI002016,O00794,P016,3,3833.17,0.1,3422.47,11499.51,1149.951,10349.559,10267.41,82.149,0.00793744
OI002077,O00819,P016,3,3833.17,0.1,3422.47,11499.51,1149.951,10349.559,10267.41,82.149,0.00793744
OI001573,O00625,P002,3,3793.81,0.1,3387.33,11381.43,1138.143,10243.287,10161.99,81.297,0.007936613
OI002992,O01186,P002,3,3793.81,0.1,3387.33,11381.43,1138.143,10243.287,10161.99,81.297,0.007936613
OI004859,O01944,P002,3,3793.81,0.1,3387.33,11381.43,1138.143,10243.287,10161.99,81.297,0.007936613
OI000845,O00333,P038,4,2828.73,0.1,2525.65,11314.92,1131.492,10183.428,10102.6,80.828,0.007937209
OI004679,O01877,P038,4,2828.73,0.1,2525.65,11314.92,1131.492,10183.428,10102.6,80.828,0.007937209
OI002831,O01120,P004,3,3768.92,0.1,3365.11,11306.76,1130.676,10176.084,10095.33,80.754,0.007935666
OI003820,O01525,P004,3,3768.92,0.1,3365.11,11306.76,1130.676,10176.084,10095.33,80.754,0.007935666
OI000736,O00290,P078,4,5006.54,0.2,3985.08,20026.16,4005.232,16020.928,15940.32,80.608,0.005031419
OI003542,O01406,P078,4,5006.54,0.2,3985.08,20026.16,4005.232,16020.928,15940.32,80.608,0.005031419
OI003765,O01502,P078,4,5006.54,0.2,3985.08,20026.16,4005.232,16020.928,15940.32,80.608,0.005031419
OI004252,O01696,P078,4,5006.54,0.2,3985.08,20026.16,4005.232,16020.928,15940.32,80.608,0.005031419
OI005156,O02051,P078,4,5006.54,0.2,3985.08,20026.16,4005.232,16020.928,15940.32,80.608,0.005031419
OI005324,O02117,P078,4,5006.54,0.2,3985.08,20026.16,4005.232,16020.928,15940.32,80.608,0.005031419
OI001810,O00716,P069,2,5592.45,0.1,4993.26,11184.9,1118.49,10066.41,9986.52,79.89,0.007936295
OI002242,O00884,P069,2,5592.45,0.1,4993.26,11184.9,1118.49,10066.41,9986.52,79.89,0.007936295
OI002964,O01174,P069,2,5592.45,0.1,4993.26,11184.9,1118.49,10066.41,9986.52,79.89,0.007936295
OI003698,O01476,P069,2,5592.45,0.1,4993.26,11184.9,1118.49,10066.41,9986.52,79.89,0.007936295
OI005059,O02012,P069,2,5592.45,0.1,4993.26,11184.9,1118.49,10066.41,9986.52,79.89,0.007936295
OI002216,O00872,P080,4,5576.76,0.2,4441.52,22307.04,4461.408,17845.632,17766.08,79.552,0.004457786
OI002780,O01100,P080,4,5576.76,0.2,4441.52,22307.04,4461.408,17845.632,17766.08,79.552,0.004457786
OI004124,O01651,P080,4,5576.76,0.2,4441.52,22307.04,4461.408,17845.632,17766.08,79.552,0.004457786
OI004341,O01737,P080,4,5576.76,0.2,4441.52,22307.04,4461.408,17845.632,17766.08,79.552,0.004457786
OI004839,O01936,P080,4,5576.76,0.2,4441.52,22307.04,4461.408,17845.632,17766.08,79.552,0.004457786
OI004868,O01947,P080,4,5576.76,0.2,4441.52,22307.04,4461.408,17845.632,17766.08,79.552,0.004457786
OI000426,O00166,P045,2,5481.6,0.1,4894.29,10963.2,1096.32,9866.88,9788.58,78.3,0.007935639
OI000309,O00123,P026,2,5470.33,0.1,4884.22,10940.66,1094.066,9846.594,9768.44,78.154,0.007937161
OI000437,O00170,P026,2,5470.33,0.1,4884.22,10940.66,1094.066,9846.594,9768.44,78.154,0.007937161
OI001870,O00738,P026,2,5470.33,0.1,4884.22,10940.66,1094.066,9846.594,9768.44,78.154,0.007937161
OI001952,O00771,P026,2,5470.33,0.1,4884.22,10940.66,1094.066,9846.594,9768.44,78.154,0.007937161
OI001300,O00507,P039,3,3602.12,0.1,3216.18,10806.36,1080.636,9725.724,9648.54,77.184,0.007936067
OI005529,O02199,P039,3,3602.12,0.1,3216.18,10806.36,1080.636,9725.724,9648.54,77.184,0.007936067
OI000894,O00350,P021,2,5344.27,0.1,4771.67,10688.54,1068.854,9619.686,9543.34,76.346,0.007936434
OI001553,O00617,P021,2,5344.27,0.1,4771.67,10688.54,1068.854,9619.686,9543.34,76.346,0.007936434
OI004959,O01976,P021,2,5344.27,0.1,4771.67,10688.54,1068.854,9619.686,9543.34,76.346,0.007936434
OI002210,O00870,P050,4,2647.44,0.1,2363.79,10589.76,1058.976,9530.784,9455.16,75.624,0.007934709
OI004953,O01973,P050,4,2647.44,0.1,2363.79,10589.76,1058.976,9530.784,9455.16,75.624,0.007934709
OI000397,O00155,P034,2,5252.02,0.1,4689.3,10504.04,1050.404,9453.636,9378.6,75.036,0.007937264
OI000274,O00107,P033,4,2579.49,0.1,2303.12,10317.96,1031.796,9286.164,9212.48,73.684,0.007934816
OI000828,O00327,P033,4,2579.49,0.1,2303.12,10317.96,1031.796,9286.164,9212.48,73.684,0.007934816
OI002060,O00813,P033,4,2579.49,0.1,2303.12,10317.96,1031.796,9286.164,9212.48,73.684,0.007934816
OI004111,O01646,P033,4,2579.49,0.1,2303.12,10317.96,1031.796,9286.164,9212.48,73.684,0.007934816
OI004235,O01690,P033,4,2579.49,0.1,2303.12,10317.96,1031.796,9286.164,9212.48,73.684,0.007934816
OI000840,O00331,P042,2,5125.64,0.1,4576.46,10251.28,1025.128,9226.152,9152.92,73.232,0.007937437
OI004145,O01658,P042,2,5125.64,0.1,4576.46,10251.28,1025.128,9226.152,9152.92,73.232,0.007937437
OI004909,O01960,P042,2,5125.64,0.1,4576.46,10251.28,1025.128,9226.152,9152.92,73.232,0.007937437
OI000131,O00053,P017,2,5112.9,0.1,4565.09,10225.8,1022.58,9203.22,9130.18,73.04,0.007936353
OI005458,O02169,P017,2,5112.9,0.1,4565.09,10225.8,1022.58,9203.22,9130.18,73.04,0.007936353
OI000265,O00105,P031,2,4921.58,0.1,4394.27,9843.16,984.316,8858.844,8788.54,70.304,0.007936024
OI001157,O00453,P031,2,4921.58,0.1,4394.27,9843.16,984.316,8858.844,8788.54,70.304,0.007936024
OI001311,O00511,P031,2,4921.58,0.1,4394.27,9843.16,984.316,8858.844,8788.54,70.304,0.007936024
OI002397,O00950,P031,2,4921.58,0.1,4394.27,9843.16,984.316,8858.844,8788.54,70.304,0.007936024
OI003982,O01592,P020,2,5123.92,0.3,3551.75,10247.84,3074.352,7173.488,7103.5,69.988,0.009756481
OI000897,O00350,P059,2,4842.61,0.1,4323.76,9685.22,968.522,8716.698,8647.52,69.178,0.007936262
OI002578,O01020,P059,2,4842.61,0.1,4323.76,9685.22,968.522,8716.698,8647.52,69.178,0.007936262
OI004332,O01733,P059,2,4842.61,0.1,4323.76,9685.22,968.522,8716.698,8647.52,69.178,0.007936262
OI004420,O01770,P059,2,4842.61,0.1,4323.76,9685.22,968.522,8716.698,8647.52,69.178,0.007936262
OI000336,O00136,P035,2,4806.84,0.1,4291.82,9613.68,961.368,8652.312,8583.64,68.672,0.007936838
OI001011,O00394,P035,2,4806.84,0.1,4291.82,9613.68,961.368,8652.312,8583.64,68.672,0.007936838
OI001068,O00416,P035,2,4806.84,0.1,4291.82,9613.68,961.368,8652.312,8583.64,68.672,0.007936838
OI000332,O00133,P044,2,4748.93,0.1,4240.12,9497.86,949.786,8548.074,8480.24,67.834,0.007935589
OI001914,O00756,P044,2,4748.93,0.1,4240.12,9497.86,949.786,8548.074,8480.24,67.834,0.007935589
OI002332,O00924,P044,2,4748.93,0.1,4240.12,9497.86,949.786,8548.074,8480.24,67.834,0.007935589
OI005302,O02107,P044,2,4748.93,0.1,4240.12,9497.86,949.786,8548.074,8480.24,67.834,0.007935589
OI001268,O00496,P064,2,4726.39,0.1,4219.99,9452.78,945.278,8507.502,8439.98,67.522,0.00793676
OI001854,O00733,P064,2,4726.39,0.1,4219.99,9452.78,945.278,8507.502,8439.98,67.522,0.00793676
OI002894,O01148,P064,2,4726.39,0.1,4219.99,9452.78,945.278,8507.502,8439.98,67.522,0.00793676
OI003018,O01197,P064,2,4726.39,0.1,4219.99,9452.78,945.278,8507.502,8439.98,67.522,0.00793676
OI003029,O01202,P064,2,4726.39,0.1,4219.99,9452.78,945.278,8507.502,8439.98,67.522,0.00793676
OI004180,O01669,P064,2,4726.39,0.1,4219.99,9452.78,945.278,8507.502,8439.98,67.522,0.00793676
OI004442,O01781,P064,2,4726.39,0.1,4219.99,9452.78,945.278,8507.502,8439.98,67.522,0.00793676
OI003355,O01334,P037,3,3125.99,0.1,2791.06,9377.97,937.797,8440.173,8373.18,66.993,0.007937397
OI005106,O02032,P037,3,3125.99,0.1,2791.06,9377.97,937.797,8440.173,8373.18,66.993,0.007937397
OI001404,O00551,P019,3,3112.57,0.1,2779.08,9337.71,933.771,8403.939,8337.24,66.699,0.007936635
OI002024,O00797,P019,3,3112.57,0.1,2779.08,9337.71,933.771,8403.939,8337.24,66.699,0.007936635
OI002082,O00820,P019,3,3112.57,0.1,2779.08,9337.71,933.771,8403.939,8337.24,66.699,0.007936635
OI004320,O01727,P019,3,3112.57,0.1,2779.08,9337.71,933.771,8403.939,8337.24,66.699,0.007936635
OI000077,O00032,P058,2,4600.81,0.1,4107.87,9201.62,920.162,8281.458,8215.74,65.718,0.007935559
OI001171,O00459,P058,2,4600.81,0.1,4107.87,9201.62,920.162,8281.458,8215.74,65.718,0.007935559
OI000672,O00265,P063,2,4500.08,0.1,4017.93,9000.16,900.016,8100.144,8035.86,64.284,0.007936155
OI000873,O00344,P063,2,4500.08,0.1,4017.93,9000.16,900.016,8100.144,8035.86,64.284,0.007936155
OI001331,O00521,P063,2,4500.08,0.1,4017.93,9000.16,900.016,8100.144,8035.86,64.284,0.007936155
OI003192,O01271,P063,2,4500.08,0.1,4017.93,9000.16,900.016,8100.144,8035.86,64.284,0.007936155
OI003482,O01385,P063,2,4500.08,0.1,4017.93,9000.16,900.016,8100.144,8035.86,64.284,0.007936155
OI004398,O01762,P063,2,4500.08,0.1,4017.93,9000.16,900.016,8100.144,8035.86,64.284,0.007936155
OI005204,O02069,P063,2,4500.08,0.1,4017.93,9000.16,900.016,8100.144,8035.86,64.284,0.007936155
OI001467,O00577,P048,2,4310.39,0.1,3848.56,8620.78,862.078,7758.702,7697.12,61.582,0.007937152
OI000957,O00374,P038,3,2828.73,0.1,2525.65,8486.19,848.619,7637.571,7576.95,60.621,0.007937209
OI002434,O00967,P038,3,2828.73,0.1,2525.65,8486.19,848.619,7637.571,7576.95,60.621,0.007937209
OI000257,O00102,P078,3,5006.54,0.2,3985.08,15019.62,3003.924,12015.696,11955.24,60.456,0.005031419
OI001120,O00437,P078,3,5006.54,0.2,3985.08,15019.62,3003.924,12015.696,11955.24,60.456,0.005031419
OI001150,O00450,P078,3,5006.54,0.2,3985.08,15019.62,3003.924,12015.696,11955.24,60.456,0.005031419
OI001337,O00523,P078,3,5006.54,0.2,3985.08,15019.62,3003.924,12015.696,11955.24,60.456,0.005031419
OI001815,O00718,P078,3,5006.54,0.2,3985.08,15019.62,3003.924,12015.696,11955.24,60.456,0.005031419
OI001943,O00768,P078,3,5006.54,0.2,3985.08,15019.62,3003.924,12015.696,11955.24,60.456,0.005031419
OI003688,O01473,P078,3,5006.54,0.2,3985.08,15019.62,3003.924,12015.696,11955.24,60.456,0.005031419
OI005039,O02006,P078,3,5006.54,0.2,3985.08,15019.62,3003.924,12015.696,11955.24,60.456,0.005031419
OI000418,O00162,P080,3,5576.76,0.2,4441.52,16730.28,3346.056,13384.224,13324.56,59.664,0.004457786
OI000590,O00231,P080,3,5576.76,0.2,4441.52,16730.28,3346.056,13384.224,13324.56,59.664,0.004457786
OI001908,O00752,P080,3,5576.76,0.2,4441.52,16730.28,3346.056,13384.224,13324.56,59.664,0.004457786
OI003081,O01224,P062,4,1993.86,0.1,1780.23,7975.44,797.544,7177.896,7120.92,56.976,0.007937702
OI004923,O01965,P062,4,1993.86,0.1,1780.23,7975.44,797.544,7177.896,7120.92,56.976,0.007937702
OI003140,O01251,P050,3,2647.44,0.1,2363.79,7942.32,794.232,7148.088,7091.37,56.718,0.007934709
OI003720,O01486,P050,3,2647.44,0.1,2363.79,7942.32,794.232,7148.088,7091.37,56.718,0.007934709
OI003240,O01288,P033,3,2579.49,0.1,2303.12,7738.47,773.847,6964.623,6909.36,55.263,0.007934816
OI003399,O01351,P033,3,2579.49,0.1,2303.12,7738.47,773.847,6964.623,6909.36,55.263,0.007934816
OI004477,O01798,P033,3,2579.49,0.1,2303.12,7738.47,773.847,6964.623,6909.36,55.263,0.007934816
OI000472,O00183,P036,4,1918.28,0.1,1712.75,7673.12,767.312,6905.808,6851,54.808,0.007936508
OI004662,O01868,P036,4,1918.28,0.1,1712.75,7673.12,767.312,6905.808,6851,54.808,0.007936508
OI002733,O01080,P016,2,3833.17,0.1,3422.47,7666.34,766.634,6899.706,6844.94,54.766,0.00793744
OI004998,O01990,P016,2,3833.17,0.1,3422.47,7666.34,766.634,6899.706,6844.94,54.766,0.00793744
OI000970,O00377,P004,2,3768.92,0.1,3365.11,7537.84,753.784,6784.056,6730.22,53.836,0.007935666
OI001453,O00573,P004,2,3768.92,0.1,3365.11,7537.84,753.784,6784.056,6730.22,53.836,0.007935666
OI002228,O00879,P004,2,3768.92,0.1,3365.11,7537.84,753.784,6784.056,6730.22,53.836,0.007935666
OI005519,O02196,P004,2,3768.92,0.1,3365.11,7537.84,753.784,6784.056,6730.22,53.836,0.007935666
OI001549,O00615,P039,2,3602.12,0.1,3216.18,7204.24,720.424,6483.816,6432.36,51.456,0.007936067
OI002079,O00819,P039,2,3602.12,0.1,3216.18,7204.24,720.424,6483.816,6432.36,51.456,0.007936067
OI005363,O02133,P039,2,3602.12,0.1,3216.18,7204.24,720.424,6483.816,6432.36,51.456,0.007936067
OI001522,O00602,P013,4,1662.63,0.1,1484.49,6650.52,665.052,5985.468,5937.96,47.508,0.007937224
OI001868,O00737,P013,4,1662.63,0.1,1484.49,6650.52,665.052,5985.468,5937.96,47.508,0.007937224
OI003525,O01401,P013,4,1662.63,0.1,1484.49,6650.52,665.052,5985.468,5937.96,47.508,0.007937224
OI003989,O01596,P013,4,1662.63,0.1,1484.49,6650.52,665.052,5985.468,5937.96,47.508,0.007937224
OI005193,O02064,P037,2,3125.99,0.1,2791.06,6251.98,625.198,5626.782,5582.12,44.662,0.007937397
OI001790,O00709,P019,2,3112.57,0.1,2779.08,6225.14,622.514,5602.626,5558.16,44.466,0.007936635
OI002966,O01175,P019,2,3112.57,0.1,2779.08,6225.14,622.514,5602.626,5558.16,44.466,0.007936635
OI001229,O00482,P062,3,1993.86,0.1,1780.23,5981.58,598.158,5383.422,5340.69,42.732,0.007937702
OI004737,O01897,P062,3,1993.86,0.1,1780.23,5981.58,598.158,5383.422,5340.69,42.732,0.007937702
OI001241,O00486,P041,4,1494.52,0.1,1334.39,5978.08,597.808,5380.272,5337.56,42.712,0.007938632
OI003571,O01420,P041,4,1494.52,0.1,1334.39,5978.08,597.808,5380.272,5337.56,42.712,0.007938632
OI003729,O01488,P041,4,1494.52,0.1,1334.39,5978.08,597.808,5380.272,5337.56,42.712,0.007938632
OI004319,O01726,P041,4,1494.52,0.1,1334.39,5978.08,597.808,5380.272,5337.56,42.712,0.007938632
OI000524,O00205,P036,3,1918.28,0.1,1712.75,5754.84,575.484,5179.356,5138.25,41.106,0.007936508
OI000831,O00327,P038,2,2828.73,0.1,2525.65,5657.46,565.746,5091.714,5051.3,40.414,0.007937209
OI002943,O01168,P038,2,2828.73,0.1,2525.65,5657.46,565.746,5091.714,5051.3,40.414,0.007937209
OI001646,O00652,P078,2,5006.54,0.2,3985.08,10013.08,2002.616,8010.464,7970.16,40.304,0.005031419
OI003840,O01536,P078,2,5006.54,0.2,3985.08,10013.08,2002.616,8010.464,7970.16,40.304,0.005031419
OI001403,O00551,P069,1,5592.45,0.1,4993.26,5592.45,559.245,5033.205,4993.26,39.945,0.007936295
OI004229,O01689,P069,1,5592.45,0.1,4993.26,5592.45,559.245,5033.205,4993.26,39.945,0.007936295
OI004810,O01924,P069,1,5592.45,0.1,4993.26,5592.45,559.245,5033.205,4993.26,39.945,0.007936295
OI005167,O02055,P069,1,5592.45,0.1,4993.26,5592.45,559.245,5033.205,4993.26,39.945,0.007936295
OI000018,O00010,P080,2,5576.76,0.2,4441.52,11153.52,2230.704,8922.816,8883.04,39.776,0.004457786
OI002149,O00848,P080,2,5576.76,0.2,4441.52,11153.52,2230.704,8922.816,8883.04,39.776,0.004457786
OI004684,O01879,P080,2,5576.76,0.2,4441.52,11153.52,2230.704,8922.816,8883.04,39.776,0.004457786
OI005023,O02001,P080,2,5576.76,0.2,4441.52,11153.52,2230.704,8922.816,8883.04,39.776,0.004457786
OI000668,O00263,P045,1,5481.6,0.1,4894.29,5481.6,548.16,4933.44,4894.29,39.15,0.007935639
OI002534,O01003,P045,1,5481.6,0.1,4894.29,5481.6,548.16,4933.44,4894.29,39.15,0.007935639
OI004803,O01922,P045,1,5481.6,0.1,4894.29,5481.6,548.16,4933.44,4894.29,39.15,0.007935639
OI003566,O01418,P026,1,5470.33,0.1,4884.22,5470.33,547.033,4923.297,4884.22,39.077,0.007937161
OI001327,O00519,P021,1,5344.27,0.1,4771.67,5344.27,534.427,4809.843,4771.67,38.173,0.007936434
OI001768,O00701,P021,1,5344.27,0.1,4771.67,5344.27,534.427,4809.843,4771.67,38.173,0.007936434
OI001090,O00424,P050,2,2647.44,0.1,2363.79,5294.88,529.488,4765.392,4727.58,37.812,0.007934709
OI005187,O02062,P050,2,2647.44,0.1,2363.79,5294.88,529.488,4765.392,4727.58,37.812,0.007934709
OI001262,O00494,P033,2,2579.49,0.1,2303.12,5158.98,515.898,4643.082,4606.24,36.842,0.007934816
OI001648,O00653,P033,2,2579.49,0.1,2303.12,5158.98,515.898,4643.082,4606.24,36.842,0.007934816
OI003800,O01516,P033,2,2579.49,0.1,2303.12,5158.98,515.898,4643.082,4606.24,36.842,0.007934816
OI004232,O01689,P033,2,2579.49,0.1,2303.12,5158.98,515.898,4643.082,4606.24,36.842,0.007934816
OI003547,O01409,P042,1,5125.64,0.1,4576.46,5125.64,512.564,4613.076,4576.46,36.616,0.007937437
OI003833,O01532,P042,1,5125.64,0.1,4576.46,5125.64,512.564,4613.076,4576.46,36.616,0.007937437
OI000571,O00223,P013,3,1662.63,0.1,1484.49,4987.89,498.789,4489.101,4453.47,35.631,0.007937224
OI002331,O00924,P013,3,1662.63,0.1,1484.49,4987.89,498.789,4489.101,4453.47,35.631,0.007937224
OI003201,O01274,P013,3,1662.63,0.1,1484.49,4987.89,498.789,4489.101,4453.47,35.631,0.007937224
OI003433,O01364,P013,3,1662.63,0.1,1484.49,4987.89,498.789,4489.101,4453.47,35.631,0.007937224
OI003881,O01553,P013,3,1662.63,0.1,1484.49,4987.89,498.789,4489.101,4453.47,35.631,0.007937224
OI001010,O00394,P031,1,4921.58,0.1,4394.27,4921.58,492.158,4429.422,4394.27,35.152,0.007936024
OI003155,O01256,P031,1,4921.58,0.1,4394.27,4921.58,492.158,4429.422,4394.27,35.152,0.007936024
OI004443,O01781,P031,1,4921.58,0.1,4394.27,4921.58,492.158,4429.422,4394.27,35.152,0.007936024
OI000364,O00144,P059,1,4842.61,0.1,4323.76,4842.61,484.261,4358.349,4323.76,34.589,0.007936262
OI000372,O00146,P059,1,4842.61,0.1,4323.76,4842.61,484.261,4358.349,4323.76,34.589,0.007936262
OI001018,O00398,P035,1,4806.84,0.1,4291.82,4806.84,480.684,4326.156,4291.82,34.336,0.007936838
OI003287,O01308,P035,1,4806.84,0.1,4291.82,4806.84,480.684,4326.156,4291.82,34.336,0.007936838
OI004786,O01916,P035,1,4806.84,0.1,4291.82,4806.84,480.684,4326.156,4291.82,34.336,0.007936838
OI002140,O00845,P044,1,4748.93,0.1,4240.12,4748.93,474.893,4274.037,4240.12,33.917,0.007935589
OI004243,O01693,P044,1,4748.93,0.1,4240.12,4748.93,474.893,4274.037,4240.12,33.917,0.007935589
OI004875,O01949,P044,1,4748.93,0.1,4240.12,4748.93,474.893,4274.037,4240.12,33.917,0.007935589
OI003253,O01294,P064,1,4726.39,0.1,4219.99,4726.39,472.639,4253.751,4219.99,33.761,0.00793676
OI003889,O01555,P064,1,4726.39,0.1,4219.99,4726.39,472.639,4253.751,4219.99,33.761,0.00793676
OI003952,O01581,P064,1,4726.39,0.1,4219.99,4726.39,472.639,4253.751,4219.99,33.761,0.00793676
OI004757,O01905,P064,1,4726.39,0.1,4219.99,4726.39,472.639,4253.751,4219.99,33.761,0.00793676
OI001152,O00451,P058,1,4600.81,0.1,4107.87,4600.81,460.081,4140.729,4107.87,32.859,0.007935559
OI001788,O00709,P058,1,4600.81,0.1,4107.87,4600.81,460.081,4140.729,4107.87,32.859,0.007935559
OI002762,O01091,P063,1,4500.08,0.1,4017.93,4500.08,450.008,4050.072,4017.93,32.142,0.007936155
OI003921,O01570,P063,1,4500.08,0.1,4017.93,4500.08,450.008,4050.072,4017.93,32.142,0.007936155
OI000482,O00188,P041,3,1494.52,0.1,1334.39,4483.56,448.356,4035.204,4003.17,32.034,0.007938632
OI000706,O00279,P041,3,1494.52,0.1,1334.39,4483.56,448.356,4035.204,4003.17,32.034,0.007938632
OI002308,O00913,P041,3,1494.52,0.1,1334.39,4483.56,448.356,4035.204,4003.17,32.034,0.007938632
OI001154,O00452,P048,1,4310.39,0.1,3848.56,4310.39,431.039,3879.351,3848.56,30.791,0.007937152
OI004489,O01803,P048,1,4310.39,0.1,3848.56,4310.39,431.039,3879.351,3848.56,30.791,0.007937152
OI004557,O01830,P048,1,4310.39,0.1,3848.56,4310.39,431.039,3879.351,3848.56,30.791,0.007937152
OI001077,O00419,P062,2,1993.86,0.1,1780.23,3987.72,398.772,3588.948,3560.46,28.488,0.007937702
OI001279,O00499,P062,2,1993.86,0.1,1780.23,3987.72,398.772,3588.948,3560.46,28.488,0.007937702
OI002784,O01101,P062,2,1993.86,0.1,1780.23,3987.72,398.772,3588.948,3560.46,28.488,0.007937702
OI004595,O01844,P062,2,1993.86,0.1,1780.23,3987.72,398.772,3588.948,3560.46,28.488,0.007937702
OI003070,O01218,P036,2,1918.28,0.1,1712.75,3836.56,383.656,3452.904,3425.5,27.404,0.007936508
OI003425,O01362,P036,2,1918.28,0.1,1712.75,3836.56,383.656,3452.904,3425.5,27.404,0.007936508
OI003038,O01207,P016,1,3833.17,0.1,3422.47,3833.17,383.317,3449.853,3422.47,27.383,0.00793744
OI001490,O00588,P002,1,3793.81,0.1,3387.33,3793.81,379.381,3414.429,3387.33,27.099,0.007936613
OI002021,O00795,P002,1,3793.81,0.1,3387.33,3793.81,379.381,3414.429,3387.33,27.099,0.007936613
OI002808,O01110,P004,1,3768.92,0.1,3365.11,3768.92,376.892,3392.028,3365.11,26.918,0.007935666
OI003388,O01346,P004,1,3768.92,0.1,3365.11,3768.92,376.892,3392.028,3365.11,26.918,0.007935666
OI000599,O00234,P039,1,3602.12,0.1,3216.18,3602.12,360.212,3241.908,3216.18,25.728,0.007936067
OI002066,O00815,P039,1,3602.12,0.1,3216.18,3602.12,360.212,3241.908,3216.18,25.728,0.007936067
OI003245,O01290,P039,1,3602.12,0.1,3216.18,3602.12,360.212,3241.908,3216.18,25.728,0.007936067
OI002807,O01110,P013,2,1662.63,0.1,1484.49,3325.26,332.526,2992.734,2968.98,23.754,0.007937224
OI000485,O00189,P037,1,3125.99,0.1,2791.06,3125.99,312.599,2813.391,2791.06,22.331,0.007937397
OI003647,O01455,P037,1,3125.99,0.1,2791.06,3125.99,312.599,2813.391,2791.06,22.331,0.007937397
OI003883,O01553,P037,1,3125.99,0.1,2791.06,3125.99,312.599,2813.391,2791.06,22.331,0.007937397
OI003490,O01387,P019,1,3112.57,0.1,2779.08,3112.57,311.257,2801.313,2779.08,22.233,0.007936635
OI004431,O01775,P019,1,3112.57,0.1,2779.08,3112.57,311.257,2801.313,2779.08,22.233,0.007936635
OI004854,O01942,P019,1,3112.57,0.1,2779.08,3112.57,311.257,2801.313,2779.08,22.233,0.007936635
OI002726,O01076,P041,2,1494.52,0.1,1334.39,2989.04,298.904,2690.136,2668.78,21.356,0.007938632
OI002804,O01108,P041,2,1494.52,0.1,1334.39,2989.04,298.904,2690.136,2668.78,21.356,0.007938632
OI001352,O00527,P038,1,2828.73,0.1,2525.65,2828.73,282.873,2545.857,2525.65,20.207,0.007937209
OI003349,O01332,P078,1,5006.54,0.2,3985.08,5006.54,1001.308,4005.232,3985.08,20.152,0.005031419
OI004523,O01819,P078,1,5006.54,0.2,3985.08,5006.54,1001.308,4005.232,3985.08,20.152,0.005031419
OI005168,O02055,P078,1,5006.54,0.2,3985.08,5006.54,1001.308,4005.232,3985.08,20.152,0.005031419
OI004015,O01607,P080,1,5576.76,0.2,4441.52,5576.76,1115.352,4461.408,4441.52,19.888,0.004457786
OI004954,O01974,P080,1,5576.76,0.2,4441.52,5576.76,1115.352,4461.408,4441.52,19.888,0.004457786
OI002486,O00983,P050,1,2647.44,0.1,2363.79,2647.44,264.744,2382.696,2363.79,18.906,0.007934709
OI004934,O01968,P050,1,2647.44,0.1,2363.79,2647.44,264.744,2382.696,2363.79,18.906,0.007934709
OI003022,O01199,P062,1,1993.86,0.1,1780.23,1993.86,199.386,1794.474,1780.23,14.244,0.007937702
OI003256,O01294,P062,1,1993.86,0.1,1780.23,1993.86,199.386,1794.474,1780.23,14.244,0.007937702
OI002421,O00960,P036,1,1918.28,0.1,1712.75,1918.28,191.828,1726.452,1712.75,13.702,0.007936508
OI002527,O01001,P036,1,1918.28,0.1,1712.75,1918.28,191.828,1726.452,1712.75,13.702,0.007936508
OI002710,O01070,P036,1,1918.28,0.1,1712.75,1918.28,191.828,1726.452,1712.75,13.702,0.007936508
OI004151,O01660,P036,1,1918.28,0.1,1712.75,1918.28,191.828,1726.452,1712.75,13.702,0.007936508
OI004468,O01795,P036,1,1918.28,0.1,1712.75,1918.28,191.828,1726.452,1712.75,13.702,0.007936508
OI001581,O00628,P013,1,1662.63,0.1,1484.49,1662.63,166.263,1496.367,1484.49,11.877,0.007937224
OI004620,O01853,P013,1,1662.63,0.1,1484.49,1662.63,166.263,1496.367,1484.49,11.877,0.007937224
OI001685,O00669,P041,1,1494.52,0.1,1334.39,1494.52,149.452,1345.068,1334.39,10.678,0.007938632
OI002554,O01010,P041,1,1494.52,0.1,1334.39,1494.52,149.452,1345.068,1334.39,10.678,0.007938632
OI003551,O01412,P041,1,1494.52,0.1,1334.39,1494.52,149.452,1345.068,1334.39,10.678,0.007938632
OI004397,O01762,P041,1,1494.52,0.1,1334.39,1494.52,149.452,1345.068,1334.39,10.678,0.007938632
OI004660,O01867,P041,1,1494.52,0.1,1334.39,1494.52,149.452,1345.068,1334.39,10.678,0.007938632
,,,,,,,,,1345.068,,10.678,0.331346041
OI000055,O00022,P072,1,3098.66,0.3,2200.58,3098.66,929.598,2169.062,2200.58,-31.518,-0.014530705
OI001978,O00781,P072,1,3098.66,0.3,2200.58,3098.66,929.598,2169.062,2200.58,-31.518,-0.014530705
OI004603,O01847,P072,1,3098.66,0.3,2200.58,3098.66,929.598,2169.062,2200.58,-31.518,-0.014530705
OI001231,O00483,P041,1,1494.52,0.15,1334.39,1494.52,224.178,1270.342,1334.39,-64.048,-0.050417919
OI001436,O00564,P041,1,1494.52,0.15,1334.39,1494.52,224.178,1270.342,1334.39,-64.048,-0.050417919
OI002683,O01060,P041,1,1494.52,0.15,1334.39,1494.52,224.178,1270.342,1334.39,-64.048,-0.050417919
OI000013,O00008,P013,1,1662.63,0.15,1484.49,1662.63,249.3945,1413.2355,1484.49,-71.2545,-0.05041941
OI000887,O00348,P013,1,1662.63,0.15,1484.49,1662.63,249.3945,1413.2355,1484.49,-71.2545,-0.05041941
OI000961,O00375,P013,1,1662.63,0.15,1484.49,1662.63,249.3945,1413.2355,1484.49,-71.2545,-0.05041941
OI002289,O00904,P013,1,1662.63,0.15,1484.49,1662.63,249.3945,1413.2355,1484.49,-71.2545,-0.05041941
OI004587,O01840,P013,1,1662.63,0.15,1484.49,1662.63,249.3945,1413.2355,1484.49,-71.2545,-0.05041941
OI000507,O00199,P036,1,1918.28,0.15,1712.75,1918.28,287.742,1630.538,1712.75,-82.212,-0.050420168
OI001118,O00437,P036,1,1918.28,0.15,1712.75,1918.28,287.742,1630.538,1712.75,-82.212,-0.050420168
OI003850,O01541,P036,1,1918.28,0.15,1712.75,1918.28,287.742,1630.538,1712.75,-82.212,-0.050420168
OI000965,O00376,P062,1,1993.86,0.15,1780.23,1993.86,299.079,1694.781,1780.23,-85.449,-0.050418904
OI002619,O01036,P062,1,1993.86,0.15,1780.23,1993.86,299.079,1694.781,1780.23,-85.449,-0.050418904
OI000830,O00327,P009,1,4981.98,0.15,4324.06,4981.98,747.297,4234.683,4324.06,-89.377,-0.021105948
OI001580,O00627,P009,1,4981.98,0.15,4324.06,4981.98,747.297,4234.683,4324.06,-89.377,-0.021105948
OI005252,O02086,P009,1,4981.98,0.15,4324.06,4981.98,747.297,4234.683,4324.06,-89.377,-0.021105948
OI000514,O00201,P072,3,3098.66,0.3,2200.58,9295.98,2788.794,6507.186,6601.74,-94.554,-0.014530705
OI001151,O00450,P072,3,3098.66,0.3,2200.58,9295.98,2788.794,6507.186,6601.74,-94.554,-0.014530705
OI001524,O00602,P072,3,3098.66,0.3,2200.58,9295.98,2788.794,6507.186,6601.74,-94.554,-0.014530705
OI004563,O01832,P072,3,3098.66,0.3,2200.58,9295.98,2788.794,6507.186,6601.74,-94.554,-0.014530705
OI004675,O01875,P072,3,3098.66,0.3,2200.58,9295.98,2788.794,6507.186,6601.74,-94.554,-0.014530705
OI000550,O00215,P033,1,2579.49,0.15,2303.12,2579.49,386.9235,2192.5665,2303.12,-110.5535,-0.05042196
OI001921,O00758,P033,1,2579.49,0.15,2303.12,2579.49,386.9235,2192.5665,2303.12,-110.5535,-0.05042196
OI002659,O01050,P033,1,2579.49,0.15,2303.12,2579.49,386.9235,2192.5665,2303.12,-110.5535,-0.05042196
OI003556,O01415,P033,1,2579.49,0.15,2303.12,2579.49,386.9235,2192.5665,2303.12,-110.5535,-0.05042196
OI003685,O01471,P033,1,2579.49,0.15,2303.12,2579.49,386.9235,2192.5665,2303.12,-110.5535,-0.05042196
OI004900,O01957,P033,1,2579.49,0.15,2303.12,2579.49,386.9235,2192.5665,2303.12,-110.5535,-0.05042196
OI000777,O00304,P050,1,2647.44,0.15,2363.79,2647.44,397.116,2250.324,2363.79,-113.466,-0.050422073
OI001484,O00585,P050,1,2647.44,0.15,2363.79,2647.44,397.116,2250.324,2363.79,-113.466,-0.050422073
OI004159,O01663,P050,1,2647.44,0.15,2363.79,2647.44,397.116,2250.324,2363.79,-113.466,-0.050422073
OI004367,O01748,P050,1,2647.44,0.15,2363.79,2647.44,397.116,2250.324,2363.79,-113.466,-0.050422073
OI004179,O01668,P038,1,2828.73,0.15,2525.65,2828.73,424.3095,2404.4205,2525.65,-121.2295,-0.050419425
OI004673,O01874,P038,1,2828.73,0.15,2525.65,2828.73,424.3095,2404.4205,2525.65,-121.2295,-0.050419425
OI004972,O01980,P038,1,2828.73,0.15,2525.65,2828.73,424.3095,2404.4205,2525.65,-121.2295,-0.050419425
OI004161,O01663,P072,4,3098.66,0.3,2200.58,12394.64,3718.392,8676.248,8802.32,-126.072,-0.014530705
OI001267,O00495,P041,2,1494.52,0.15,1334.39,2989.04,448.356,2540.684,2668.78,-128.096,-0.050417919
OI001316,O00515,P041,2,1494.52,0.15,1334.39,2989.04,448.356,2540.684,2668.78,-128.096,-0.050417919
OI002046,O00807,P041,2,1494.52,0.15,1334.39,2989.04,448.356,2540.684,2668.78,-128.096,-0.050417919
OI003745,O01494,P041,2,1494.52,0.15,1334.39,2989.04,448.356,2540.684,2668.78,-128.096,-0.050417919
OI005340,O02124,P041,2,1494.52,0.15,1334.39,2989.04,448.356,2540.684,2668.78,-128.096,-0.050417919
OI000528,O00207,P019,1,3112.57,0.15,2779.08,3112.57,466.8855,2645.6845,2779.08,-133.3955,-0.050420033
OI002628,O01039,P019,1,3112.57,0.15,2779.08,3112.57,466.8855,2645.6845,2779.08,-133.3955,-0.050420033
OI005148,O02049,P019,1,3112.57,0.15,2779.08,3112.57,466.8855,2645.6845,2779.08,-133.3955,-0.050420033
OI002485,O00983,P037,1,3125.99,0.15,2791.06,3125.99,468.8985,2657.0915,2791.06,-133.9685,-0.050419227
OI002601,O01029,P037,1,3125.99,0.15,2791.06,3125.99,468.8985,2657.0915,2791.06,-133.9685,-0.050419227
OI003585,O01428,P037,1,3125.99,0.15,2791.06,3125.99,468.8985,2657.0915,2791.06,-133.9685,-0.050419227
OI000788,O00310,P041,1,1494.52,0.2,1334.39,1494.52,298.904,1195.616,1334.39,-138.774,-0.116069039
OI003984,O01594,P041,1,1494.52,0.2,1334.39,1494.52,298.904,1195.616,1334.39,-138.774,-0.116069039
OI005011,O01996,P041,1,1494.52,0.2,1334.39,1494.52,298.904,1195.616,1334.39,-138.774,-0.116069039
OI002677,O01058,P013,2,1662.63,0.15,1484.49,3325.26,498.789,2826.471,2968.98,-142.509,-0.05041941
OI003869,O01547,P013,2,1662.63,0.15,1484.49,3325.26,498.789,2826.471,2968.98,-142.509,-0.05041941
OI003608,O01437,P053,2,2116.53,0.3,1553.2,4233.06,1269.918,2963.142,3106.4,-143.258,-0.048346654
OI005498,O02189,P039,1,3602.12,0.15,3216.18,3602.12,540.318,3061.802,3216.18,-154.378,-0.050420635
OI000712,O00281,P013,1,1662.63,0.2,1484.49,1662.63,332.526,1330.104,1484.49,-154.386,-0.116070623
OI000768,O00300,P002,1,3793.81,0.15,3387.33,3793.81,569.0715,3224.7385,3387.33,-162.5915,-0.050420057
OI002518,O00998,P002,1,3793.81,0.15,3387.33,3793.81,569.0715,3224.7385,3387.33,-162.5915,-0.050420057
OI003811,O01520,P002,1,3793.81,0.15,3387.33,3793.81,569.0715,3224.7385,3387.33,-162.5915,-0.050420057
OI004094,O01639,P002,1,3793.81,0.15,3387.33,3793.81,569.0715,3224.7385,3387.33,-162.5915,-0.050420057
OI004264,O01701,P002,1,3793.81,0.15,3387.33,3793.81,569.0715,3224.7385,3387.33,-162.5915,-0.050420057
OI004634,O01858,P002,1,3793.81,0.15,3387.33,3793.81,569.0715,3224.7385,3387.33,-162.5915,-0.050420057
OI004176,O01668,P016,1,3833.17,0.15,3422.47,3833.17,574.9755,3258.1945,3422.47,-164.2755,-0.050419182
OI000141,O00057,P036,2,1918.28,0.15,1712.75,3836.56,575.484,3261.076,3425.5,-164.424,-0.050420168
OI003695,O01475,P036,2,1918.28,0.15,1712.75,3836.56,575.484,3261.076,3425.5,-164.424,-0.050420168
OI004769,O01909,P036,2,1918.28,0.15,1712.75,3836.56,575.484,3261.076,3425.5,-164.424,-0.050420168
OI005441,O02162,P036,2,1918.28,0.15,1712.75,3836.56,575.484,3261.076,3425.5,-164.424,-0.050420168
OI001983,O00782,P062,2,1993.86,0.15,1780.23,3987.72,598.158,3389.562,3560.46,-170.898,-0.050418904
OI003095,O01232,P062,2,1993.86,0.15,1780.23,3987.72,598.158,3389.562,3560.46,-170.898,-0.050418904
OI002069,O00816,P036,1,1918.28,0.2,1712.75,1918.28,383.656,1534.624,1712.75,-178.126,-0.116071429
OI002845,O01126,P009,2,4981.98,0.15,4324.06,9963.96,1494.594,8469.366,8648.12,-178.754,-0.021105948
OI003150,O01254,P009,2,4981.98,0.15,4324.06,9963.96,1494.594,8469.366,8648.12,-178.754,-0.021105948
OI005501,O02189,P009,2,4981.98,0.15,4324.06,9963.96,1494.594,8469.366,8648.12,-178.754,-0.021105948
OI004561,O01831,P048,1,4310.39,0.15,3848.56,4310.39,646.5585,3663.8315,3848.56,-184.7285,-0.050419486
OI004764,O01907,P048,1,4310.39,0.15,3848.56,4310.39,646.5585,3663.8315,3848.56,-184.7285,-0.050419486
OI002075,O00818,P062,1,1993.86,0.2,1780.23,1993.86,398.772,1595.088,1780.23,-185.142,-0.116070085
OI003010,O01195,P062,1,1993.86,0.2,1780.23,1993.86,398.772,1595.088,1780.23,-185.142,-0.116070085
OI003228,O01284,P062,1,1993.86,0.2,1780.23,1993.86,398.772,1595.088,1780.23,-185.142,-0.116070085
OI005126,O02040,P062,1,1993.86,0.2,1780.23,1993.86,398.772,1595.088,1780.23,-185.142,-0.116070085
OI003199,O01273,P041,3,1494.52,0.15,1334.39,4483.56,672.534,3811.026,4003.17,-192.144,-0.050417919
OI002018,O00794,P063,1,4500.08,0.15,4017.93,4500.08,675.012,3825.068,4017.93,-192.862,-0.050420542
OI003969,O01588,P063,1,4500.08,0.15,4017.93,4500.08,675.012,3825.068,4017.93,-192.862,-0.050420542
OI004649,O01863,P063,1,4500.08,0.15,4017.93,4500.08,675.012,3825.068,4017.93,-192.862,-0.050420542
OI003552,O01412,P058,1,4600.81,0.15,4107.87,4600.81,690.1215,3910.6885,4107.87,-197.1815,-0.050421173
OI003620,O01442,P058,1,4600.81,0.15,4107.87,4600.81,690.1215,3910.6885,4107.87,-197.1815,-0.050421173
OI000684,O00271,P064,1,4726.39,0.15,4219.99,4726.39,708.9585,4017.4315,4219.99,-202.5585,-0.050419901
OI002833,O01120,P064,1,4726.39,0.15,4219.99,4726.39,708.9585,4017.4315,4219.99,-202.5585,-0.050419901
OI005309,O02111,P064,1,4726.39,0.15,4219.99,4726.39,708.9585,4017.4315,4219.99,-202.5585,-0.050419901
OI005448,O02165,P064,1,4726.39,0.15,4219.99,4726.39,708.9585,4017.4315,4219.99,-202.5585,-0.050419901
OI001479,O00584,P044,1,4748.93,0.15,4240.12,4748.93,712.3395,4036.5905,4240.12,-203.5295,-0.050421141
OI000135,O00055,P035,1,4806.84,0.15,4291.82,4806.84,721.026,4085.814,4291.82,-206.006,-0.050419818
OI000999,O00390,P035,1,4806.84,0.15,4291.82,4806.84,721.026,4085.814,4291.82,-206.006,-0.050419818
OI002502,O00992,P035,1,4806.84,0.15,4291.82,4806.84,721.026,4085.814,4291.82,-206.006,-0.050419818
OI004890,O01954,P035,1,4806.84,0.15,4291.82,4806.84,721.026,4085.814,4291.82,-206.006,-0.050419818
OI001317,O00516,P059,1,4842.61,0.15,4323.76,4842.61,726.3915,4116.2185,4323.76,-207.5415,-0.050420428
OI001485,O00585,P059,1,4842.61,0.15,4323.76,4842.61,726.3915,4116.2185,4323.76,-207.5415,-0.050420428
OI004131,O01653,P059,1,4842.61,0.15,4323.76,4842.61,726.3915,4116.2185,4323.76,-207.5415,-0.050420428
OI004407,O01765,P059,1,4842.61,0.15,4323.76,4842.61,726.3915,4116.2185,4323.76,-207.5415,-0.050420428
OI005283,O02100,P059,1,4842.61,0.15,4323.76,4842.61,726.3915,4116.2185,4323.76,-207.5415,-0.050420428
OI000499,O00194,P031,1,4921.58,0.15,4394.27,4921.58,738.237,4183.343,4394.27,-210.927,-0.05042068
OI001684,O00669,P031,1,4921.58,0.15,4394.27,4921.58,738.237,4183.343,4394.27,-210.927,-0.05042068
OI004696,O01882,P031,1,4921.58,0.15,4394.27,4921.58,738.237,4183.343,4394.27,-210.927,-0.05042068
OI000223,O00089,P013,3,1662.63,0.15,1484.49,4987.89,748.1835,4239.7065,4453.47,-213.7635,-0.05041941
OI000803,O00317,P013,3,1662.63,0.15,1484.49,4987.89,748.1835,4239.7065,4453.47,-213.7635,-0.05041941
OI002036,O00802,P013,3,1662.63,0.15,1484.49,4987.89,748.1835,4239.7065,4453.47,-213.7635,-0.05041941
OI003286,O01307,P013,3,1662.63,0.15,1484.49,4987.89,748.1835,4239.7065,4453.47,-213.7635,-0.05041941
OI003448,O01371,P013,3,1662.63,0.15,1484.49,4987.89,748.1835,4239.7065,4453.47,-213.7635,-0.05041941
OI005406,O02149,P013,3,1662.63,0.15,1484.49,4987.89,748.1835,4239.7065,4453.47,-213.7635,-0.05041941
OI001572,O00624,P053,3,2116.53,0.3,1553.2,6349.59,1904.877,4444.713,4659.6,-214.887,-0.048346654
OI003890,O01555,P053,3,2116.53,0.3,1553.2,6349.59,1904.877,4444.713,4659.6,-214.887,-0.048346654
OI003112,O01239,P017,1,5112.9,0.15,4565.09,5112.9,766.935,4345.965,4565.09,-219.125,-0.050420332
OI004497,O01806,P017,1,5112.9,0.15,4565.09,5112.9,766.935,4345.965,4565.09,-219.125,-0.050420332
OI001871,O00738,P042,1,5125.64,0.15,4576.46,5125.64,768.846,4356.794,4576.46,-219.666,-0.050419184
OI005228,O02079,P042,1,5125.64,0.15,4576.46,5125.64,768.846,4356.794,4576.46,-219.666,-0.050419184
OI001111,O00434,P033,2,2579.49,0.15,2303.12,5158.98,773.847,4385.133,4606.24,-221.107,-0.05042196
OI002620,O01037,P033,2,2579.49,0.15,2303.12,5158.98,773.847,4385.133,4606.24,-221.107,-0.05042196
OI002650,O01048,P033,2,2579.49,0.15,2303.12,5158.98,773.847,4385.133,4606.24,-221.107,-0.05042196
OI002297,O00907,P034,1,5252.02,0.15,4689.3,5252.02,787.803,4464.217,4689.3,-225.083,-0.050419368
OI004610,O01849,P034,1,5252.02,0.15,4689.3,5252.02,787.803,4464.217,4689.3,-225.083,-0.050419368
OI000255,O00102,P050,2,2647.44,0.15,2363.79,5294.88,794.232,4500.648,4727.58,-226.932,-0.050422073
OI001356,O00529,P050,2,2647.44,0.15,2363.79,5294.88,794.232,4500.648,4727.58,-226.932,-0.050422073
OI001380,O00540,P050,2,2647.44,0.15,2363.79,5294.88,794.232,4500.648,4727.58,-226.932,-0.050422073
OI001459,O00575,P050,2,2647.44,0.15,2363.79,5294.88,794.232,4500.648,4727.58,-226.932,-0.050422073
OI002426,O00962,P050,2,2647.44,0.15,2363.79,5294.88,794.232,4500.648,4727.58,-226.932,-0.050422073
OI004129,O01653,P050,2,2647.44,0.15,2363.79,5294.88,794.232,4500.648,4727.58,-226.932,-0.050422073
OI004347,O01739,P050,2,2647.44,0.15,2363.79,5294.88,794.232,4500.648,4727.58,-226.932,-0.050422073
OI005505,O02191,P050,2,2647.44,0.15,2363.79,5294.88,794.232,4500.648,4727.58,-226.932,-0.050422073
OI000381,O00149,P021,1,5344.27,0.15,4771.67,5344.27,801.6405,4542.6295,4771.67,-229.0405,-0.050420247
OI002123,O00837,P021,1,5344.27,0.15,4771.67,5344.27,801.6405,4542.6295,4771.67,-229.0405,-0.050420247
OI004001,O01600,P026,1,5470.33,0.15,4884.22,5470.33,820.5495,4649.7805,4884.22,-234.4395,-0.050419477
OI004838,O01936,P026,1,5470.33,0.15,4884.22,5470.33,820.5495,4649.7805,4884.22,-234.4395,-0.050419477
OI002889,O01146,P045,1,5481.6,0.15,4894.29,5481.6,822.24,4659.36,4894.29,-234.93,-0.050421088
OI000136,O00055,P033,1,2579.49,0.2,2303.12,2579.49,515.898,2063.592,2303.12,-239.528,-0.116073332
OI002415,O00956,P033,1,2579.49,0.2,2303.12,2579.49,515.898,2063.592,2303.12,-239.528,-0.116073332
OI003191,O01271,P033,1,2579.49,0.2,2303.12,2579.49,515.898,2063.592,2303.12,-239.528,-0.116073332
OI000201,O00079,P069,1,5592.45,0.15,4993.26,5592.45,838.8675,4753.5825,4993.26,-239.6775,-0.050420393
OI000911,O00355,P069,1,5592.45,0.15,4993.26,5592.45,838.8675,4753.5825,4993.26,-239.6775,-0.050420393
OI001894,O00746,P069,1,5592.45,0.15,4993.26,5592.45,838.8675,4753.5825,4993.26,-239.6775,-0.050420393
OI003333,O01325,P069,1,5592.45,0.15,4993.26,5592.45,838.8675,4753.5825,4993.26,-239.6775,-0.050420393
OI003798,O01515,P069,1,5592.45,0.15,4993.26,5592.45,838.8675,4753.5825,4993.26,-239.6775,-0.050420393
OI000110,O00045,P038,2,2828.73,0.15,2525.65,5657.46,848.619,4808.841,5051.3,-242.459,-0.050419425
OI001081,O00420,P038,2,2828.73,0.15,2525.65,5657.46,848.619,4808.841,5051.3,-242.459,-0.050419425
OI000823,O00324,P050,1,2647.44,0.2,2363.79,2647.44,529.488,2117.952,2363.79,-245.838,-0.116073452
OI002142,O00846,P050,1,2647.44,0.2,2363.79,2647.44,529.488,2117.952,2363.79,-245.838,-0.116073452
OI003137,O01250,P050,1,2647.44,0.2,2363.79,2647.44,529.488,2117.952,2363.79,-245.838,-0.116073452
OI003493,O01388,P050,1,2647.44,0.2,2363.79,2647.44,529.488,2117.952,2363.79,-245.838,-0.116073452
OI001600,O00635,P036,3,1918.28,0.15,1712.75,5754.84,863.226,4891.614,5138.25,-246.636,-0.050420168
OI003515,O01396,P036,3,1918.28,0.15,1712.75,5754.84,863.226,4891.614,5138.25,-246.636,-0.050420168
OI000203,O00080,P041,4,1494.52,0.15,1334.39,5978.08,896.712,5081.368,5337.56,-256.192,-0.050417919
OI000320,O00128,P041,4,1494.52,0.15,1334.39,5978.08,896.712,5081.368,5337.56,-256.192,-0.050417919
OI001336,O00523,P041,4,1494.52,0.15,1334.39,5978.08,896.712,5081.368,5337.56,-256.192,-0.050417919
OI002602,O01029,P041,4,1494.52,0.15,1334.39,5978.08,896.712,5081.368,5337.56,-256.192,-0.050417919
OI003616,O01441,P041,4,1494.52,0.15,1334.39,5978.08,896.712,5081.368,5337.56,-256.192,-0.050417919
OI004193,O01675,P041,4,1494.52,0.15,1334.39,5978.08,896.712,5081.368,5337.56,-256.192,-0.050417919
OI004204,O01679,P041,4,1494.52,0.15,1334.39,5978.08,896.712,5081.368,5337.56,-256.192,-0.050417919
OI004524,O01819,P041,4,1494.52,0.15,1334.39,5978.08,896.712,5081.368,5337.56,-256.192,-0.050417919
OI001432,O00561,P062,3,1993.86,0.15,1780.23,5981.58,897.237,5084.343,5340.69,-256.347,-0.050418904
OI004043,O01616,P062,3,1993.86,0.15,1780.23,5981.58,897.237,5084.343,5340.69,-256.347,-0.050418904
OI002359,O00935,P055,1,3905.29,0.3,2991.91,3905.29,1171.587,2733.703,2991.91,-258.207,-0.094453201
OI004956,O01974,P055,1,3905.29,0.3,2991.91,3905.29,1171.587,2733.703,2991.91,-258.207,-0.094453201
OI001458,O00574,P019,2,3112.57,0.15,2779.08,6225.14,933.771,5291.369,5558.16,-266.791,-0.050420033
OI003703,O01477,P019,2,3112.57,0.15,2779.08,6225.14,933.771,5291.369,5558.16,-266.791,-0.050420033
OI004440,O01780,P019,2,3112.57,0.15,2779.08,6225.14,933.771,5291.369,5558.16,-266.791,-0.050420033
OI000031,O00015,P037,2,3125.99,0.15,2791.06,6251.98,937.797,5314.183,5582.12,-267.937,-0.050419227
OI000533,O00208,P037,2,3125.99,0.15,2791.06,6251.98,937.797,5314.183,5582.12,-267.937,-0.050419227
OI001071,O00417,P037,2,3125.99,0.15,2791.06,6251.98,937.797,5314.183,5582.12,-267.937,-0.050419227
OI002814,O01114,P037,2,3125.99,0.15,2791.06,6251.98,937.797,5314.183,5582.12,-267.937,-0.050419227
OI000374,O00147,P009,3,4981.98,0.15,4324.06,14945.94,2241.891,12704.049,12972.18,-268.131,-0.021105948
OI002714,O01072,P009,3,4981.98,0.15,4324.06,14945.94,2241.891,12704.049,12972.18,-268.131,-0.021105948
OI002995,O01188,P009,3,4981.98,0.15,4324.06,14945.94,2241.891,12704.049,12972.18,-268.131,-0.021105948
OI004835,O01935,P009,3,4981.98,0.15,4324.06,14945.94,2241.891,12704.049,12972.18,-268.131,-0.021105948
OI000312,O00124,P041,2,1494.52,0.2,1334.39,2989.04,597.808,2391.232,2668.78,-277.548,-0.116069039
OI002558,O01011,P041,2,1494.52,0.2,1334.39,2989.04,597.808,2391.232,2668.78,-277.548,-0.116069039
OI003023,O01199,P041,2,1494.52,0.2,1334.39,2989.04,597.808,2391.232,2668.78,-277.548,-0.116069039
OI004123,O01651,P041,2,1494.52,0.2,1334.39,2989.04,597.808,2391.232,2668.78,-277.548,-0.116069039
OI004753,O01904,P043,1,6217.67,0.3,4630.79,6217.67,1865.301,4352.369,4630.79,-278.421,-0.06396999
OI003607,O01436,P013,4,1662.63,0.15,1484.49,6650.52,997.578,5652.942,5937.96,-285.018,-0.05041941
OI004919,O01964,P013,4,1662.63,0.15,1484.49,6650.52,997.578,5652.942,5937.96,-285.018,-0.05041941
OI005322,O02116,P013,4,1662.63,0.15,1484.49,6650.52,997.578,5652.942,5937.96,-285.018,-0.05041941
OI002977,O01178,P053,4,2116.53,0.3,1553.2,8466.12,2539.836,5926.284,6212.8,-286.516,-0.048346654
OI004424,O01771,P053,4,2116.53,0.3,1553.2,8466.12,2539.836,5926.284,6212.8,-286.516,-0.048346654
OI002772,O01095,P041,1,1494.52,0.3,1334.39,1494.52,448.356,1046.164,1334.39,-288.226,-0.275507473
OI004593,O01843,P041,1,1494.52,0.3,1334.39,1494.52,448.356,1046.164,1334.39,-288.226,-0.275507473
OI004914,O01962,P041,1,1494.52,0.3,1334.39,1494.52,448.356,1046.164,1334.39,-288.226,-0.275507473
OI005496,O02187,P041,1,1494.52,0.3,1334.39,1494.52,448.356,1046.164,1334.39,-288.226,-0.275507473
OI004230,O01689,P019,1,3112.57,0.2,2779.08,3112.57,622.514,2490.056,2779.08,-289.024,-0.116071285
OI004553,O01829,P019,1,3112.57,0.2,2779.08,3112.57,622.514,2490.056,2779.08,-289.024,-0.116071285
OI004227,O01688,P037,1,3125.99,0.2,2791.06,3125.99,625.198,2500.792,2791.06,-290.268,-0.116070429
OI001373,O00536,P075,1,6578.23,0.3,4906.98,6578.23,1973.469,4604.761,4906.98,-302.219,-0.065631854
OI005241,O02082,P075,1,6578.23,0.3,4906.98,6578.23,1973.469,4604.761,4906.98,-302.219,-0.065631854
OI000714,O00281,P039,2,3602.12,0.15,3216.18,7204.24,1080.636,6123.604,6432.36,-308.756,-0.050420635
OI003260,O01297,P039,2,3602.12,0.15,3216.18,7204.24,1080.636,6123.604,6432.36,-308.756,-0.050420635
OI001901,O00750,P013,2,1662.63,0.2,1484.49,3325.26,665.052,2660.208,2968.98,-308.772,-0.116070623
OI004405,O01764,P013,2,1662.63,0.2,1484.49,3325.26,665.052,2660.208,2968.98,-308.772,-0.116070623
OI000598,O00234,P013,1,1662.63,0.3,1484.49,1662.63,498.789,1163.841,1484.49,-320.649,-0.275509283
OI002557,O01011,P013,1,1662.63,0.3,1484.49,1662.63,498.789,1163.841,1484.49,-320.649,-0.275509283
OI001192,O00468,P004,2,3768.92,0.15,3365.11,7537.84,1130.676,6407.164,6730.22,-323.056,-0.05042106
OI004460,O01793,P004,2,3768.92,0.15,3365.11,7537.84,1130.676,6407.164,6730.22,-323.056,-0.05042106
OI004977,O01982,P004,2,3768.92,0.15,3365.11,7537.84,1130.676,6407.164,6730.22,-323.056,-0.05042106
OI001847,O00729,P002,2,3793.81,0.15,3387.33,7587.62,1138.143,6449.477,6774.66,-325.183,-0.050420057
OI002120,O00836,P002,2,3793.81,0.15,3387.33,7587.62,1138.143,6449.477,6774.66,-325.183,-0.050420057
OI003090,O01229,P002,2,3793.81,0.15,3387.33,7587.62,1138.143,6449.477,6774.66,-325.183,-0.050420057
OI004564,O01832,P016,2,3833.17,0.15,3422.47,7666.34,1149.951,6516.389,6844.94,-328.551,-0.050419182
OI003480,O01384,P036,4,1918.28,0.15,1712.75,7673.12,1150.968,6522.152,6851,-328.848,-0.050420168
OI003707,O01479,P036,4,1918.28,0.15,1712.75,7673.12,1150.968,6522.152,6851,-328.848,-0.050420168
OI000134,O00054,P033,3,2579.49,0.15,2303.12,7738.47,1160.7705,6577.6995,6909.36,-331.6605,-0.05042196
OI001197,O00470,P033,3,2579.49,0.15,2303.12,7738.47,1160.7705,6577.6995,6909.36,-331.6605,-0.05042196
OI001907,O00752,P033,3,2579.49,0.15,2303.12,7738.47,1160.7705,6577.6995,6909.36,-331.6605,-0.05042196
OI000182,O00073,P039,1,3602.12,0.2,3216.18,3602.12,720.424,2881.696,3216.18,-334.484,-0.116071924
OI000453,O00177,P039,1,3602.12,0.2,3216.18,3602.12,720.424,2881.696,3216.18,-334.484,-0.116071924
OI003056,O01214,P039,1,3602.12,0.2,3216.18,3602.12,720.424,2881.696,3216.18,-334.484,-0.116071924
OI005366,O02134,P009,1,4981.98,0.2,4324.06,4981.98,996.396,3985.584,4324.06,-338.476,-0.08492507
OI000659,O00259,P050,3,2647.44,0.15,2363.79,7942.32,1191.348,6750.972,7091.37,-340.398,-0.050422073
OI001047,O00407,P050,3,2647.44,0.15,2363.79,7942.32,1191.348,6750.972,7091.37,-340.398,-0.050422073
OI002936,O01166,P050,3,2647.44,0.15,2363.79,7942.32,1191.348,6750.972,7091.37,-340.398,-0.050422073
OI005350,O02127,P050,3,2647.44,0.15,2363.79,7942.32,1191.348,6750.972,7091.37,-340.398,-0.050422073
OI002230,O00879,P062,4,1993.86,0.15,1780.23,7975.44,1196.316,6779.124,7120.92,-341.796,-0.050418904
OI000187,O00075,P004,1,3768.92,0.2,3365.11,3768.92,753.784,3015.136,3365.11,-349.974,-0.116072376
OI000987,O00383,P004,1,3768.92,0.2,3365.11,3768.92,753.784,3015.136,3365.11,-349.974,-0.116072376
OI001734,O00686,P004,1,3768.92,0.2,3365.11,3768.92,753.784,3015.136,3365.11,-349.974,-0.116072376
OI004855,O01943,P004,1,3768.92,0.2,3365.11,3768.92,753.784,3015.136,3365.11,-349.974,-0.116072376
OI001368,O00533,P002,1,3793.81,0.2,3387.33,3793.81,758.762,3035.048,3387.33,-352.282,-0.116071311
OI002342,O00928,P002,1,3793.81,0.2,3387.33,3793.81,758.762,3035.048,3387.33,-352.282,-0.116071311
OI002632,O01040,P002,1,3793.81,0.2,3387.33,3793.81,758.762,3035.048,3387.33,-352.282,-0.116071311
OI003177,O01267,P002,1,3793.81,0.2,3387.33,3793.81,758.762,3035.048,3387.33,-352.282,-0.116071311
OI001660,O00659,P016,1,3833.17,0.2,3422.47,3833.17,766.634,3066.536,3422.47,-355.934,-0.11607038
OI003007,O01193,P016,1,3833.17,0.2,3422.47,3833.17,766.634,3066.536,3422.47,-355.934,-0.11607038
OI004059,O01624,P016,1,3833.17,0.2,3422.47,3833.17,766.634,3066.536,3422.47,-355.934,-0.11607038
OI004216,O01683,P016,1,3833.17,0.2,3422.47,3833.17,766.634,3066.536,3422.47,-355.934,-0.11607038
OI000867,O00341,P036,2,1918.28,0.2,1712.75,3836.56,767.312,3069.248,3425.5,-356.252,-0.116071429
OI002635,O01042,P036,2,1918.28,0.2,1712.75,3836.56,767.312,3069.248,3425.5,-356.252,-0.116071429
OI003957,O01583,P036,2,1918.28,0.2,1712.75,3836.56,767.312,3069.248,3425.5,-356.252,-0.116071429
OI004276,O01705,P036,2,1918.28,0.2,1712.75,3836.56,767.312,3069.248,3425.5,-356.252,-0.116071429
OI004306,O01719,P036,2,1918.28,0.2,1712.75,3836.56,767.312,3069.248,3425.5,-356.252,-0.116071429
OI000059,O00024,P009,4,4981.98,0.15,4324.06,19927.92,2989.188,16938.732,17296.24,-357.508,-0.021105948
OI004494,O01805,P009,4,4981.98,0.15,4324.06,19927.92,2989.188,16938.732,17296.24,-357.508,-0.021105948
OI000311,O00124,P038,3,2828.73,0.15,2525.65,8486.19,1272.9285,7213.2615,7576.95,-363.6885,-0.050419425
OI003075,O01221,P038,3,2828.73,0.15,2525.65,8486.19,1272.9285,7213.2615,7576.95,-363.6885,-0.050419425
OI003801,O01516,P038,3,2828.73,0.15,2525.65,8486.19,1272.9285,7213.2615,7576.95,-363.6885,-0.050419425
OI003972,O01589,P038,3,2828.73,0.15,2525.65,8486.19,1272.9285,7213.2615,7576.95,-363.6885,-0.050419425
OI005414,O02151,P038,3,2828.73,0.15,2525.65,8486.19,1272.9285,7213.2615,7576.95,-363.6885,-0.050419425
OI000502,O00196,P048,2,4310.39,0.15,3848.56,8620.78,1293.117,7327.663,7697.12,-369.457,-0.050419486
OI005488,O02184,P048,2,4310.39,0.15,3848.56,8620.78,1293.117,7327.663,7697.12,-369.457,-0.050419486
OI004686,O01879,P036,1,1918.28,0.3,1712.75,1918.28,575.484,1342.796,1712.75,-369.954,-0.275510204
OI004986,O01985,P036,1,1918.28,0.3,1712.75,1918.28,575.484,1342.796,1712.75,-369.954,-0.275510204
OI005495,O02187,P036,1,1918.28,0.3,1712.75,1918.28,575.484,1342.796,1712.75,-369.954,-0.275510204
OI003549,O01410,P062,2,1993.86,0.2,1780.23,3987.72,797.544,3190.176,3560.46,-370.284,-0.116070085
OI004170,O01666,P062,2,1993.86,0.2,1780.23,3987.72,797.544,3190.176,3560.46,-370.284,-0.116070085
OI002866,O01135,P062,1,1993.86,0.3,1780.23,1993.86,598.158,1395.702,1780.23,-384.528,-0.275508669
OI003229,O01285,P062,1,1993.86,0.3,1780.23,1993.86,598.158,1395.702,1780.23,-384.528,-0.275508669
OI004640,O01860,P062,1,1993.86,0.3,1780.23,1993.86,598.158,1395.702,1780.23,-384.528,-0.275508669
OI005075,O02019,P062,1,1993.86,0.3,1780.23,1993.86,598.158,1395.702,1780.23,-384.528,-0.275508669
OI005412,O02151,P062,1,1993.86,0.3,1780.23,1993.86,598.158,1395.702,1780.23,-384.528,-0.275508669
OI002325,O00921,P063,2,4500.08,0.15,4017.93,9000.16,1350.024,7650.136,8035.86,-385.724,-0.050420542
OI003185,O01270,P063,2,4500.08,0.15,4017.93,9000.16,1350.024,7650.136,8035.86,-385.724,-0.050420542
OI003383,O01344,P063,2,4500.08,0.15,4017.93,9000.16,1350.024,7650.136,8035.86,-385.724,-0.050420542
OI003470,O01381,P063,2,4500.08,0.15,4017.93,9000.16,1350.024,7650.136,8035.86,-385.724,-0.050420542
OI003642,O01453,P063,2,4500.08,0.15,4017.93,9000.16,1350.024,7650.136,8035.86,-385.724,-0.050420542
OI001304,O00509,P058,2,4600.81,0.15,4107.87,9201.62,1380.243,7821.377,8215.74,-394.363,-0.050421173
OI002617,O01035,P058,2,4600.81,0.15,4107.87,9201.62,1380.243,7821.377,8215.74,-394.363,-0.050421173
OI003352,O01333,P058,2,4600.81,0.15,4107.87,9201.62,1380.243,7821.377,8215.74,-394.363,-0.050421173
OI003376,O01342,P019,3,3112.57,0.15,2779.08,9337.71,1400.6565,7937.0535,8337.24,-400.1865,-0.050420033
OI002176,O00858,P048,1,4310.39,0.2,3848.56,4310.39,862.078,3448.312,3848.56,-400.248,-0.116070704
OI002569,O01016,P048,1,4310.39,0.2,3848.56,4310.39,862.078,3448.312,3848.56,-400.248,-0.116070704
OI003146,O01253,P048,1,4310.39,0.2,3848.56,4310.39,862.078,3448.312,3848.56,-400.248,-0.116070704
OI004476,O01797,P048,1,4310.39,0.2,3848.56,4310.39,862.078,3448.312,3848.56,-400.248,-0.116070704
OI004582,O01839,P048,1,4310.39,0.2,3848.56,4310.39,862.078,3448.312,3848.56,-400.248,-0.116070704
OI003073,O01219,P037,3,3125.99,0.15,2791.06,9377.97,1406.6955,7971.2745,8373.18,-401.9055,-0.050419227
OI002695,O01064,P064,2,4726.39,0.15,4219.99,9452.78,1417.917,8034.863,8439.98,-405.117,-0.050419901
OI002264,O00893,P044,2,4748.93,0.15,4240.12,9497.86,1424.679,8073.181,8480.24,-407.059,-0.050421141
OI004375,O01752,P044,2,4748.93,0.15,4240.12,9497.86,1424.679,8073.181,8480.24,-407.059,-0.050421141
OI001168,O00458,P035,2,4806.84,0.15,4291.82,9613.68,1442.052,8171.628,8583.64,-412.012,-0.050419818
OI001912,O00755,P035,2,4806.84,0.15,4291.82,9613.68,1442.052,8171.628,8583.64,-412.012,-0.050419818
OI000644,O00252,P059,2,4842.61,0.15,4323.76,9685.22,1452.783,8232.437,8647.52,-415.083,-0.050420428
OI001124,O00439,P041,3,1494.52,0.2,1334.39,4483.56,896.712,3586.848,4003.17,-416.322,-0.116069039
OI002494,O00987,P041,3,1494.52,0.2,1334.39,4483.56,896.712,3586.848,4003.17,-416.322,-0.116069039
OI003089,O01228,P041,3,1494.52,0.2,1334.39,4483.56,896.712,3586.848,4003.17,-416.322,-0.116069039
OI000414,O00161,P063,1,4500.08,0.2,4017.93,4500.08,900.016,3600.064,4017.93,-417.866,-0.116071825
OI001096,O00427,P063,1,4500.08,0.2,4017.93,4500.08,900.016,3600.064,4017.93,-417.866,-0.116071825
OI001536,O00608,P063,1,4500.08,0.2,4017.93,4500.08,900.016,3600.064,4017.93,-417.866,-0.116071825
OI002599,O01028,P031,2,4921.58,0.15,4394.27,9843.16,1476.474,8366.686,8788.54,-421.854,-0.05042068
OI003162,O01259,P031,2,4921.58,0.15,4394.27,9843.16,1476.474,8366.686,8788.54,-421.854,-0.05042068
OI004680,O01877,P031,2,4921.58,0.15,4394.27,9843.16,1476.474,8366.686,8788.54,-421.854,-0.05042068
OI005503,O02190,P031,2,4921.58,0.15,4394.27,9843.16,1476.474,8366.686,8788.54,-421.854,-0.05042068
OI000036,O00016,P058,1,4600.81,0.2,4107.87,4600.81,920.162,3680.648,4107.87,-427.222,-0.116072496
OI001198,O00470,P058,1,4600.81,0.2,4107.87,4600.81,920.162,3680.648,4107.87,-427.222,-0.116072496
OI001717,O00680,P058,1,4600.81,0.2,4107.87,4600.81,920.162,3680.648,4107.87,-427.222,-0.116072496
OI002407,O00953,P058,1,4600.81,0.2,4107.87,4600.81,920.162,3680.648,4107.87,-427.222,-0.116072496
OI002731,O01079,P058,1,4600.81,0.2,4107.87,4600.81,920.162,3680.648,4107.87,-427.222,-0.116072496
OI005355,O02130,P058,1,4600.81,0.2,4107.87,4600.81,920.162,3680.648,4107.87,-427.222,-0.116072496
OI001655,O00656,P017,2,5112.9,0.15,4565.09,10225.8,1533.87,8691.93,9130.18,-438.25,-0.050420332
OI002161,O00853,P017,2,5112.9,0.15,4565.09,10225.8,1533.87,8691.93,9130.18,-438.25,-0.050420332
OI003759,O01499,P017,2,5112.9,0.15,4565.09,10225.8,1533.87,8691.93,9130.18,-438.25,-0.050420332
OI000774,O00303,P064,1,4726.39,0.2,4219.99,4726.39,945.278,3781.112,4219.99,-438.878,-0.116071145
OI001126,O00440,P064,1,4726.39,0.2,4219.99,4726.39,945.278,3781.112,4219.99,-438.878,-0.116071145
OI002007,O00791,P064,1,4726.39,0.2,4219.99,4726.39,945.278,3781.112,4219.99,-438.878,-0.116071145
OI003356,O01334,P064,1,4726.39,0.2,4219.99,4726.39,945.278,3781.112,4219.99,-438.878,-0.116071145
OI001532,O00606,P042,2,5125.64,0.15,4576.46,10251.28,1537.692,8713.588,9152.92,-439.332,-0.050419184
OI002433,O00966,P042,2,5125.64,0.15,4576.46,10251.28,1537.692,8713.588,9152.92,-439.332,-0.050419184
OI003854,O01542,P042,2,5125.64,0.15,4576.46,10251.28,1537.692,8713.588,9152.92,-439.332,-0.050419184
OI005141,O02046,P042,2,5125.64,0.15,4576.46,10251.28,1537.692,8713.588,9152.92,-439.332,-0.050419184
OI001306,O00509,P044,1,4748.93,0.2,4240.12,4748.93,949.786,3799.144,4240.12,-440.976,-0.116072463
OI001589,O00631,P044,1,4748.93,0.2,4240.12,4748.93,949.786,3799.144,4240.12,-440.976,-0.116072463
OI001732,O00686,P044,1,4748.93,0.2,4240.12,4748.93,949.786,3799.144,4240.12,-440.976,-0.116072463
OI002103,O00831,P044,1,4748.93,0.2,4240.12,4748.93,949.786,3799.144,4240.12,-440.976,-0.116072463
OI002531,O01002,P044,1,4748.93,0.2,4240.12,4748.93,949.786,3799.144,4240.12,-440.976,-0.116072463
OI005299,O02106,P044,1,4748.93,0.2,4240.12,4748.93,949.786,3799.144,4240.12,-440.976,-0.116072463
OI003107,O01237,P033,4,2579.49,0.15,2303.12,10317.96,1547.694,8770.266,9212.48,-442.214,-0.05042196
OI003582,O01425,P033,4,2579.49,0.15,2303.12,10317.96,1547.694,8770.266,9212.48,-442.214,-0.05042196
OI004562,O01832,P033,4,2579.49,0.15,2303.12,10317.96,1547.694,8770.266,9212.48,-442.214,-0.05042196
OI000958,O00374,P035,1,4806.84,0.2,4291.82,4806.84,961.368,3845.472,4291.82,-446.348,-0.116071057
OI004967,O01979,P035,1,4806.84,0.2,4291.82,4806.84,961.368,3845.472,4291.82,-446.348,-0.116071057
OI000906,O00354,P059,1,4842.61,0.2,4323.76,4842.61,968.522,3874.088,4323.76,-449.672,-0.116071705
OI004211,O01682,P059,1,4842.61,0.2,4323.76,4842.61,968.522,3874.088,4323.76,-449.672,-0.116071705
OI000387,O00151,P034,2,5252.02,0.15,4689.3,10504.04,1575.606,8928.434,9378.6,-450.166,-0.050419368
OI000526,O00206,P034,2,5252.02,0.15,4689.3,10504.04,1575.606,8928.434,9378.6,-450.166,-0.050419368
OI003509,O01393,P050,4,2647.44,0.15,2363.79,10589.76,1588.464,9001.296,9455.16,-453.864,-0.050422073
OI004150,O01660,P050,4,2647.44,0.15,2363.79,10589.76,1588.464,9001.296,9455.16,-453.864,-0.050422073
OI004872,O01948,P050,4,2647.44,0.15,2363.79,10589.76,1588.464,9001.296,9455.16,-453.864,-0.050422073
OI005342,O02124,P050,4,2647.44,0.15,2363.79,10589.76,1588.464,9001.296,9455.16,-453.864,-0.050422073
OI004282,O01707,P031,1,4921.58,0.2,4394.27,4921.58,984.316,3937.264,4394.27,-457.006,-0.116071973
OI004785,O01915,P031,1,4921.58,0.2,4394.27,4921.58,984.316,3937.264,4394.27,-457.006,-0.116071973
OI002921,O01159,P021,2,5344.27,0.15,4771.67,10688.54,1603.281,9085.259,9543.34,-458.081,-0.050420247
OI003987,O01595,P021,2,5344.27,0.15,4771.67,10688.54,1603.281,9085.259,9543.34,-458.081,-0.050420247
OI004128,O01653,P021,2,5344.27,0.15,4771.67,10688.54,1603.281,9085.259,9543.34,-458.081,-0.050420247
OI000416,O00162,P039,3,3602.12,0.15,3216.18,10806.36,1620.954,9185.406,9648.54,-463.134,-0.050420635
OI004339,O01736,P039,3,3602.12,0.15,3216.18,10806.36,1620.954,9185.406,9648.54,-463.134,-0.050420635
OI000009,O00005,P013,3,1662.63,0.2,1484.49,4987.89,997.578,3990.312,4453.47,-463.158,-0.116070623
OI000434,O00169,P013,3,1662.63,0.2,1484.49,4987.89,997.578,3990.312,4453.47,-463.158,-0.116070623
OI003514,O01395,P013,3,1662.63,0.2,1484.49,4987.89,997.578,3990.312,4453.47,-463.158,-0.116070623
OI001074,O00418,P026,2,5470.33,0.15,4884.22,10940.66,1641.099,9299.561,9768.44,-468.879,-0.050419477
OI002585,O01022,P026,2,5470.33,0.15,4884.22,10940.66,1641.099,9299.561,9768.44,-468.879,-0.050419477
OI003748,O01495,P026,2,5470.33,0.15,4884.22,10940.66,1641.099,9299.561,9768.44,-468.879,-0.050419477
OI003895,O01558,P045,2,5481.6,0.15,4894.29,10963.2,1644.48,9318.72,9788.58,-469.86,-0.050421088
OI003924,O01572,P045,2,5481.6,0.15,4894.29,10963.2,1644.48,9318.72,9788.58,-469.86,-0.050421088
OI005101,O02031,P045,2,5481.6,0.15,4894.29,10963.2,1644.48,9318.72,9788.58,-469.86,-0.050421088
OI003936,O01576,P017,1,5112.9,0.2,4565.09,5112.9,1022.58,4090.32,4565.09,-474.77,-0.116071603
OI004661,O01867,P017,1,5112.9,0.2,4565.09,5112.9,1022.58,4090.32,4565.09,-474.77,-0.116071603
OI000184,O00074,P042,1,5125.64,0.2,4576.46,5125.64,1025.128,4100.512,4576.46,-475.948,-0.116070383
OI002611,O01033,P042,1,5125.64,0.2,4576.46,5125.64,1025.128,4100.512,4576.46,-475.948,-0.116070383
OI003042,O01210,P042,1,5125.64,0.2,4576.46,5125.64,1025.128,4100.512,4576.46,-475.948,-0.116070383
OI004045,O01617,P042,1,5125.64,0.2,4576.46,5125.64,1025.128,4100.512,4576.46,-475.948,-0.116070383
OI002586,O01023,P033,2,2579.49,0.2,2303.12,5158.98,1031.796,4127.184,4606.24,-479.056,-0.116073332
OI005388,O02141,P033,2,2579.49,0.2,2303.12,5158.98,1031.796,4127.184,4606.24,-479.056,-0.116073332
OI002005,O00790,P069,2,5592.45,0.15,4993.26,11184.9,1677.735,9507.165,9986.52,-479.355,-0.050420393
OI002877,O01140,P069,2,5592.45,0.15,4993.26,11184.9,1677.735,9507.165,9986.52,-479.355,-0.050420393
OI004567,O01833,P069,2,5592.45,0.15,4993.26,11184.9,1677.735,9507.165,9986.52,-479.355,-0.050420393
OI000027,O00014,P078,1,5006.54,0.3,3985.08,5006.54,1501.962,3504.578,3985.08,-480.502,-0.13710695
OI001210,O00475,P078,1,5006.54,0.3,3985.08,5006.54,1501.962,3504.578,3985.08,-480.502,-0.13710695
OI002238,O00882,P078,1,5006.54,0.3,3985.08,5006.54,1501.962,3504.578,3985.08,-480.502,-0.13710695
OI002339,O00928,P078,1,5006.54,0.3,3985.08,5006.54,1501.962,3504.578,3985.08,-480.502,-0.13710695
OI004544,O01825,P078,1,5006.54,0.3,3985.08,5006.54,1501.962,3504.578,3985.08,-480.502,-0.13710695
OI005377,O02137,P078,1,5006.54,0.3,3985.08,5006.54,1501.962,3504.578,3985.08,-480.502,-0.13710695
OI000842,O00332,P004,3,3768.92,0.15,3365.11,11306.76,1696.014,9610.746,10095.33,-484.584,-0.05042106
OI002693,O01063,P004,3,3768.92,0.15,3365.11,11306.76,1696.014,9610.746,10095.33,-484.584,-0.05042106
OI003670,O01464,P004,3,3768.92,0.15,3365.11,11306.76,1696.014,9610.746,10095.33,-484.584,-0.05042106
OI001927,O00761,P034,1,5252.02,0.2,4689.3,5252.02,1050.404,4201.616,4689.3,-487.684,-0.116070579
OI004871,O01948,P034,1,5252.02,0.2,4689.3,5252.02,1050.404,4201.616,4689.3,-487.684,-0.116070579
OI005494,O02186,P034,1,5252.02,0.2,4689.3,5252.02,1050.404,4201.616,4689.3,-487.684,-0.116070579
OI000975,O00379,P002,3,3793.81,0.15,3387.33,11381.43,1707.2145,9674.2155,10161.99,-487.7745,-0.050420057
OI001052,O00410,P002,3,3793.81,0.15,3387.33,11381.43,1707.2145,9674.2155,10161.99,-487.7745,-0.050420057
OI004074,O01630,P002,3,3793.81,0.15,3387.33,11381.43,1707.2145,9674.2155,10161.99,-487.7745,-0.050420057
OI003567,O01418,P050,2,2647.44,0.2,2363.79,5294.88,1058.976,4235.904,4727.58,-491.676,-0.116073452
OI005387,O02140,P050,2,2647.44,0.2,2363.79,5294.88,1058.976,4235.904,4727.58,-491.676,-0.116073452
OI000489,O00190,P016,3,3833.17,0.15,3422.47,11499.51,1724.9265,9774.5835,10267.41,-492.8265,-0.050419182
OI002753,O01088,P016,3,3833.17,0.15,3422.47,11499.51,1724.9265,9774.5835,10267.41,-492.8265,-0.050419182
OI003274,O01303,P016,3,3833.17,0.15,3422.47,11499.51,1724.9265,9774.5835,10267.41,-492.8265,-0.050419182
OI004849,O01940,P016,3,3833.17,0.15,3422.47,11499.51,1724.9265,9774.5835,10267.41,-492.8265,-0.050419182
OI001004,O00392,P021,1,5344.27,0.2,4771.67,5344.27,1068.854,4275.416,4771.67,-496.254,-0.116071512
OI002487,O00984,P021,1,5344.27,0.2,4771.67,5344.27,1068.854,4275.416,4771.67,-496.254,-0.116071512
OI002334,O00926,P033,1,2579.49,0.3,2303.12,2579.49,773.847,1805.643,2303.12,-497.477,-0.27551238
OI002696,O01065,P033,1,2579.49,0.3,2303.12,2579.49,773.847,1805.643,2303.12,-497.477,-0.27551238
OI004034,O01614,P033,1,2579.49,0.3,2303.12,2579.49,773.847,1805.643,2303.12,-497.477,-0.27551238
OI000326,O00131,P026,1,5470.33,0.2,4884.22,5470.33,1094.066,4376.264,4884.22,-507.956,-0.116070694
OI000886,O00348,P026,1,5470.33,0.2,4884.22,5470.33,1094.066,4376.264,4884.22,-507.956,-0.116070694
OI001172,O00459,P026,1,5470.33,0.2,4884.22,5470.33,1094.066,4376.264,4884.22,-507.956,-0.116070694
OI001263,O00494,P045,1,5481.6,0.2,4894.29,5481.6,1096.32,4385.28,4894.29,-509.01,-0.116072406
OI001472,O00580,P045,1,5481.6,0.2,4894.29,5481.6,1096.32,4385.28,4894.29,-509.01,-0.116072406
OI002076,O00819,P045,1,5481.6,0.2,4894.29,5481.6,1096.32,4385.28,4894.29,-509.01,-0.116072406
OI002429,O00964,P045,1,5481.6,0.2,4894.29,5481.6,1096.32,4385.28,4894.29,-509.01,-0.116072406
OI003085,O01226,P045,1,5481.6,0.2,4894.29,5481.6,1096.32,4385.28,4894.29,-509.01,-0.116072406
OI004107,O01645,P045,1,5481.6,0.2,4894.29,5481.6,1096.32,4385.28,4894.29,-509.01,-0.116072406
OI000539,O00211,P050,1,2647.44,0.3,2363.79,2647.44,794.232,1853.208,2363.79,-510.582,-0.275512517
OI004832,O01934,P050,1,2647.44,0.3,2363.79,2647.44,794.232,1853.208,2363.79,-510.582,-0.275512517
OI005124,O02038,P050,1,2647.44,0.3,2363.79,2647.44,794.232,1853.208,2363.79,-510.582,-0.275512517
OI005139,O02045,P050,1,2647.44,0.3,2363.79,2647.44,794.232,1853.208,2363.79,-510.582,-0.275512517
OI001365,O00532,P055,2,3905.29,0.3,2991.91,7810.58,2343.174,5467.406,5983.82,-516.414,-0.094453201
OI001505,O00595,P055,2,3905.29,0.3,2991.91,7810.58,2343.174,5467.406,5983.82,-516.414,-0.094453201
OI001835,O00725,P055,2,3905.29,0.3,2991.91,7810.58,2343.174,5467.406,5983.82,-516.414,-0.094453201
OI002071,O00817,P055,2,3905.29,0.3,2991.91,7810.58,2343.174,5467.406,5983.82,-516.414,-0.094453201
OI002636,O01043,P055,2,3905.29,0.3,2991.91,7810.58,2343.174,5467.406,5983.82,-516.414,-0.094453201
OI003380,O01343,P055,2,3905.29,0.3,2991.91,7810.58,2343.174,5467.406,5983.82,-516.414,-0.094453201
OI003455,O01375,P055,2,3905.29,0.3,2991.91,7810.58,2343.174,5467.406,5983.82,-516.414,-0.094453201
OI005008,O01995,P055,2,3905.29,0.3,2991.91,7810.58,2343.174,5467.406,5983.82,-516.414,-0.094453201
OI002035,O00802,P069,1,5592.45,0.2,4993.26,5592.45,1118.49,4473.96,4993.26,-519.3,-0.116071668
OI002362,O00937,P069,1,5592.45,0.2,4993.26,5592.45,1118.49,4473.96,4993.26,-519.3,-0.116071668
OI000194,O00077,P038,2,2828.73,0.2,2525.65,5657.46,1131.492,4525.968,5051.3,-525.332,-0.116070639
OI002829,O01119,P038,2,2828.73,0.2,2525.65,5657.46,1131.492,4525.968,5051.3,-525.332,-0.116070639
OI002909,O01156,P038,2,2828.73,0.2,2525.65,5657.46,1131.492,4525.968,5051.3,-525.332,-0.116070639
OI004783,O01914,P038,2,2828.73,0.2,2525.65,5657.46,1131.492,4525.968,5051.3,-525.332,-0.116070639
OI003049,O01212,P019,4,3112.57,0.15,2779.08,12450.28,1867.542,10582.738,11116.32,-533.582,-0.050420033
OI004342,O01738,P019,4,3112.57,0.15,2779.08,12450.28,1867.542,10582.738,11116.32,-533.582,-0.050420033
OI000354,O00141,P036,3,1918.28,0.2,1712.75,5754.84,1150.968,4603.872,5138.25,-534.378,-0.116071429
OI000456,O00178,P036,3,1918.28,0.2,1712.75,5754.84,1150.968,4603.872,5138.25,-534.378,-0.116071429
OI002274,O00897,P036,3,1918.28,0.2,1712.75,5754.84,1150.968,4603.872,5138.25,-534.378,-0.116071429
OI003807,O01518,P036,3,1918.28,0.2,1712.75,5754.84,1150.968,4603.872,5138.25,-534.378,-0.116071429
OI004597,O01844,P036,3,1918.28,0.2,1712.75,5754.84,1150.968,4603.872,5138.25,-534.378,-0.116071429
OI005196,O02065,P036,3,1918.28,0.2,1712.75,5754.84,1150.968,4603.872,5138.25,-534.378,-0.116071429
OI000708,O00279,P037,4,3125.99,0.15,2791.06,12503.96,1875.594,10628.366,11164.24,-535.874,-0.050419227
OI000728,O00287,P037,4,3125.99,0.15,2791.06,12503.96,1875.594,10628.366,11164.24,-535.874,-0.050419227
OI001381,O00541,P037,4,3125.99,0.15,2791.06,12503.96,1875.594,10628.366,11164.24,-535.874,-0.050419227
OI005222,O02077,P037,4,3125.99,0.15,2791.06,12503.96,1875.594,10628.366,11164.24,-535.874,-0.050419227
OI001416,O00556,P080,1,5576.76,0.3,4441.52,5576.76,1673.028,3903.732,4441.52,-537.788,-0.137762531
OI002887,O01146,P080,1,5576.76,0.3,4441.52,5576.76,1673.028,3903.732,4441.52,-537.788,-0.137762531
OI000622,O00244,P038,1,2828.73,0.3,2525.65,2828.73,848.619,1980.111,2525.65,-545.539,-0.275509302
OI002128,O00840,P048,3,4310.39,0.15,3848.56,12931.17,1939.6755,10991.4945,11545.68,-554.1855,-0.050419486
OI002481,O00982,P048,3,4310.39,0.15,3848.56,12931.17,1939.6755,10991.4945,11545.68,-554.1855,-0.050419486
OI003606,O01436,P048,3,4310.39,0.15,3848.56,12931.17,1939.6755,10991.4945,11545.68,-554.1855,-0.050419486
OI001000,O00390,P041,4,1494.52,0.2,1334.39,5978.08,1195.616,4782.464,5337.56,-555.096,-0.116069039
OI002524,O01000,P041,4,1494.52,0.2,1334.39,5978.08,1195.616,4782.464,5337.56,-555.096,-0.116069039
OI001347,O00526,P062,3,1993.86,0.2,1780.23,5981.58,1196.316,4785.264,5340.69,-555.426,-0.116070085
OI003242,O01289,P062,3,1993.86,0.2,1780.23,5981.58,1196.316,4785.264,5340.69,-555.426,-0.116070085
OI002496,O00988,P043,2,6217.67,0.3,4630.79,12435.34,3730.602,8704.738,9261.58,-556.842,-0.06396999
OI002562,O01013,P043,2,6217.67,0.3,4630.79,12435.34,3730.602,8704.738,9261.58,-556.842,-0.06396999
OI003247,O01291,P043,2,6217.67,0.3,4630.79,12435.34,3730.602,8704.738,9261.58,-556.842,-0.06396999
OI004841,O01937,P043,2,6217.67,0.3,4630.79,12435.34,3730.602,8704.738,9261.58,-556.842,-0.06396999
OI000024,O00012,P041,2,1494.52,0.3,1334.39,2989.04,896.712,2092.328,2668.78,-576.452,-0.275507473
OI000042,O00018,P041,2,1494.52,0.3,1334.39,2989.04,896.712,2092.328,2668.78,-576.452,-0.275507473
OI001958,O00773,P041,2,1494.52,0.3,1334.39,2989.04,896.712,2092.328,2668.78,-576.452,-0.275507473
OI003130,O01246,P041,2,1494.52,0.3,1334.39,2989.04,896.712,2092.328,2668.78,-576.452,-0.275507473
OI003241,O01288,P041,2,1494.52,0.3,1334.39,2989.04,896.712,2092.328,2668.78,-576.452,-0.275507473
OI003429,O01363,P041,2,1494.52,0.3,1334.39,2989.04,896.712,2092.328,2668.78,-576.452,-0.275507473
OI001187,O00466,P019,2,3112.57,0.2,2779.08,6225.14,1245.028,4980.112,5558.16,-578.048,-0.116071285
OI001196,O00470,P019,2,3112.57,0.2,2779.08,6225.14,1245.028,4980.112,5558.16,-578.048,-0.116071285
OI002917,O01158,P019,2,3112.57,0.2,2779.08,6225.14,1245.028,4980.112,5558.16,-578.048,-0.116071285
OI004308,O01720,P019,2,3112.57,0.2,2779.08,6225.14,1245.028,4980.112,5558.16,-578.048,-0.116071285
OI001897,O00747,P063,3,4500.08,0.15,4017.93,13500.24,2025.036,11475.204,12053.79,-578.586,-0.050420542
OI004051,O01619,P063,3,4500.08,0.15,4017.93,13500.24,2025.036,11475.204,12053.79,-578.586,-0.050420542
OI004780,O01913,P063,3,4500.08,0.15,4017.93,13500.24,2025.036,11475.204,12053.79,-578.586,-0.050420542
OI005297,O02105,P063,3,4500.08,0.15,4017.93,13500.24,2025.036,11475.204,12053.79,-578.586,-0.050420542
OI000188,O00075,P037,2,3125.99,0.2,2791.06,6251.98,1250.396,5001.584,5582.12,-580.536,-0.116070429
OI005070,O02017,P037,2,3125.99,0.2,2791.06,6251.98,1250.396,5001.584,5582.12,-580.536,-0.116070429
OI000611,O00239,P019,1,3112.57,0.3,2779.08,3112.57,933.771,2178.799,2779.08,-600.281,-0.27551004
OI001024,O00400,P019,1,3112.57,0.3,2779.08,3112.57,933.771,2178.799,2779.08,-600.281,-0.27551004
OI004382,O01753,P019,1,3112.57,0.3,2779.08,3112.57,933.771,2178.799,2779.08,-600.281,-0.27551004
OI005421,O02153,P019,1,3112.57,0.3,2779.08,3112.57,933.771,2178.799,2779.08,-600.281,-0.27551004
OI000653,O00256,P037,1,3125.99,0.3,2791.06,3125.99,937.797,2188.193,2791.06,-602.867,-0.275509062
OI001252,O00490,P037,1,3125.99,0.3,2791.06,3125.99,937.797,2188.193,2791.06,-602.867,-0.275509062
OI005052,O02010,P037,1,3125.99,0.3,2791.06,3125.99,937.797,2188.193,2791.06,-602.867,-0.275509062
OI001502,O00593,P075,2,6578.23,0.3,4906.98,13156.46,3946.938,9209.522,9813.96,-604.438,-0.065631854
OI002136,O00843,P075,2,6578.23,0.3,4906.98,13156.46,3946.938,9209.522,9813.96,-604.438,-0.065631854
OI003884,O01554,P075,2,6578.23,0.3,4906.98,13156.46,3946.938,9209.522,9813.96,-604.438,-0.065631854
OI003910,O01564,P075,2,6578.23,0.3,4906.98,13156.46,3946.938,9209.522,9813.96,-604.438,-0.065631854
OI004722,O01889,P075,2,6578.23,0.3,4906.98,13156.46,3946.938,9209.522,9813.96,-604.438,-0.065631854
OI005000,O01991,P075,2,6578.23,0.3,4906.98,13156.46,3946.938,9209.522,9813.96,-604.438,-0.065631854
OI004853,O01942,P064,3,4726.39,0.15,4219.99,14179.17,2126.8755,12052.2945,12659.97,-607.6755,-0.050419901
OI004941,O01969,P064,3,4726.39,0.15,4219.99,14179.17,2126.8755,12052.2945,12659.97,-607.6755,-0.050419901
OI000259,O00103,P044,3,4748.93,0.15,4240.12,14246.79,2137.0185,12109.7715,12720.36,-610.5885,-0.050421141
OI003666,O01463,P044,3,4748.93,0.15,4240.12,14246.79,2137.0185,12109.7715,12720.36,-610.5885,-0.050421141
OI004115,O01647,P044,3,4748.93,0.15,4240.12,14246.79,2137.0185,12109.7715,12720.36,-610.5885,-0.050421141
OI001361,O00531,P039,4,3602.12,0.15,3216.18,14408.48,2161.272,12247.208,12864.72,-617.512,-0.050420635
OI002944,O01168,P039,4,3602.12,0.15,3216.18,14408.48,2161.272,12247.208,12864.72,-617.512,-0.050420635
OI003973,O01589,P039,4,3602.12,0.15,3216.18,14408.48,2161.272,12247.208,12864.72,-617.512,-0.050420635
OI000133,O00053,P013,4,1662.63,0.2,1484.49,6650.52,1330.104,5320.416,5937.96,-617.544,-0.116070623
OI000254,O00101,P013,4,1662.63,0.2,1484.49,6650.52,1330.104,5320.416,5937.96,-617.544,-0.116070623
OI001839,O00727,P013,4,1662.63,0.2,1484.49,6650.52,1330.104,5320.416,5937.96,-617.544,-0.116070623
OI001930,O00763,P035,3,4806.84,0.15,4291.82,14420.52,2163.078,12257.442,12875.46,-618.018,-0.050419818
OI001143,O00447,P059,3,4842.61,0.15,4323.76,14527.83,2179.1745,12348.6555,12971.28,-622.6245,-0.050420428
OI004048,O01618,P059,3,4842.61,0.15,4323.76,14527.83,2179.1745,12348.6555,12971.28,-622.6245,-0.050420428
OI004146,O01658,P059,3,4842.61,0.15,4323.76,14527.83,2179.1745,12348.6555,12971.28,-622.6245,-0.050420428
OI001476,O00582,P013,2,1662.63,0.3,1484.49,3325.26,997.578,2327.682,2968.98,-641.298,-0.275509283
OI004827,O01932,P013,2,1662.63,0.3,1484.49,3325.26,997.578,2327.682,2968.98,-641.298,-0.275509283
OI000267,O00105,P004,4,3768.92,0.15,3365.11,15075.68,2261.352,12814.328,13460.44,-646.112,-0.05042106
OI000658,O00259,P004,4,3768.92,0.15,3365.11,15075.68,2261.352,12814.328,13460.44,-646.112,-0.05042106
OI001582,O00628,P004,4,3768.92,0.15,3365.11,15075.68,2261.352,12814.328,13460.44,-646.112,-0.05042106
OI004521,O01818,P004,4,3768.92,0.15,3365.11,15075.68,2261.352,12814.328,13460.44,-646.112,-0.05042106
OI001021,O00399,P002,4,3793.81,0.15,3387.33,15175.24,2276.286,12898.954,13549.32,-650.366,-0.050420057
OI001099,O00428,P002,4,3793.81,0.15,3387.33,15175.24,2276.286,12898.954,13549.32,-650.366,-0.050420057
OI002151,O00849,P002,4,3793.81,0.15,3387.33,15175.24,2276.286,12898.954,13549.32,-650.366,-0.050420057
OI002398,O00950,P002,4,3793.81,0.15,3387.33,15175.24,2276.286,12898.954,13549.32,-650.366,-0.050420057
OI000178,O00072,P016,4,3833.17,0.15,3422.47,15332.68,2299.902,13032.778,13689.88,-657.102,-0.050419182
OI000496,O00193,P016,4,3833.17,0.15,3422.47,15332.68,2299.902,13032.778,13689.88,-657.102,-0.050419182
OI002972,O01176,P016,4,3833.17,0.15,3422.47,15332.68,2299.902,13032.778,13689.88,-657.102,-0.050419182
OI004085,O01636,P016,4,3833.17,0.15,3422.47,15332.68,2299.902,13032.778,13689.88,-657.102,-0.050419182
OI001806,O00714,P017,3,5112.9,0.15,4565.09,15338.7,2300.805,13037.895,13695.27,-657.375,-0.050420332
OI004102,O01643,P017,3,5112.9,0.15,4565.09,15338.7,2300.805,13037.895,13695.27,-657.375,-0.050420332
OI005257,O02089,P017,3,5112.9,0.15,4565.09,15338.7,2300.805,13037.895,13695.27,-657.375,-0.050420332
OI001483,O00585,P042,3,5125.64,0.15,4576.46,15376.92,2306.538,13070.382,13729.38,-658.998,-0.050419184
OI001772,O00702,P042,3,5125.64,0.15,4576.46,15376.92,2306.538,13070.382,13729.38,-658.998,-0.050419184
OI002004,O00790,P042,3,5125.64,0.15,4576.46,15376.92,2306.538,13070.382,13729.38,-658.998,-0.050419184
OI002820,O01116,P042,3,5125.64,0.15,4576.46,15376.92,2306.538,13070.382,13729.38,-658.998,-0.050419184
OI003495,O01388,P042,3,5125.64,0.15,4576.46,15376.92,2306.538,13070.382,13729.38,-658.998,-0.050419184
OI003934,O01576,P042,3,5125.64,0.15,4576.46,15376.92,2306.538,13070.382,13729.38,-658.998,-0.050419184
OI001133,O00443,P039,2,3602.12,0.2,3216.18,7204.24,1440.848,5763.392,6432.36,-668.968,-0.116071924
OI004284,O01709,P039,2,3602.12,0.2,3216.18,7204.24,1440.848,5763.392,6432.36,-668.968,-0.116071924
OI000407,O00159,P034,3,5252.02,0.15,4689.3,15756.06,2363.409,13392.651,14067.9,-675.249,-0.050419368
OI000585,O00229,P034,3,5252.02,0.15,4689.3,15756.06,2363.409,13392.651,14067.9,-675.249,-0.050419368
OI001470,O00579,P034,3,5252.02,0.15,4689.3,15756.06,2363.409,13392.651,14067.9,-675.249,-0.050419368
OI002422,O00960,P034,3,5252.02,0.15,4689.3,15756.06,2363.409,13392.651,14067.9,-675.249,-0.050419368
OI004456,O01790,P034,3,5252.02,0.15,4689.3,15756.06,2363.409,13392.651,14067.9,-675.249,-0.050419368
OI001876,O00741,P009,2,4981.98,0.2,4324.06,9963.96,1992.792,7971.168,8648.12,-676.952,-0.08492507
OI002038,O00803,P009,2,4981.98,0.2,4324.06,9963.96,1992.792,7971.168,8648.12,-676.952,-0.08492507
OI002479,O00982,P009,2,4981.98,0.2,4324.06,9963.96,1992.792,7971.168,8648.12,-676.952,-0.08492507
OI004653,O01864,P009,2,4981.98,0.2,4324.06,9963.96,1992.792,7971.168,8648.12,-676.952,-0.08492507
OI001407,O00552,P021,3,5344.27,0.15,4771.67,16032.81,2404.9215,13627.8885,14315.01,-687.1215,-0.050420247
OI001959,O00773,P021,3,5344.27,0.15,4771.67,16032.81,2404.9215,13627.8885,14315.01,-687.1215,-0.050420247
OI004689,O01880,P039,1,3602.12,0.3,3216.18,3602.12,1080.636,2521.484,3216.18,-694.696,-0.275510771
OI000889,O00348,P004,2,3768.92,0.2,3365.11,7537.84,1507.568,6030.272,6730.22,-699.948,-0.116072376
OI002841,O01124,P004,2,3768.92,0.2,3365.11,7537.84,1507.568,6030.272,6730.22,-699.948,-0.116072376
OI000946,O00369,P026,3,5470.33,0.15,4884.22,16410.99,2461.6485,13949.3415,14652.66,-703.3185,-0.050419477
OI001954,O00772,P002,2,3793.81,0.2,3387.33,7587.62,1517.524,6070.096,6774.66,-704.564,-0.116071311
OI004745,O01901,P002,2,3793.81,0.2,3387.33,7587.62,1517.524,6070.096,6774.66,-704.564,-0.116071311
OI004846,O01939,P002,2,3793.81,0.2,3387.33,7587.62,1517.524,6070.096,6774.66,-704.564,-0.116071311
OI001146,O00447,P045,3,5481.6,0.15,4894.29,16444.8,2466.72,13978.08,14682.87,-704.79,-0.050421088
OI005491,O02185,P045,3,5481.6,0.15,4894.29,16444.8,2466.72,13978.08,14682.87,-704.79,-0.050421088
OI003919,O01569,P016,2,3833.17,0.2,3422.47,7666.34,1533.268,6133.072,6844.94,-711.868,-0.11607038
OI004296,O01713,P016,2,3833.17,0.2,3422.47,7666.34,1533.268,6133.072,6844.94,-711.868,-0.11607038
OI005444,O02162,P016,2,3833.17,0.2,3422.47,7666.34,1533.268,6133.072,6844.94,-711.868,-0.11607038
OI001359,O00530,P036,4,1918.28,0.2,1712.75,7673.12,1534.624,6138.496,6851,-712.504,-0.116071429
OI001526,O00603,P036,4,1918.28,0.2,1712.75,7673.12,1534.624,6138.496,6851,-712.504,-0.116071429
OI003276,O01304,P036,4,1918.28,0.2,1712.75,7673.12,1534.624,6138.496,6851,-712.504,-0.116071429
OI003290,O01309,P036,4,1918.28,0.2,1712.75,7673.12,1534.624,6138.496,6851,-712.504,-0.116071429
OI004703,O01884,P036,4,1918.28,0.2,1712.75,7673.12,1534.624,6138.496,6851,-712.504,-0.116071429
OI001864,O00736,P033,3,2579.49,0.2,2303.12,7738.47,1547.694,6190.776,6909.36,-718.584,-0.116073332
OI002685,O01061,P069,3,5592.45,0.15,4993.26,16777.35,2516.6025,14260.7475,14979.78,-719.0325,-0.050420393
OI003774,O01506,P069,3,5592.45,0.15,4993.26,16777.35,2516.6025,14260.7475,14979.78,-719.0325,-0.050420393
OI004295,O01713,P069,3,5592.45,0.15,4993.26,16777.35,2516.6025,14260.7475,14979.78,-719.0325,-0.050420393
OI004905,O01959,P069,3,5592.45,0.15,4993.26,16777.35,2516.6025,14260.7475,14979.78,-719.0325,-0.050420393
OI000993,O00386,P004,1,3768.92,0.3,3365.11,3768.92,1130.676,2638.244,3365.11,-726.866,-0.275511287
OI003810,O01519,P004,1,3768.92,0.3,3365.11,3768.92,1130.676,2638.244,3365.11,-726.866,-0.275511287
OI004155,O01662,P004,1,3768.92,0.3,3365.11,3768.92,1130.676,2638.244,3365.11,-726.866,-0.275511287
OI004796,O01918,P004,1,3768.92,0.3,3365.11,3768.92,1130.676,2638.244,3365.11,-726.866,-0.275511287
OI004970,O01980,P004,1,3768.92,0.3,3365.11,3768.92,1130.676,2638.244,3365.11,-726.866,-0.275511287
OI000739,O00291,P050,3,2647.44,0.2,2363.79,7942.32,1588.464,6353.856,7091.37,-737.514,-0.116073452
OI003123,O01243,P050,3,2647.44,0.2,2363.79,7942.32,1588.464,6353.856,7091.37,-737.514,-0.116073452
OI003882,O01553,P050,3,2647.44,0.2,2363.79,7942.32,1588.464,6353.856,7091.37,-737.514,-0.116073452
OI002946,O01168,P048,4,4310.39,0.15,3848.56,17241.56,2586.234,14655.326,15394.24,-738.914,-0.050419486
OI000439,O00170,P016,1,3833.17,0.3,3422.47,3833.17,1149.951,2683.219,3422.47,-739.251,-0.275509006
OI001140,O00445,P016,1,3833.17,0.3,3422.47,3833.17,1149.951,2683.219,3422.47,-739.251,-0.275509006
OI001221,O00479,P016,1,3833.17,0.3,3422.47,3833.17,1149.951,2683.219,3422.47,-739.251,-0.275509006
OI002307,O00913,P016,1,3833.17,0.3,3422.47,3833.17,1149.951,2683.219,3422.47,-739.251,-0.275509006
OI005379,O02138,P016,1,3833.17,0.3,3422.47,3833.17,1149.951,2683.219,3422.47,-739.251,-0.275509006
OI001270,O00497,P036,2,1918.28,0.3,1712.75,3836.56,1150.968,2685.592,3425.5,-739.908,-0.275510204
OI003225,O01283,P036,2,1918.28,0.3,1712.75,3836.56,1150.968,2685.592,3425.5,-739.908,-0.275510204
OI000805,O00318,P062,4,1993.86,0.2,1780.23,7975.44,1595.088,6380.352,7120.92,-740.568,-0.116070085
OI003472,O01381,P062,4,1993.86,0.2,1780.23,7975.44,1595.088,6380.352,7120.92,-740.568,-0.116070085
OI004028,O01611,P062,4,1993.86,0.2,1780.23,7975.44,1595.088,6380.352,7120.92,-740.568,-0.116070085
OI000682,O00271,P062,2,1993.86,0.3,1780.23,3987.72,1196.316,2791.404,3560.46,-769.056,-0.275508669
OI002100,O00829,P063,4,4500.08,0.15,4017.93,18000.32,2700.048,15300.272,16071.72,-771.448,-0.050420542
OI002382,O00943,P063,4,4500.08,0.15,4017.93,18000.32,2700.048,15300.272,16071.72,-771.448,-0.050420542
OI000021,O00011,P055,3,3905.29,0.3,2991.91,11715.87,3514.761,8201.109,8975.73,-774.621,-0.094453201
OI001411,O00554,P055,3,3905.29,0.3,2991.91,11715.87,3514.761,8201.109,8975.73,-774.621,-0.094453201
OI003051,O01213,P055,3,3905.29,0.3,2991.91,11715.87,3514.761,8201.109,8975.73,-774.621,-0.094453201
OI005166,O02054,P055,3,3905.29,0.3,2991.91,11715.87,3514.761,8201.109,8975.73,-774.621,-0.094453201
OI002908,O01155,P038,3,2828.73,0.2,2525.65,8486.19,1697.238,6788.952,7576.95,-787.998,-0.116070639
OI005138,O02045,P038,3,2828.73,0.2,2525.65,8486.19,1697.238,6788.952,7576.95,-787.998,-0.116070639
OI002104,O00831,P058,4,4600.81,0.15,4107.87,18403.24,2760.486,15642.754,16431.48,-788.726,-0.050421173
OI002446,O00972,P058,4,4600.81,0.15,4107.87,18403.24,2760.486,15642.754,16431.48,-788.726,-0.050421173
OI003563,O01417,P058,4,4600.81,0.15,4107.87,18403.24,2760.486,15642.754,16431.48,-788.726,-0.050421173
OI005092,O02026,P058,4,4600.81,0.15,4107.87,18403.24,2760.486,15642.754,16431.48,-788.726,-0.050421173
OI005506,O02191,P058,4,4600.81,0.15,4107.87,18403.24,2760.486,15642.754,16431.48,-788.726,-0.050421173
OI003315,O01319,P048,2,4310.39,0.2,3848.56,8620.78,1724.156,6896.624,7697.12,-800.496,-0.116070704
OI001604,O00636,P064,4,4726.39,0.15,4219.99,18905.56,2835.834,16069.726,16879.96,-810.234,-0.050419901
OI005267,O02093,P064,4,4726.39,0.15,4219.99,18905.56,2835.834,16069.726,16879.96,-810.234,-0.050419901
OI005446,O02164,P064,4,4726.39,0.15,4219.99,18905.56,2835.834,16069.726,16879.96,-810.234,-0.050419901
OI000530,O00207,P044,4,4748.93,0.15,4240.12,18995.72,2849.358,16146.362,16960.48,-814.118,-0.050421141
OI001013,O00396,P035,4,4806.84,0.15,4291.82,19227.36,2884.104,16343.256,17167.28,-824.024,-0.050419818
OI003282,O01306,P035,4,4806.84,0.15,4291.82,19227.36,2884.104,16343.256,17167.28,-824.024,-0.050419818
OI005154,O02051,P035,4,4806.84,0.15,4291.82,19227.36,2884.104,16343.256,17167.28,-824.024,-0.050419818
OI000720,O00284,P059,4,4842.61,0.15,4323.76,19370.44,2905.566,16464.874,17295.04,-830.166,-0.050420428
OI001310,O00511,P059,4,4842.61,0.15,4323.76,19370.44,2905.566,16464.874,17295.04,-830.166,-0.050420428
OI001744,O00692,P059,4,4842.61,0.15,4323.76,19370.44,2905.566,16464.874,17295.04,-830.166,-0.050420428
OI002098,O00828,P059,4,4842.61,0.15,4323.76,19370.44,2905.566,16464.874,17295.04,-830.166,-0.050420428
OI004076,O01630,P059,4,4842.61,0.15,4323.76,19370.44,2905.566,16464.874,17295.04,-830.166,-0.050420428
OI002292,O00905,P048,1,4310.39,0.3,3848.56,4310.39,1293.117,3017.273,3848.56,-831.287,-0.275509376
OI004134,O01654,P048,1,4310.39,0.3,3848.56,4310.39,1293.117,3017.273,3848.56,-831.287,-0.275509376
OI004197,O01676,P048,1,4310.39,0.3,3848.56,4310.39,1293.117,3017.273,3848.56,-831.287,-0.275509376
OI004335,O01734,P043,3,6217.67,0.3,4630.79,18653.01,5595.903,13057.107,13892.37,-835.263,-0.06396999
OI001237,O00484,P063,2,4500.08,0.2,4017.93,9000.16,1800.032,7200.128,8035.86,-835.732,-0.116071825
OI002439,O00968,P063,2,4500.08,0.2,4017.93,9000.16,1800.032,7200.128,8035.86,-835.732,-0.116071825
OI002934,O01165,P063,2,4500.08,0.2,4017.93,9000.16,1800.032,7200.128,8035.86,-835.732,-0.116071825
OI004973,O01980,P063,2,4500.08,0.2,4017.93,9000.16,1800.032,7200.128,8035.86,-835.732,-0.116071825
OI000140,O00056,P031,4,4921.58,0.15,4394.27,19686.32,2952.948,16733.372,17577.08,-843.708,-0.05042068
OI000171,O00069,P031,4,4921.58,0.15,4394.27,19686.32,2952.948,16733.372,17577.08,-843.708,-0.05042068
OI001222,O00480,P031,4,4921.58,0.15,4394.27,19686.32,2952.948,16733.372,17577.08,-843.708,-0.05042068
OI002277,O00899,P031,4,4921.58,0.15,4394.27,19686.32,2952.948,16733.372,17577.08,-843.708,-0.05042068
OI005074,O02018,P031,4,4921.58,0.15,4394.27,19686.32,2952.948,16733.372,17577.08,-843.708,-0.05042068
OI003222,O01282,P058,2,4600.81,0.2,4107.87,9201.62,1840.324,7361.296,8215.74,-854.444,-0.116072496
OI004154,O01661,P058,2,4600.81,0.2,4107.87,9201.62,1840.324,7361.296,8215.74,-854.444,-0.116072496
OI004511,O01814,P058,2,4600.81,0.2,4107.87,9201.62,1840.324,7361.296,8215.74,-854.444,-0.116072496
OI001046,O00407,P041,3,1494.52,0.3,1334.39,4483.56,1345.068,3138.492,4003.17,-864.678,-0.275507473
OI003724,O01487,P041,3,1494.52,0.3,1334.39,4483.56,1345.068,3138.492,4003.17,-864.678,-0.275507473
OI003846,O01539,P041,3,1494.52,0.3,1334.39,4483.56,1345.068,3138.492,4003.17,-864.678,-0.275507473
OI004418,O01769,P041,3,1494.52,0.3,1334.39,4483.56,1345.068,3138.492,4003.17,-864.678,-0.275507473
OI004676,O01875,P041,3,1494.52,0.3,1334.39,4483.56,1345.068,3138.492,4003.17,-864.678,-0.275507473
OI004788,O01916,P041,3,1494.52,0.3,1334.39,4483.56,1345.068,3138.492,4003.17,-864.678,-0.275507473
OI002980,O01179,P019,3,3112.57,0.2,2779.08,9337.71,1867.542,7470.168,8337.24,-867.072,-0.116071285
OI004591,O01843,P019,3,3112.57,0.2,2779.08,9337.71,1867.542,7470.168,8337.24,-867.072,-0.116071285
OI005436,O02158,P019,3,3112.57,0.2,2779.08,9337.71,1867.542,7470.168,8337.24,-867.072,-0.116071285
OI002861,O01133,P063,1,4500.08,0.3,4017.93,4500.08,1350.024,3150.056,4017.93,-867.874,-0.275510658
OI003366,O01338,P063,1,4500.08,0.3,4017.93,4500.08,1350.024,3150.056,4017.93,-867.874,-0.275510658
OI002991,O01185,P037,3,3125.99,0.2,2791.06,9377.97,1875.594,7502.376,8373.18,-870.804,-0.116070429
OI005321,O02116,P037,3,3125.99,0.2,2791.06,9377.97,1875.594,7502.376,8373.18,-870.804,-0.116070429
OI005375,O02137,P037,3,3125.99,0.2,2791.06,9377.97,1875.594,7502.376,8373.18,-870.804,-0.116070429
OI000111,O00045,P017,4,5112.9,0.15,4565.09,20451.6,3067.74,17383.86,18260.36,-876.5,-0.050420332
OI002513,O00996,P017,4,5112.9,0.15,4565.09,20451.6,3067.74,17383.86,18260.36,-876.5,-0.050420332
OI000078,O00032,P064,2,4726.39,0.2,4219.99,9452.78,1890.556,7562.224,8439.98,-877.756,-0.116071145
OI000206,O00080,P064,2,4726.39,0.2,4219.99,9452.78,1890.556,7562.224,8439.98,-877.756,-0.116071145
OI001981,O00782,P064,2,4726.39,0.2,4219.99,9452.78,1890.556,7562.224,8439.98,-877.756,-0.116071145
OI002092,O00825,P064,2,4726.39,0.2,4219.99,9452.78,1890.556,7562.224,8439.98,-877.756,-0.116071145
OI005437,O02159,P064,2,4726.39,0.2,4219.99,9452.78,1890.556,7562.224,8439.98,-877.756,-0.116071145
OI002395,O00948,P042,4,5125.64,0.15,4576.46,20502.56,3075.384,17427.176,18305.84,-878.664,-0.050419184
OI003213,O01279,P042,4,5125.64,0.15,4576.46,20502.56,3075.384,17427.176,18305.84,-878.664,-0.050419184
OI004623,O01854,P042,4,5125.64,0.15,4576.46,20502.56,3075.384,17427.176,18305.84,-878.664,-0.050419184
OI000738,O00291,P044,2,4748.93,0.2,4240.12,9497.86,1899.572,7598.288,8480.24,-881.952,-0.116072463
OI002735,O01081,P044,2,4748.93,0.2,4240.12,9497.86,1899.572,7598.288,8480.24,-881.952,-0.116072463
OI002986,O01182,P044,2,4748.93,0.2,4240.12,9497.86,1899.572,7598.288,8480.24,-881.952,-0.116072463
OI003694,O01475,P044,2,4748.93,0.2,4240.12,9497.86,1899.572,7598.288,8480.24,-881.952,-0.116072463
OI000990,O00385,P058,1,4600.81,0.3,4107.87,4600.81,1380.243,3220.567,4107.87,-887.303,-0.275511424
OI000132,O00053,P035,2,4806.84,0.2,4291.82,9613.68,1922.736,7690.944,8583.64,-892.696,-0.116071057
OI000492,O00191,P035,2,4806.84,0.2,4291.82,9613.68,1922.736,7690.944,8583.64,-892.696,-0.116071057
OI002613,O01034,P035,2,4806.84,0.2,4291.82,9613.68,1922.736,7690.944,8583.64,-892.696,-0.116071057
OI003449,O01372,P035,2,4806.84,0.2,4291.82,9613.68,1922.736,7690.944,8583.64,-892.696,-0.116071057
OI003508,O01393,P035,2,4806.84,0.2,4291.82,9613.68,1922.736,7690.944,8583.64,-892.696,-0.116071057
OI004763,O01907,P035,2,4806.84,0.2,4291.82,9613.68,1922.736,7690.944,8583.64,-892.696,-0.116071057
OI005292,O02103,P035,2,4806.84,0.2,4291.82,9613.68,1922.736,7690.944,8583.64,-892.696,-0.116071057
OI000635,O00248,P059,2,4842.61,0.2,4323.76,9685.22,1937.044,7748.176,8647.52,-899.344,-0.116071705
OI001499,O00591,P059,2,4842.61,0.2,4323.76,9685.22,1937.044,7748.176,8647.52,-899.344,-0.116071705
OI002324,O00921,P059,2,4842.61,0.2,4323.76,9685.22,1937.044,7748.176,8647.52,-899.344,-0.116071705
OI003031,O01204,P059,2,4842.61,0.2,4323.76,9685.22,1937.044,7748.176,8647.52,-899.344,-0.116071705
OI003926,O01573,P059,2,4842.61,0.2,4323.76,9685.22,1937.044,7748.176,8647.52,-899.344,-0.116071705
OI005251,O02085,P059,2,4842.61,0.2,4323.76,9685.22,1937.044,7748.176,8647.52,-899.344,-0.116071705
OI000359,O00143,P034,4,5252.02,0.15,4689.3,21008.08,3151.212,17856.868,18757.2,-900.332,-0.050419368
OI001836,O00726,P034,4,5252.02,0.15,4689.3,21008.08,3151.212,17856.868,18757.2,-900.332,-0.050419368
OI003117,O01241,P034,4,5252.02,0.15,4689.3,21008.08,3151.212,17856.868,18757.2,-900.332,-0.050419368
OI003268,O01301,P034,4,5252.02,0.15,4689.3,21008.08,3151.212,17856.868,18757.2,-900.332,-0.050419368
OI003783,O01509,P034,4,5252.02,0.15,4689.3,21008.08,3151.212,17856.868,18757.2,-900.332,-0.050419368
OI004379,O01753,P034,4,5252.02,0.15,4689.3,21008.08,3151.212,17856.868,18757.2,-900.332,-0.050419368
OI004188,O01674,P075,3,6578.23,0.3,4906.98,19734.69,5920.407,13814.283,14720.94,-906.657,-0.065631854
OI004267,O01702,P075,3,6578.23,0.3,4906.98,19734.69,5920.407,13814.283,14720.94,-906.657,-0.065631854
OI001043,O00406,P064,1,4726.39,0.3,4219.99,4726.39,1417.917,3308.473,4219.99,-911.517,-0.27550988
OI001606,O00638,P064,1,4726.39,0.3,4219.99,4726.39,1417.917,3308.473,4219.99,-911.517,-0.27550988
OI002154,O00850,P064,1,4726.39,0.3,4219.99,4726.39,1417.917,3308.473,4219.99,-911.517,-0.27550988
OI005384,O02139,P064,1,4726.39,0.3,4219.99,4726.39,1417.917,3308.473,4219.99,-911.517,-0.27550988
OI000927,O00361,P031,2,4921.58,0.2,4394.27,9843.16,1968.632,7874.528,8788.54,-914.012,-0.116071973
OI001813,O00717,P031,2,4921.58,0.2,4394.27,9843.16,1968.632,7874.528,8788.54,-914.012,-0.116071973
OI004945,O01971,P031,2,4921.58,0.2,4394.27,9843.16,1968.632,7874.528,8788.54,-914.012,-0.116071973
OI001919,O00757,P044,1,4748.93,0.3,4240.12,4748.93,1424.679,3324.251,4240.12,-915.869,-0.275511386
OI004206,O01681,P044,1,4748.93,0.3,4240.12,4748.93,1424.679,3324.251,4240.12,-915.869,-0.275511386
OI001284,O00501,P021,4,5344.27,0.15,4771.67,21377.08,3206.562,18170.518,19086.68,-916.162,-0.050420247
OI000923,O00359,P035,1,4806.84,0.3,4291.82,4806.84,1442.052,3364.788,4291.82,-927.032,-0.27550978
OI000575,O00224,P059,1,4842.61,0.3,4323.76,4842.61,1452.783,3389.827,4323.76,-933.933,-0.27551052
OI004978,O01982,P059,1,4842.61,0.3,4323.76,4842.61,1452.783,3389.827,4323.76,-933.933,-0.27551052
OI002548,O01008,P026,4,5470.33,0.15,4884.22,21881.32,3282.198,18599.122,19536.88,-937.758,-0.050419477
OI003990,O01596,P026,4,5470.33,0.15,4884.22,21881.32,3282.198,18599.122,19536.88,-937.758,-0.050419477
OI004560,O01831,P026,4,5470.33,0.15,4884.22,21881.32,3282.198,18599.122,19536.88,-937.758,-0.050419477
OI004616,O01851,P026,4,5470.33,0.15,4884.22,21881.32,3282.198,18599.122,19536.88,-937.758,-0.050419477
OI001989,O00785,P045,4,5481.6,0.15,4894.29,21926.4,3288.96,18637.44,19577.16,-939.72,-0.050421088
OI005278,O02098,P045,4,5481.6,0.15,4894.29,21926.4,3288.96,18637.44,19577.16,-939.72,-0.050421088
OI005513,O02194,P045,4,5481.6,0.15,4894.29,21926.4,3288.96,18637.44,19577.16,-939.72,-0.050421088
OI000786,O00310,P031,1,4921.58,0.3,4394.27,4921.58,1476.474,3445.106,4394.27,-949.164,-0.275510826
OI002455,O00975,P031,1,4921.58,0.3,4394.27,4921.58,1476.474,3445.106,4394.27,-949.164,-0.275510826
OI002855,O01131,P031,1,4921.58,0.3,4394.27,4921.58,1476.474,3445.106,4394.27,-949.164,-0.275510826
OI003661,O01461,P031,1,4921.58,0.3,4394.27,4921.58,1476.474,3445.106,4394.27,-949.164,-0.275510826
OI004474,O01797,P031,1,4921.58,0.3,4394.27,4921.58,1476.474,3445.106,4394.27,-949.164,-0.275510826
OI003967,O01588,P017,2,5112.9,0.2,4565.09,10225.8,2045.16,8180.64,9130.18,-949.54,-0.116071603
OI002510,O00995,P042,2,5125.64,0.2,4576.46,10251.28,2050.256,8201.024,9152.92,-951.896,-0.116070383
OI003830,O01531,P042,2,5125.64,0.2,4576.46,10251.28,2050.256,8201.024,9152.92,-951.896,-0.116070383
OI000218,O00088,P033,4,2579.49,0.2,2303.12,10317.96,2063.592,8254.368,9212.48,-958.112,-0.116073332
OI002647,O01046,P033,4,2579.49,0.2,2303.12,10317.96,2063.592,8254.368,9212.48,-958.112,-0.116073332
OI003713,O01483,P033,4,2579.49,0.2,2303.12,10317.96,2063.592,8254.368,9212.48,-958.112,-0.116073332
OI004647,O01863,P033,4,2579.49,0.2,2303.12,10317.96,2063.592,8254.368,9212.48,-958.112,-0.116073332
OI001205,O00473,P069,4,5592.45,0.15,4993.26,22369.8,3355.47,19014.33,19973.04,-958.71,-0.050420393
OI004093,O01639,P078,2,5006.54,0.3,3985.08,10013.08,3003.924,7009.156,7970.16,-961.004,-0.13710695
OI004709,O01886,P078,2,5006.54,0.3,3985.08,10013.08,3003.924,7009.156,7970.16,-961.004,-0.13710695
OI005215,O02073,P078,2,5006.54,0.3,3985.08,10013.08,3003.924,7009.156,7970.16,-961.004,-0.13710695
OI001086,O00423,P013,3,1662.63,0.3,1484.49,4987.89,1496.367,3491.523,4453.47,-961.947,-0.275509283
OI001703,O00675,P013,3,1662.63,0.3,1484.49,4987.89,1496.367,3491.523,4453.47,-961.947,-0.275509283
OI001846,O00729,P013,3,1662.63,0.3,1484.49,4987.89,1496.367,3491.523,4453.47,-961.947,-0.275509283
OI002214,O00871,P013,3,1662.63,0.3,1484.49,4987.89,1496.367,3491.523,4453.47,-961.947,-0.275509283
OI004605,O01848,P013,3,1662.63,0.3,1484.49,4987.89,1496.367,3491.523,4453.47,-961.947,-0.275509283
OI005370,O02135,P013,3,1662.63,0.3,1484.49,4987.89,1496.367,3491.523,4453.47,-961.947,-0.275509283
OI001644,O00651,P034,2,5252.02,0.2,4689.3,10504.04,2100.808,8403.232,9378.6,-975.368,-0.116070579
OI005094,O02028,P034,2,5252.02,0.2,4689.3,10504.04,2100.808,8403.232,9378.6,-975.368,-0.116070579
OI000404,O00157,P050,4,2647.44,0.2,2363.79,10589.76,2117.952,8471.808,9455.16,-983.352,-0.116073452
OI003440,O01368,P050,4,2647.44,0.2,2363.79,10589.76,2117.952,8471.808,9455.16,-983.352,-0.116073452
OI003684,O01470,P050,4,2647.44,0.2,2363.79,10589.76,2117.952,8471.808,9455.16,-983.352,-0.116073452
OI004983,O01984,P050,4,2647.44,0.2,2363.79,10589.76,2117.952,8471.808,9455.16,-983.352,-0.116073452
OI000015,O00009,P017,1,5112.9,0.3,4565.09,5112.9,1533.87,3579.03,4565.09,-986.06,-0.275510404
OI003322,O01321,P017,1,5112.9,0.3,4565.09,5112.9,1533.87,3579.03,4565.09,-986.06,-0.275510404
OI005401,O02147,P017,1,5112.9,0.3,4565.09,5112.9,1533.87,3579.03,4565.09,-986.06,-0.275510404
OI001531,O00605,P042,1,5125.64,0.3,4576.46,5125.64,1537.692,3587.948,4576.46,-988.512,-0.27550901
OI001831,O00724,P042,1,5125.64,0.3,4576.46,5125.64,1537.692,3587.948,4576.46,-988.512,-0.27550901
OI003208,O01276,P042,1,5125.64,0.3,4576.46,5125.64,1537.692,3587.948,4576.46,-988.512,-0.27550901
OI003537,O01405,P042,1,5125.64,0.3,4576.46,5125.64,1537.692,3587.948,4576.46,-988.512,-0.27550901
OI004864,O01945,P042,1,5125.64,0.3,4576.46,5125.64,1537.692,3587.948,4576.46,-988.512,-0.27550901
OI000357,O00142,P021,2,5344.27,0.2,4771.67,10688.54,2137.708,8550.832,9543.34,-992.508,-0.116071512
OI000433,O00168,P021,2,5344.27,0.2,4771.67,10688.54,2137.708,8550.832,9543.34,-992.508,-0.116071512
OI001412,O00554,P021,2,5344.27,0.2,4771.67,10688.54,2137.708,8550.832,9543.34,-992.508,-0.116071512
OI001649,O00654,P021,2,5344.27,0.2,4771.67,10688.54,2137.708,8550.832,9543.34,-992.508,-0.116071512
OI002175,O00858,P021,2,5344.27,0.2,4771.67,10688.54,2137.708,8550.832,9543.34,-992.508,-0.116071512
OI001874,O00739,P033,2,2579.49,0.3,2303.12,5158.98,1547.694,3611.286,4606.24,-994.954,-0.27551238
OI001183,O00464,P039,3,3602.12,0.2,3216.18,10806.36,2161.272,8645.088,9648.54,-1003.452,-0.116071924
OI003499,O01390,P039,3,3602.12,0.2,3216.18,10806.36,2161.272,8645.088,9648.54,-1003.452,-0.116071924
OI001885,O00743,P034,1,5252.02,0.3,4689.3,5252.02,1575.606,3676.414,4689.3,-1012.886,-0.275509233
OI002951,O01170,P034,1,5252.02,0.3,4689.3,5252.02,1575.606,3676.414,4689.3,-1012.886,-0.275509233
OI004842,O01937,P034,1,5252.02,0.3,4689.3,5252.02,1575.606,3676.414,4689.3,-1012.886,-0.275509233
OI000063,O00026,P009,3,4981.98,0.2,4324.06,14945.94,2989.188,11956.752,12972.18,-1015.428,-0.08492507
OI001506,O00595,P009,3,4981.98,0.2,4324.06,14945.94,2989.188,11956.752,12972.18,-1015.428,-0.08492507
OI001632,O00648,P009,3,4981.98,0.2,4324.06,14945.94,2989.188,11956.752,12972.18,-1015.428,-0.08492507
OI001848,O00730,P009,3,4981.98,0.2,4324.06,14945.94,2989.188,11956.752,12972.18,-1015.428,-0.08492507
OI002863,O01135,P009,3,4981.98,0.2,4324.06,14945.94,2989.188,11956.752,12972.18,-1015.428,-0.08492507
OI005473,O02176,P009,3,4981.98,0.2,4324.06,14945.94,2989.188,11956.752,12972.18,-1015.428,-0.08492507
OI001535,O00608,P026,2,5470.33,0.2,4884.22,10940.66,2188.132,8752.528,9768.44,-1015.912,-0.116070694
OI002152,O00849,P045,2,5481.6,0.2,4894.29,10963.2,2192.64,8770.56,9788.58,-1018.02,-0.116072406
OI004484,O01800,P045,2,5481.6,0.2,4894.29,10963.2,2192.64,8770.56,9788.58,-1018.02,-0.116072406
OI004713,O01887,P045,2,5481.6,0.2,4894.29,10963.2,2192.64,8770.56,9788.58,-1018.02,-0.116072406
OI005072,O02017,P045,2,5481.6,0.2,4894.29,10963.2,2192.64,8770.56,9788.58,-1018.02,-0.116072406
OI001808,O00715,P050,2,2647.44,0.3,2363.79,5294.88,1588.464,3706.416,4727.58,-1021.164,-0.275512517
OI004011,O01605,P021,1,5344.27,0.3,4771.67,5344.27,1603.281,3740.989,4771.67,-1030.681,-0.2755103
OI004149,O01660,P021,1,5344.27,0.3,4771.67,5344.27,1603.281,3740.989,4771.67,-1030.681,-0.2755103
OI004658,O01866,P021,1,5344.27,0.3,4771.67,5344.27,1603.281,3740.989,4771.67,-1030.681,-0.2755103
OI004913,O01962,P021,1,5344.27,0.3,4771.67,5344.27,1603.281,3740.989,4771.67,-1030.681,-0.2755103
OI000730,O00288,P069,2,5592.45,0.2,4993.26,11184.9,2236.98,8947.92,9986.52,-1038.6,-0.116071668
OI000735,O00290,P069,2,5592.45,0.2,4993.26,11184.9,2236.98,8947.92,9986.52,-1038.6,-0.116071668
OI002028,O00799,P069,2,5592.45,0.2,4993.26,11184.9,2236.98,8947.92,9986.52,-1038.6,-0.116071668
OI000204,O00080,P004,3,3768.92,0.2,3365.11,11306.76,2261.352,9045.408,10095.33,-1049.922,-0.116072376
OI000403,O00157,P004,3,3768.92,0.2,3365.11,11306.76,2261.352,9045.408,10095.33,-1049.922,-0.116072376
OI004346,O01739,P004,3,3768.92,0.2,3365.11,11306.76,2261.352,9045.408,10095.33,-1049.922,-0.116072376
OI004651,O01864,P004,3,3768.92,0.2,3365.11,11306.76,2261.352,9045.408,10095.33,-1049.922,-0.116072376
OI004756,O01905,P004,3,3768.92,0.2,3365.11,11306.76,2261.352,9045.408,10095.33,-1049.922,-0.116072376
OI003409,O01356,P038,4,2828.73,0.2,2525.65,11314.92,2262.984,9051.936,10102.6,-1050.664,-0.116070639
OI003638,O01450,P038,4,2828.73,0.2,2525.65,11314.92,2262.984,9051.936,10102.6,-1050.664,-0.116070639
OI004800,O01920,P038,4,2828.73,0.2,2525.65,11314.92,2262.984,9051.936,10102.6,-1050.664,-0.116070639
OI003459,O01376,P026,1,5470.33,0.3,4884.22,5470.33,1641.099,3829.231,4884.22,-1054.989,-0.275509365
OI004795,O01918,P026,1,5470.33,0.3,4884.22,5470.33,1641.099,3829.231,4884.22,-1054.989,-0.275509365
OI001410,O00554,P002,3,3793.81,0.2,3387.33,11381.43,2276.286,9105.144,10161.99,-1056.846,-0.116071311
OI002196,O00865,P002,3,3793.81,0.2,3387.33,11381.43,2276.286,9105.144,10161.99,-1056.846,-0.116071311
OI002406,O00953,P002,3,3793.81,0.2,3387.33,11381.43,2276.286,9105.144,10161.99,-1056.846,-0.116071311
OI002376,O00941,P045,1,5481.6,0.3,4894.29,5481.6,1644.48,3837.12,4894.29,-1057.17,-0.275511321
OI004031,O01612,P045,1,5481.6,0.3,4894.29,5481.6,1644.48,3837.12,4894.29,-1057.17,-0.275511321
OI002042,O00805,P016,3,3833.17,0.2,3422.47,11499.51,2299.902,9199.608,10267.41,-1067.802,-0.11607038
OI002070,O00817,P016,3,3833.17,0.2,3422.47,11499.51,2299.902,9199.608,10267.41,-1067.802,-0.11607038
OI002703,O01067,P016,3,3833.17,0.2,3422.47,11499.51,2299.902,9199.608,10267.41,-1067.802,-0.11607038
OI001987,O00784,P080,2,5576.76,0.3,4441.52,11153.52,3346.056,7807.464,8883.04,-1075.576,-0.137762531
OI004287,O01710,P080,2,5576.76,0.3,4441.52,11153.52,3346.056,7807.464,8883.04,-1075.576,-0.137762531
OI005334,O02121,P080,2,5576.76,0.3,4441.52,11153.52,3346.056,7807.464,8883.04,-1075.576,-0.137762531
OI001889,O00744,P069,1,5592.45,0.3,4993.26,5592.45,1677.735,3914.715,4993.26,-1078.545,-0.275510478
OI002126,O00838,P069,1,5592.45,0.3,4993.26,5592.45,1677.735,3914.715,4993.26,-1078.545,-0.275510478
OI003079,O01223,P038,2,2828.73,0.3,2525.65,5657.46,1697.238,3960.222,5051.3,-1091.078,-0.275509302
OI003373,O01341,P038,2,2828.73,0.3,2525.65,5657.46,1697.238,3960.222,5051.3,-1091.078,-0.275509302
OI002533,O01003,P036,3,1918.28,0.3,1712.75,5754.84,1726.452,4028.388,5138.25,-1109.862,-0.275510204
OI003122,O01243,P036,3,1918.28,0.3,1712.75,5754.84,1726.452,4028.388,5138.25,-1109.862,-0.275510204
OI003743,O01493,P036,3,1918.28,0.3,1712.75,5754.84,1726.452,4028.388,5138.25,-1109.862,-0.275510204
OI001814,O00718,P043,4,6217.67,0.3,4630.79,24870.68,7461.204,17409.476,18523.16,-1113.684,-0.06396999
OI000245,O00098,P041,4,1494.52,0.3,1334.39,5978.08,1793.424,4184.656,5337.56,-1152.904,-0.275507473
OI001027,O00401,P041,4,1494.52,0.3,1334.39,5978.08,1793.424,4184.656,5337.56,-1152.904,-0.275507473
OI002813,O01113,P041,4,1494.52,0.3,1334.39,5978.08,1793.424,4184.656,5337.56,-1152.904,-0.275507473
OI002959,O01173,P041,4,1494.52,0.3,1334.39,5978.08,1793.424,4184.656,5337.56,-1152.904,-0.275507473
OI004187,O01673,P041,4,1494.52,0.3,1334.39,5978.08,1793.424,4184.656,5337.56,-1152.904,-0.275507473
OI005030,O02004,P041,4,1494.52,0.3,1334.39,5978.08,1793.424,4184.656,5337.56,-1152.904,-0.275507473
OI005109,O02033,P041,4,1494.52,0.3,1334.39,5978.08,1793.424,4184.656,5337.56,-1152.904,-0.275507473
OI001206,O00473,P062,3,1993.86,0.3,1780.23,5981.58,1794.474,4187.106,5340.69,-1153.584,-0.275508669
OI001760,O00697,P062,3,1993.86,0.3,1780.23,5981.58,1794.474,4187.106,5340.69,-1153.584,-0.275508669
OI000623,O00245,P019,4,3112.57,0.2,2779.08,12450.28,2490.056,9960.224,11116.32,-1156.096,-0.116071285
OI000846,O00333,P019,4,3112.57,0.2,2779.08,12450.28,2490.056,9960.224,11116.32,-1156.096,-0.116071285
OI001019,O00398,P019,4,3112.57,0.2,2779.08,12450.28,2490.056,9960.224,11116.32,-1156.096,-0.116071285
OI001969,O00778,P037,4,3125.99,0.2,2791.06,12503.96,2500.792,10003.168,11164.24,-1161.072,-0.116070429
OI000208,O00081,P019,2,3112.57,0.3,2779.08,6225.14,1867.542,4357.598,5558.16,-1200.562,-0.27551004
OI000248,O00099,P019,2,3112.57,0.3,2779.08,6225.14,1867.542,4357.598,5558.16,-1200.562,-0.27551004
OI002674,O01057,P048,3,4310.39,0.2,3848.56,12931.17,2586.234,10344.936,11545.68,-1200.744,-0.116070704
OI000976,O00379,P037,2,3125.99,0.3,2791.06,6251.98,1875.594,4376.386,5582.12,-1205.734,-0.275509062
OI004309,O01721,P037,2,3125.99,0.3,2791.06,6251.98,1875.594,4376.386,5582.12,-1205.734,-0.275509062
OI005428,O02155,P037,2,3125.99,0.3,2791.06,6251.98,1875.594,4376.386,5582.12,-1205.734,-0.275509062
OI000966,O00376,P075,4,6578.23,0.3,4906.98,26312.92,7893.876,18419.044,19627.92,-1208.876,-0.065631854
OI001786,O00708,P075,4,6578.23,0.3,4906.98,26312.92,7893.876,18419.044,19627.92,-1208.876,-0.065631854
OI002832,O01120,P063,3,4500.08,0.2,4017.93,13500.24,2700.048,10800.192,12053.79,-1253.598,-0.116071825
OI002958,O01172,P063,3,4500.08,0.2,4017.93,13500.24,2700.048,10800.192,12053.79,-1253.598,-0.116071825
OI000899,O00351,P058,3,4600.81,0.2,4107.87,13802.43,2760.486,11041.944,12323.61,-1281.666,-0.116072496
OI002770,O01094,P058,3,4600.81,0.2,4107.87,13802.43,2760.486,11041.944,12323.61,-1281.666,-0.116072496
OI003304,O01316,P058,3,4600.81,0.2,4107.87,13802.43,2760.486,11041.944,12323.61,-1281.666,-0.116072496
OI003663,O01462,P058,3,4600.81,0.2,4107.87,13802.43,2760.486,11041.944,12323.61,-1281.666,-0.116072496
OI001444,O00569,P013,4,1662.63,0.3,1484.49,6650.52,1995.156,4655.364,5937.96,-1282.596,-0.275509283
OI002318,O00917,P013,4,1662.63,0.3,1484.49,6650.52,1995.156,4655.364,5937.96,-1282.596,-0.275509283
OI003101,O01235,P064,3,4726.39,0.2,4219.99,14179.17,2835.834,11343.336,12659.97,-1316.634,-0.116071145
OI001762,O00699,P044,3,4748.93,0.2,4240.12,14246.79,2849.358,11397.432,12720.36,-1322.928,-0.116072463
OI004064,O01626,P044,3,4748.93,0.2,4240.12,14246.79,2849.358,11397.432,12720.36,-1322.928,-0.116072463
OI004269,O01702,P044,3,4748.93,0.2,4240.12,14246.79,2849.358,11397.432,12720.36,-1322.928,-0.116072463
OI003111,O01238,P039,4,3602.12,0.2,3216.18,14408.48,2881.696,11526.784,12864.72,-1337.936,-0.116071924
OI005076,O02020,P039,4,3602.12,0.2,3216.18,14408.48,2881.696,11526.784,12864.72,-1337.936,-0.116071924
OI000273,O00107,P035,3,4806.84,0.2,4291.82,14420.52,2884.104,11536.416,12875.46,-1339.044,-0.116071057
OI000420,O00163,P059,3,4842.61,0.2,4323.76,14527.83,2905.566,11622.264,12971.28,-1349.016,-0.116071705
OI002102,O00830,P059,3,4842.61,0.2,4323.76,14527.83,2905.566,11622.264,12971.28,-1349.016,-0.116071705
OI003689,O01473,P059,3,4842.61,0.2,4323.76,14527.83,2905.566,11622.264,12971.28,-1349.016,-0.116071705
OI000462,O00180,P009,4,4981.98,0.2,4324.06,19927.92,3985.584,15942.336,17296.24,-1353.904,-0.08492507
OI003725,O01487,P009,4,4981.98,0.2,4324.06,19927.92,3985.584,15942.336,17296.24,-1353.904,-0.08492507
OI004867,O01947,P009,4,4981.98,0.2,4324.06,19927.92,3985.584,15942.336,17296.24,-1353.904,-0.08492507
OI003835,O01533,P031,3,4921.58,0.2,4394.27,14764.74,2952.948,11811.792,13182.81,-1371.018,-0.116071973
OI001634,O00648,P039,2,3602.12,0.3,3216.18,7204.24,2161.272,5042.968,6432.36,-1389.392,-0.275510771
OI003733,O01490,P039,2,3602.12,0.3,3216.18,7204.24,2161.272,5042.968,6432.36,-1389.392,-0.275510771
OI004539,O01823,P039,2,3602.12,0.3,3216.18,7204.24,2161.272,5042.968,6432.36,-1389.392,-0.275510771
OI000233,O00094,P004,4,3768.92,0.2,3365.11,15075.68,3015.136,12060.544,13460.44,-1399.896,-0.116072376
OI003105,O01237,P004,4,3768.92,0.2,3365.11,15075.68,3015.136,12060.544,13460.44,-1399.896,-0.116072376
OI005483,O02182,P002,4,3793.81,0.2,3387.33,15175.24,3035.048,12140.192,13549.32,-1409.128,-0.116071311
OI001793,O00710,P016,4,3833.17,0.2,3422.47,15332.68,3066.536,12266.144,13689.88,-1423.736,-0.11607038
OI004166,O01665,P016,4,3833.17,0.2,3422.47,15332.68,3066.536,12266.144,13689.88,-1423.736,-0.11607038
OI000920,O00358,P017,3,5112.9,0.2,4565.09,15338.7,3067.74,12270.96,13695.27,-1424.31,-0.116071603
OI004196,O01676,P042,3,5125.64,0.2,4576.46,15376.92,3075.384,12301.536,13729.38,-1427.844,-0.116070383
OI001670,O00663,P078,3,5006.54,0.3,3985.08,15019.62,4505.886,10513.734,11955.24,-1441.506,-0.13710695
OI001707,O00676,P078,3,5006.54,0.3,3985.08,15019.62,4505.886,10513.734,11955.24,-1441.506,-0.13710695
OI000365,O00144,P004,2,3768.92,0.3,3365.11,7537.84,2261.352,5276.488,6730.22,-1453.732,-0.275511287
OI001088,O00424,P004,2,3768.92,0.3,3365.11,7537.84,2261.352,5276.488,6730.22,-1453.732,-0.275511287
OI002604,O01030,P004,2,3768.92,0.3,3365.11,7537.84,2261.352,5276.488,6730.22,-1453.732,-0.275511287
OI004699,O01883,P034,3,5252.02,0.2,4689.3,15756.06,3151.212,12604.848,14067.9,-1463.052,-0.116070579
OI002759,O01090,P002,2,3793.81,0.3,3387.33,7587.62,2276.286,5311.334,6774.66,-1463.326,-0.27551007
OI005173,O02058,P002,2,3793.81,0.3,3387.33,7587.62,2276.286,5311.334,6774.66,-1463.326,-0.27551007
OI000874,O00344,P016,2,3833.17,0.3,3422.47,7666.34,2299.902,5366.438,6844.94,-1478.502,-0.275509006
OI001592,O00632,P036,4,1918.28,0.3,1712.75,7673.12,2301.936,5371.184,6851,-1479.816,-0.275510204
OI004705,O01885,P036,4,1918.28,0.3,1712.75,7673.12,2301.936,5371.184,6851,-1479.816,-0.275510204
OI005392,O02142,P036,4,1918.28,0.3,1712.75,7673.12,2301.936,5371.184,6851,-1479.816,-0.275510204
OI002191,O00862,P021,3,5344.27,0.2,4771.67,16032.81,3206.562,12826.248,14315.01,-1488.762,-0.116071512
OI000192,O00076,P033,3,2579.49,0.3,2303.12,7738.47,2321.541,5416.929,6909.36,-1492.431,-0.27551238
OI001611,O00639,P033,3,2579.49,0.3,2303.12,7738.47,2321.541,5416.929,6909.36,-1492.431,-0.27551238
OI000124,O00050,P026,3,5470.33,0.2,4884.22,16410.99,3282.198,13128.792,14652.66,-1523.868,-0.116070694
OI000640,O00250,P026,3,5470.33,0.2,4884.22,16410.99,3282.198,13128.792,14652.66,-1523.868,-0.116070694
OI001480,O00584,P026,3,5470.33,0.2,4884.22,16410.99,3282.198,13128.792,14652.66,-1523.868,-0.116070694
OI002853,O01130,P026,3,5470.33,0.2,4884.22,16410.99,3282.198,13128.792,14652.66,-1523.868,-0.116070694
OI003270,O01301,P026,3,5470.33,0.2,4884.22,16410.99,3282.198,13128.792,14652.66,-1523.868,-0.116070694
OI004387,O01756,P026,3,5470.33,0.2,4884.22,16410.99,3282.198,13128.792,14652.66,-1523.868,-0.116070694
OI004575,O01837,P026,3,5470.33,0.2,4884.22,16410.99,3282.198,13128.792,14652.66,-1523.868,-0.116070694
OI002768,O01092,P045,3,5481.6,0.2,4894.29,16444.8,3288.96,13155.84,14682.87,-1527.03,-0.116072406
OI004751,O01903,P045,3,5481.6,0.2,4894.29,16444.8,3288.96,13155.84,14682.87,-1527.03,-0.116072406
OI004818,O01928,P045,3,5481.6,0.2,4894.29,16444.8,3288.96,13155.84,14682.87,-1527.03,-0.116072406
OI000854,O00336,P050,3,2647.44,0.3,2363.79,7942.32,2382.696,5559.624,7091.37,-1531.746,-0.275512517
OI001565,O00622,P050,3,2647.44,0.3,2363.79,7942.32,2382.696,5559.624,7091.37,-1531.746,-0.275512517
OI003902,O01561,P050,3,2647.44,0.3,2363.79,7942.32,2382.696,5559.624,7091.37,-1531.746,-0.275512517
OI004865,O01946,P050,3,2647.44,0.3,2363.79,7942.32,2382.696,5559.624,7091.37,-1531.746,-0.275512517
OI001678,O00668,P062,4,1993.86,0.3,1780.23,7975.44,2392.632,5582.808,7120.92,-1538.112,-0.275508669
OI000520,O00203,P069,3,5592.45,0.2,4993.26,16777.35,3355.47,13421.88,14979.78,-1557.9,-0.116071668
OI004955,O01974,P048,4,4310.39,0.2,3848.56,17241.56,3448.312,13793.248,15394.24,-1600.992,-0.116070704
OI001098,O00427,P080,3,5576.76,0.3,4441.52,16730.28,5019.084,11711.196,13324.56,-1613.364,-0.137762531
OI002145,O00846,P080,3,5576.76,0.3,4441.52,16730.28,5019.084,11711.196,13324.56,-1613.364,-0.137762531
OI003991,O01596,P080,3,5576.76,0.3,4441.52,16730.28,5019.084,11711.196,13324.56,-1613.364,-0.137762531
OI000973,O00378,P038,3,2828.73,0.3,2525.65,8486.19,2545.857,5940.333,7576.95,-1636.617,-0.275509302
OI002649,O01048,P038,3,2828.73,0.3,2525.65,8486.19,2545.857,5940.333,7576.95,-1636.617,-0.275509302
OI003456,O01375,P038,3,2828.73,0.3,2525.65,8486.19,2545.857,5940.333,7576.95,-1636.617,-0.275509302
OI004848,O01940,P038,3,2828.73,0.3,2525.65,8486.19,2545.857,5940.333,7576.95,-1636.617,-0.275509302
OI001946,O00769,P048,2,4310.39,0.3,3848.56,8620.78,2586.234,6034.546,7697.12,-1662.574,-0.275509376
OI000559,O00219,P063,4,4500.08,0.2,4017.93,18000.32,3600.064,14400.256,16071.72,-1671.464,-0.116071825
OI001933,O00763,P063,4,4500.08,0.2,4017.93,18000.32,3600.064,14400.256,16071.72,-1671.464,-0.116071825
OI005097,O02028,P063,4,4500.08,0.2,4017.93,18000.32,3600.064,14400.256,16071.72,-1671.464,-0.116071825
OI005103,O02031,P063,4,4500.08,0.2,4017.93,18000.32,3600.064,14400.256,16071.72,-1671.464,-0.116071825
OI003171,O01265,P009,2,4981.98,0.3,4324.06,9963.96,2989.188,6974.772,8648.12,-1673.348,-0.239914366
OI003479,O01383,P009,2,4981.98,0.3,4324.06,9963.96,2989.188,6974.772,8648.12,-1673.348,-0.239914366
OI003852,O01541,P009,2,4981.98,0.3,4324.06,9963.96,2989.188,6974.772,8648.12,-1673.348,-0.239914366
OI002847,O01127,P058,4,4600.81,0.2,4107.87,18403.24,3680.648,14722.592,16431.48,-1708.888,-0.116072496
OI003503,O01391,P058,4,4600.81,0.2,4107.87,18403.24,3680.648,14722.592,16431.48,-1708.888,-0.116072496
OI004731,O01893,P058,4,4600.81,0.2,4107.87,18403.24,3680.648,14722.592,16431.48,-1708.888,-0.116072496
OI004042,O01616,P063,2,4500.08,0.3,4017.93,9000.16,2700.048,6300.112,8035.86,-1735.748,-0.275510658
OI005373,O02136,P063,2,4500.08,0.3,4017.93,9000.16,2700.048,6300.112,8035.86,-1735.748,-0.275510658
OI001559,O00619,P064,4,4726.39,0.2,4219.99,18905.56,3781.112,15124.448,16879.96,-1755.512,-0.116071145
OI002918,O01158,P064,4,4726.39,0.2,4219.99,18905.56,3781.112,15124.448,16879.96,-1755.512,-0.116071145
OI003244,O01289,P064,4,4726.39,0.2,4219.99,18905.56,3781.112,15124.448,16879.96,-1755.512,-0.116071145
OI005507,O02191,P064,4,4726.39,0.2,4219.99,18905.56,3781.112,15124.448,16879.96,-1755.512,-0.116071145
OI003662,O01461,P044,4,4748.93,0.2,4240.12,18995.72,3799.144,15196.576,16960.48,-1763.904,-0.116072463
OI004815,O01926,P044,4,4748.93,0.2,4240.12,18995.72,3799.144,15196.576,16960.48,-1763.904,-0.116072463
OI003227,O01284,P058,2,4600.81,0.3,4107.87,9201.62,2760.486,6441.134,8215.74,-1774.606,-0.275511424
OI005100,O02031,P035,4,4806.84,0.2,4291.82,19227.36,3845.472,15381.888,17167.28,-1785.392,-0.116071057
OI000964,O00375,P059,4,4842.61,0.2,4323.76,19370.44,3874.088,15496.352,17295.04,-1798.688,-0.116071705
OI005409,O02150,P059,4,4842.61,0.2,4323.76,19370.44,3874.088,15496.352,17295.04,-1798.688,-0.116071705
OI002871,O01137,P019,3,3112.57,0.3,2779.08,9337.71,2801.313,6536.397,8337.24,-1800.843,-0.27551004
OI003299,O01313,P019,3,3112.57,0.3,2779.08,9337.71,2801.313,6536.397,8337.24,-1800.843,-0.27551004
OI003918,O01569,P019,3,3112.57,0.3,2779.08,9337.71,2801.313,6536.397,8337.24,-1800.843,-0.27551004
OI000285,O00112,P037,3,3125.99,0.3,2791.06,9377.97,2813.391,6564.579,8373.18,-1808.601,-0.275509062
OI004719,O01888,P064,2,4726.39,0.3,4219.99,9452.78,2835.834,6616.946,8439.98,-1823.034,-0.27550988
OI004805,O01923,P064,2,4726.39,0.3,4219.99,9452.78,2835.834,6616.946,8439.98,-1823.034,-0.27550988
OI000509,O00200,P044,2,4748.93,0.3,4240.12,9497.86,2849.358,6648.502,8480.24,-1831.738,-0.275511386
OI000781,O00307,P044,2,4748.93,0.3,4240.12,9497.86,2849.358,6648.502,8480.24,-1831.738,-0.275511386
OI000853,O00336,P035,2,4806.84,0.3,4291.82,9613.68,2884.104,6729.576,8583.64,-1854.064,-0.27550978
OI001109,O00433,P035,2,4806.84,0.3,4291.82,9613.68,2884.104,6729.576,8583.64,-1854.064,-0.27550978
OI001258,O00493,P035,2,4806.84,0.3,4291.82,9613.68,2884.104,6729.576,8583.64,-1854.064,-0.27550978
OI004003,O01602,P035,2,4806.84,0.3,4291.82,9613.68,2884.104,6729.576,8583.64,-1854.064,-0.27550978
OI004095,O01640,P035,2,4806.84,0.3,4291.82,9613.68,2884.104,6729.576,8583.64,-1854.064,-0.27550978
OI001948,O00770,P059,2,4842.61,0.3,4323.76,9685.22,2905.566,6779.654,8647.52,-1867.866,-0.27551052
OI000717,O00282,P031,2,4921.58,0.3,4394.27,9843.16,2952.948,6890.212,8788.54,-1898.328,-0.275510826
OI005177,O02059,P031,2,4921.58,0.3,4394.27,9843.16,2952.948,6890.212,8788.54,-1898.328,-0.275510826
OI000237,O00095,P017,4,5112.9,0.2,4565.09,20451.6,4090.32,16361.28,18260.36,-1899.08,-0.116071603
OI000346,O00139,P017,4,5112.9,0.2,4565.09,20451.6,4090.32,16361.28,18260.36,-1899.08,-0.116071603
OI002388,O00946,P017,4,5112.9,0.2,4565.09,20451.6,4090.32,16361.28,18260.36,-1899.08,-0.116071603
OI004033,O01613,P017,4,5112.9,0.2,4565.09,20451.6,4090.32,16361.28,18260.36,-1899.08,-0.116071603
OI004824,O01931,P017,4,5112.9,0.2,4565.09,20451.6,4090.32,16361.28,18260.36,-1899.08,-0.116071603
OI004866,O01946,P017,4,5112.9,0.2,4565.09,20451.6,4090.32,16361.28,18260.36,-1899.08,-0.116071603
OI000563,O00220,P042,4,5125.64,0.2,4576.46,20502.56,4100.512,16402.048,18305.84,-1903.792,-0.116070383
OI001384,O00543,P042,4,5125.64,0.2,4576.46,20502.56,4100.512,16402.048,18305.84,-1903.792,-0.116070383
OI004089,O01637,P042,4,5125.64,0.2,4576.46,20502.56,4100.512,16402.048,18305.84,-1903.792,-0.116070383
OI005199,O02066,P042,4,5125.64,0.2,4576.46,20502.56,4100.512,16402.048,18305.84,-1903.792,-0.116070383
OI005417,O02152,P042,4,5125.64,0.2,4576.46,20502.56,4100.512,16402.048,18305.84,-1903.792,-0.116070383
OI002423,O00960,P078,4,5006.54,0.3,3985.08,20026.16,6007.848,14018.312,15940.32,-1922.008,-0.13710695
OI005433,O02157,P078,4,5006.54,0.3,3985.08,20026.16,6007.848,14018.312,15940.32,-1922.008,-0.13710695
OI002189,O00862,P034,4,5252.02,0.2,4689.3,21008.08,4201.616,16806.464,18757.2,-1950.736,-0.116070579
OI004692,O01881,P034,4,5252.02,0.2,4689.3,21008.08,4201.616,16806.464,18757.2,-1950.736,-0.116070579
OI005007,O01994,P034,4,5252.02,0.2,4689.3,21008.08,4201.616,16806.464,18757.2,-1950.736,-0.116070579
OI001725,O00682,P017,2,5112.9,0.3,4565.09,10225.8,3067.74,7158.06,9130.18,-1972.12,-0.275510404
OI002404,O00952,P017,2,5112.9,0.3,4565.09,10225.8,3067.74,7158.06,9130.18,-1972.12,-0.275510404
OI000583,O00229,P042,2,5125.64,0.3,4576.46,10251.28,3075.384,7175.896,9152.92,-1977.024,-0.27550901
OI000688,O00273,P021,4,5344.27,0.2,4771.67,21377.08,4275.416,17101.664,19086.68,-1985.016,-0.116071512
OI001226,O00482,P021,4,5344.27,0.2,4771.67,21377.08,4275.416,17101.664,19086.68,-1985.016,-0.116071512
OI001658,O00658,P021,4,5344.27,0.2,4771.67,21377.08,4275.416,17101.664,19086.68,-1985.016,-0.116071512
OI001711,O00678,P021,4,5344.27,0.2,4771.67,21377.08,4275.416,17101.664,19086.68,-1985.016,-0.116071512
OI002907,O01154,P021,4,5344.27,0.2,4771.67,21377.08,4275.416,17101.664,19086.68,-1985.016,-0.116071512
OI004158,O01663,P021,4,5344.27,0.2,4771.67,21377.08,4275.416,17101.664,19086.68,-1985.016,-0.116071512
OI004948,O01971,P021,4,5344.27,0.2,4771.67,21377.08,4275.416,17101.664,19086.68,-1985.016,-0.116071512
OI000287,O00113,P034,2,5252.02,0.3,4689.3,10504.04,3151.212,7352.828,9378.6,-2025.772,-0.275509233
OI001722,O00681,P034,2,5252.02,0.3,4689.3,10504.04,3151.212,7352.828,9378.6,-2025.772,-0.275509233
OI004065,O01627,P034,2,5252.02,0.3,4689.3,10504.04,3151.212,7352.828,9378.6,-2025.772,-0.275509233
OI004755,O01905,P034,2,5252.02,0.3,4689.3,10504.04,3151.212,7352.828,9378.6,-2025.772,-0.275509233
OI001869,O00737,P026,4,5470.33,0.2,4884.22,21881.32,4376.264,17505.056,19536.88,-2031.824,-0.116070694
OI004237,O01691,P026,4,5470.33,0.2,4884.22,21881.32,4376.264,17505.056,19536.88,-2031.824,-0.116070694
OI000586,O00230,P045,4,5481.6,0.2,4894.29,21926.4,4385.28,17541.12,19577.16,-2036.04,-0.116072406
OI000833,O00328,P045,4,5481.6,0.2,4894.29,21926.4,4385.28,17541.12,19577.16,-2036.04,-0.116072406
OI003691,O01474,P045,4,5481.6,0.2,4894.29,21926.4,4385.28,17541.12,19577.16,-2036.04,-0.116072406
OI004744,O01900,P045,4,5481.6,0.2,4894.29,21926.4,4385.28,17541.12,19577.16,-2036.04,-0.116072406
OI000181,O00073,P050,4,2647.44,0.3,2363.79,10589.76,3176.928,7412.832,9455.16,-2042.328,-0.275512517
OI001528,O00604,P050,4,2647.44,0.3,2363.79,10589.76,3176.928,7412.832,9455.16,-2042.328,-0.275512517
OI002370,O00939,P050,4,2647.44,0.3,2363.79,10589.76,3176.928,7412.832,9455.16,-2042.328,-0.275512517
OI004602,O01847,P050,4,2647.44,0.3,2363.79,10589.76,3176.928,7412.832,9455.16,-2042.328,-0.275512517
OI003488,O01386,P021,2,5344.27,0.3,4771.67,10688.54,3206.562,7481.978,9543.34,-2061.362,-0.2755103
OI004205,O01680,P021,2,5344.27,0.3,4771.67,10688.54,3206.562,7481.978,9543.34,-2061.362,-0.2755103
OI000367,O00145,P069,4,5592.45,0.2,4993.26,22369.8,4473.96,17895.84,19973.04,-2077.2,-0.116071668
OI002233,O00880,P069,4,5592.45,0.2,4993.26,22369.8,4473.96,17895.84,19973.04,-2077.2,-0.116071668
OI000179,O00072,P039,3,3602.12,0.3,3216.18,10806.36,3241.908,7564.452,9648.54,-2084.088,-0.275510771
OI000674,O00266,P039,3,3602.12,0.3,3216.18,10806.36,3241.908,7564.452,9648.54,-2084.088,-0.275510771
OI000905,O00354,P039,3,3602.12,0.3,3216.18,10806.36,3241.908,7564.452,9648.54,-2084.088,-0.275510771
OI004821,O01929,P039,3,3602.12,0.3,3216.18,10806.36,3241.908,7564.452,9648.54,-2084.088,-0.275510771
OI000857,O00338,P026,2,5470.33,0.3,4884.22,10940.66,3282.198,7658.462,9768.44,-2109.978,-0.275509365
OI001888,O00744,P026,2,5470.33,0.3,4884.22,10940.66,3282.198,7658.462,9768.44,-2109.978,-0.275509365
OI004621,O01853,P026,2,5470.33,0.3,4884.22,10940.66,3282.198,7658.462,9768.44,-2109.978,-0.275509365
OI000122,O00049,P045,2,5481.6,0.3,4894.29,10963.2,3288.96,7674.24,9788.58,-2114.34,-0.275511321
OI000219,O00088,P045,2,5481.6,0.3,4894.29,10963.2,3288.96,7674.24,9788.58,-2114.34,-0.275511321
OI002280,O00900,P045,2,5481.6,0.3,4894.29,10963.2,3288.96,7674.24,9788.58,-2114.34,-0.275511321
OI003250,O01292,P045,2,5481.6,0.3,4894.29,10963.2,3288.96,7674.24,9788.58,-2114.34,-0.275511321
OI004882,O01952,P045,2,5481.6,0.3,4894.29,10963.2,3288.96,7674.24,9788.58,-2114.34,-0.275511321
OI000765,O00299,P069,2,5592.45,0.3,4993.26,11184.9,3355.47,7829.43,9986.52,-2157.09,-0.275510478
OI002973,O01177,P069,2,5592.45,0.3,4993.26,11184.9,3355.47,7829.43,9986.52,-2157.09,-0.275510478
OI004804,O01922,P069,2,5592.45,0.3,4993.26,11184.9,3355.47,7829.43,9986.52,-2157.09,-0.275510478
OI000358,O00142,P004,3,3768.92,0.3,3365.11,11306.76,3392.028,7914.732,10095.33,-2180.598,-0.275511287
OI001656,O00656,P004,3,3768.92,0.3,3365.11,11306.76,3392.028,7914.732,10095.33,-2180.598,-0.275511287
OI003047,O01212,P004,3,3768.92,0.3,3365.11,11306.76,3392.028,7914.732,10095.33,-2180.598,-0.275511287
OI004360,O01745,P004,3,3768.92,0.3,3365.11,11306.76,3392.028,7914.732,10095.33,-2180.598,-0.275511287
OI004860,O01944,P004,3,3768.92,0.3,3365.11,11306.76,3392.028,7914.732,10095.33,-2180.598,-0.275511287
OI004980,O01983,P004,3,3768.92,0.3,3365.11,11306.76,3392.028,7914.732,10095.33,-2180.598,-0.275511287
OI000020,O00011,P038,4,2828.73,0.3,2525.65,11314.92,3394.476,7920.444,10102.6,-2182.156,-0.275509302
OI001069,O00416,P038,4,2828.73,0.3,2525.65,11314.92,3394.476,7920.444,10102.6,-2182.156,-0.275509302
OI002902,O01151,P038,4,2828.73,0.3,2525.65,11314.92,3394.476,7920.444,10102.6,-2182.156,-0.275509302
OI003003,O01191,P038,4,2828.73,0.3,2525.65,11314.92,3394.476,7920.444,10102.6,-2182.156,-0.275509302
OI003532,O01403,P038,4,2828.73,0.3,2525.65,11314.92,3394.476,7920.444,10102.6,-2182.156,-0.275509302
OI005265,O02093,P038,4,2828.73,0.3,2525.65,11314.92,3394.476,7920.444,10102.6,-2182.156,-0.275509302
OI000010,O00006,P002,3,3793.81,0.3,3387.33,11381.43,3414.429,7967.001,10161.99,-2194.989,-0.27551007
OI002384,O00944,P002,3,3793.81,0.3,3387.33,11381.43,3414.429,7967.001,10161.99,-2194.989,-0.27551007
OI002676,O01058,P002,3,3793.81,0.3,3387.33,11381.43,3414.429,7967.001,10161.99,-2194.989,-0.27551007
OI003715,O01484,P016,3,3833.17,0.3,3422.47,11499.51,3449.853,8049.657,10267.41,-2217.753,-0.275509006
OI004533,O01822,P016,3,3833.17,0.3,3422.47,11499.51,3449.853,8049.657,10267.41,-2217.753,-0.275509006
OI004694,O01882,P016,3,3833.17,0.3,3422.47,11499.51,3449.853,8049.657,10267.41,-2217.753,-0.275509006
OI004994,O01988,P016,3,3833.17,0.3,3422.47,11499.51,3449.853,8049.657,10267.41,-2217.753,-0.275509006
OI002311,O00914,P019,4,3112.57,0.3,2779.08,12450.28,3735.084,8715.196,11116.32,-2401.124,-0.27551004
OI003813,O01521,P019,4,3112.57,0.3,2779.08,12450.28,3735.084,8715.196,11116.32,-2401.124,-0.27551004
OI004536,O01823,P019,4,3112.57,0.3,2779.08,12450.28,3735.084,8715.196,11116.32,-2401.124,-0.27551004
OI003484,O01385,P037,4,3125.99,0.3,2791.06,12503.96,3751.188,8752.772,11164.24,-2411.468,-0.275509062
OI004982,O01983,P037,4,3125.99,0.3,2791.06,12503.96,3751.188,8752.772,11164.24,-2411.468,-0.275509062
OI005285,O02101,P037,4,3125.99,0.3,2791.06,12503.96,3751.188,8752.772,11164.24,-2411.468,-0.275509062
OI001570,O00623,P048,3,4310.39,0.3,3848.56,12931.17,3879.351,9051.819,11545.68,-2493.861,-0.275509376
OI000933,O00362,P009,3,4981.98,0.3,4324.06,14945.94,4483.782,10462.158,12972.18,-2510.022,-0.239914366
OI001107,O00432,P063,3,4500.08,0.3,4017.93,13500.24,4050.072,9450.168,12053.79,-2603.622,-0.275510658
OI001551,O00615,P063,3,4500.08,0.3,4017.93,13500.24,4050.072,9450.168,12053.79,-2603.622,-0.275510658
OI002383,O00944,P063,3,4500.08,0.3,4017.93,13500.24,4050.072,9450.168,12053.79,-2603.622,-0.275510658
OI003904,O01562,P063,3,4500.08,0.3,4017.93,13500.24,4050.072,9450.168,12053.79,-2603.622,-0.275510658
OI004392,O01759,P063,3,4500.08,0.3,4017.93,13500.24,4050.072,9450.168,12053.79,-2603.622,-0.275510658
OI005002,O01991,P063,3,4500.08,0.3,4017.93,13500.24,4050.072,9450.168,12053.79,-2603.622,-0.275510658
OI000202,O00079,P058,3,4600.81,0.3,4107.87,13802.43,4140.729,9661.701,12323.61,-2661.909,-0.275511424
OI005034,O02005,P058,3,4600.81,0.3,4107.87,13802.43,4140.729,9661.701,12323.61,-2661.909,-0.275511424
OI000629,O00246,P064,3,4726.39,0.3,4219.99,14179.17,4253.751,9925.419,12659.97,-2734.551,-0.27550988
OI001862,O00736,P064,3,4726.39,0.3,4219.99,14179.17,4253.751,9925.419,12659.97,-2734.551,-0.27550988
OI002139,O00845,P064,3,4726.39,0.3,4219.99,14179.17,4253.751,9925.419,12659.97,-2734.551,-0.27550988
OI000577,O00225,P044,3,4748.93,0.3,4240.12,14246.79,4274.037,9972.753,12720.36,-2747.607,-0.275511386
OI001287,O00503,P044,3,4748.93,0.3,4240.12,14246.79,4274.037,9972.753,12720.36,-2747.607,-0.275511386
OI001255,O00492,P039,4,3602.12,0.3,3216.18,14408.48,4322.544,10085.936,12864.72,-2778.784,-0.275510771
OI001913,O00755,P039,4,3602.12,0.3,3216.18,14408.48,4322.544,10085.936,12864.72,-2778.784,-0.275510771
OI002806,O01109,P039,4,3602.12,0.3,3216.18,14408.48,4322.544,10085.936,12864.72,-2778.784,-0.275510771
OI003071,O01219,P039,4,3602.12,0.3,3216.18,14408.48,4322.544,10085.936,12864.72,-2778.784,-0.275510771
OI005317,O02114,P039,4,3602.12,0.3,3216.18,14408.48,4322.544,10085.936,12864.72,-2778.784,-0.275510771
OI000294,O00117,P035,3,4806.84,0.3,4291.82,14420.52,4326.156,10094.364,12875.46,-2781.096,-0.27550978
OI002787,O01102,P035,3,4806.84,0.3,4291.82,14420.52,4326.156,10094.364,12875.46,-2781.096,-0.27550978
OI004619,O01852,P035,3,4806.84,0.3,4291.82,14420.52,4326.156,10094.364,12875.46,-2781.096,-0.27550978
OI005107,O02032,P035,3,4806.84,0.3,4291.82,14420.52,4326.156,10094.364,12875.46,-2781.096,-0.27550978
OI000804,O00318,P059,3,4842.61,0.3,4323.76,14527.83,4358.349,10169.481,12971.28,-2801.799,-0.27551052
OI003590,O01429,P059,3,4842.61,0.3,4323.76,14527.83,4358.349,10169.481,12971.28,-2801.799,-0.27551052
OI004354,O01742,P059,3,4842.61,0.3,4323.76,14527.83,4358.349,10169.481,12971.28,-2801.799,-0.27551052
OI004428,O01772,P059,3,4842.61,0.3,4323.76,14527.83,4358.349,10169.481,12971.28,-2801.799,-0.27551052
OI001856,O00734,P031,3,4921.58,0.3,4394.27,14764.74,4429.422,10335.318,13182.81,-2847.492,-0.275510826
OI004711,O01886,P031,3,4921.58,0.3,4394.27,14764.74,4429.422,10335.318,13182.81,-2847.492,-0.275510826
OI000072,O00029,P004,4,3768.92,0.3,3365.11,15075.68,4522.704,10552.976,13460.44,-2907.464,-0.275511287
OI000829,O00327,P004,4,3768.92,0.3,3365.11,15075.68,4522.704,10552.976,13460.44,-2907.464,-0.275511287
OI001545,O00614,P004,4,3768.92,0.3,3365.11,15075.68,4522.704,10552.976,13460.44,-2907.464,-0.275511287
OI002045,O00806,P004,4,3768.92,0.3,3365.11,15075.68,4522.704,10552.976,13460.44,-2907.464,-0.275511287
OI002343,O00929,P004,4,3768.92,0.3,3365.11,15075.68,4522.704,10552.976,13460.44,-2907.464,-0.275511287
OI003767,O01503,P004,4,3768.92,0.3,3365.11,15075.68,4522.704,10552.976,13460.44,-2907.464,-0.275511287
OI004779,O01913,P004,4,3768.92,0.3,3365.11,15075.68,4522.704,10552.976,13460.44,-2907.464,-0.275511287
OI004965,O01977,P004,4,3768.92,0.3,3365.11,15075.68,4522.704,10552.976,13460.44,-2907.464,-0.275511287
OI001392,O00545,P002,4,3793.81,0.3,3387.33,15175.24,4552.572,10622.668,13549.32,-2926.652,-0.27551007
OI001426,O00560,P002,4,3793.81,0.3,3387.33,15175.24,4552.572,10622.668,13549.32,-2926.652,-0.27551007
OI002114,O00833,P002,4,3793.81,0.3,3387.33,15175.24,4552.572,10622.668,13549.32,-2926.652,-0.27551007
OI001427,O00560,P016,4,3833.17,0.3,3422.47,15332.68,4599.804,10732.876,13689.88,-2957.004,-0.275509006
OI003600,O01435,P016,4,3833.17,0.3,3422.47,15332.68,4599.804,10732.876,13689.88,-2957.004,-0.275509006
OI001750,O00695,P017,3,5112.9,0.3,4565.09,15338.7,4601.61,10737.09,13695.27,-2958.18,-0.275510404
OI002625,O01038,P017,3,5112.9,0.3,4565.09,15338.7,4601.61,10737.09,13695.27,-2958.18,-0.275510404
OI000568,O00222,P042,3,5125.64,0.3,4576.46,15376.92,4613.076,10763.844,13729.38,-2965.536,-0.27550901
OI000742,O00292,P042,3,5125.64,0.3,4576.46,15376.92,4613.076,10763.844,13729.38,-2965.536,-0.27550901
OI001718,O00680,P042,3,5125.64,0.3,4576.46,15376.92,4613.076,10763.844,13729.38,-2965.536,-0.27550901
OI004993,O01988,P042,3,5125.64,0.3,4576.46,15376.92,4613.076,10763.844,13729.38,-2965.536,-0.27550901
OI005090,O02025,P042,3,5125.64,0.3,4576.46,15376.92,4613.076,10763.844,13729.38,-2965.536,-0.27550901
OI000858,O00338,P034,3,5252.02,0.3,4689.3,15756.06,4726.818,11029.242,14067.9,-3038.658,-0.275509233
OI001060,O00414,P034,3,5252.02,0.3,4689.3,15756.06,4726.818,11029.242,14067.9,-3038.658,-0.275509233
OI004843,O01938,P034,3,5252.02,0.3,4689.3,15756.06,4726.818,11029.242,14067.9,-3038.658,-0.275509233
OI002051,O00809,P021,3,5344.27,0.3,4771.67,16032.81,4809.843,11222.967,14315.01,-3092.043,-0.2755103
OI004334,O01733,P021,3,5344.27,0.3,4771.67,16032.81,4809.843,11222.967,14315.01,-3092.043,-0.2755103
OI005509,O02192,P021,3,5344.27,0.3,4771.67,16032.81,4809.843,11222.967,14315.01,-3092.043,-0.2755103
OI000030,O00015,P026,3,5470.33,0.3,4884.22,16410.99,4923.297,11487.693,14652.66,-3164.967,-0.275509365
OI000595,O00233,P026,3,5470.33,0.3,4884.22,16410.99,4923.297,11487.693,14652.66,-3164.967,-0.275509365
OI001457,O00574,P026,3,5470.33,0.3,4884.22,16410.99,4923.297,11487.693,14652.66,-3164.967,-0.275509365
OI001525,O00603,P026,3,5470.33,0.3,4884.22,16410.99,4923.297,11487.693,14652.66,-3164.967,-0.275509365
OI005067,O02016,P026,3,5470.33,0.3,4884.22,16410.99,4923.297,11487.693,14652.66,-3164.967,-0.275509365
OI001973,O00779,P045,3,5481.6,0.3,4894.29,16444.8,4933.44,11511.36,14682.87,-3171.51,-0.275511321
OI003298,O01313,P045,3,5481.6,0.3,4894.29,16444.8,4933.44,11511.36,14682.87,-3171.51,-0.275511321
OI004217,O01683,P045,3,5481.6,0.3,4894.29,16444.8,4933.44,11511.36,14682.87,-3171.51,-0.275511321
OI000240,O00096,P069,3,5592.45,0.3,4993.26,16777.35,5033.205,11744.145,14979.78,-3235.635,-0.275510478
OI001220,O00479,P069,3,5592.45,0.3,4993.26,16777.35,5033.205,11744.145,14979.78,-3235.635,-0.275510478
OI005258,O02090,P069,3,5592.45,0.3,4993.26,16777.35,5033.205,11744.145,14979.78,-3235.635,-0.275510478
OI000689,O00273,P048,4,4310.39,0.3,3848.56,17241.56,5172.468,12069.092,15394.24,-3325.148,-0.275509376
OI001059,O00413,P048,4,4310.39,0.3,3848.56,17241.56,5172.468,12069.092,15394.24,-3325.148,-0.275509376
OI001245,O00487,P048,4,4310.39,0.3,3848.56,17241.56,5172.468,12069.092,15394.24,-3325.148,-0.275509376
OI002744,O01085,P048,4,4310.39,0.3,3848.56,17241.56,5172.468,12069.092,15394.24,-3325.148,-0.275509376
OI003121,O01243,P048,4,4310.39,0.3,3848.56,17241.56,5172.468,12069.092,15394.24,-3325.148,-0.275509376
OI003374,O01341,P048,4,4310.39,0.3,3848.56,17241.56,5172.468,12069.092,15394.24,-3325.148,-0.275509376
OI004368,O01748,P048,4,4310.39,0.3,3848.56,17241.56,5172.468,12069.092,15394.24,-3325.148,-0.275509376
OI001345,O00525,P009,4,4981.98,0.3,4324.06,19927.92,5978.376,13949.544,17296.24,-3346.696,-0.239914366
OI002002,O00789,P009,4,4981.98,0.3,4324.06,19927.92,5978.376,13949.544,17296.24,-3346.696,-0.239914366
OI003900,O01561,P009,4,4981.98,0.3,4324.06,19927.92,5978.376,13949.544,17296.24,-3346.696,-0.239914366
OI004501,O01809,P009,4,4981.98,0.3,4324.06,19927.92,5978.376,13949.544,17296.24,-3346.696,-0.239914366
OI002551,O01009,P063,4,4500.08,0.3,4017.93,18000.32,5400.096,12600.224,16071.72,-3471.496,-0.275510658
OI004506,O01813,P063,4,4500.08,0.3,4017.93,18000.32,5400.096,12600.224,16071.72,-3471.496,-0.275510658
OI000621,O00243,P058,4,4600.81,0.3,4107.87,18403.24,5520.972,12882.268,16431.48,-3549.212,-0.275511424
OI001996,O00788,P058,4,4600.81,0.3,4107.87,18403.24,5520.972,12882.268,16431.48,-3549.212,-0.275511424
OI002470,O00979,P058,4,4600.81,0.3,4107.87,18403.24,5520.972,12882.268,16431.48,-3549.212,-0.275511424
OI002603,O01030,P064,4,4726.39,0.3,4219.99,18905.56,5671.668,13233.892,16879.96,-3646.068,-0.27550988
OI004026,O01610,P064,4,4726.39,0.3,4219.99,18905.56,5671.668,13233.892,16879.96,-3646.068,-0.27550988
OI000109,O00045,P044,4,4748.93,0.3,4240.12,18995.72,5698.716,13297.004,16960.48,-3663.476,-0.275511386
OI001892,O00745,P035,4,4806.84,0.3,4291.82,19227.36,5768.208,13459.152,17167.28,-3708.128,-0.27550978
OI004700,O01883,P035,4,4806.84,0.3,4291.82,19227.36,5768.208,13459.152,17167.28,-3708.128,-0.27550978
OI000783,O00307,P059,4,4842.61,0.3,4323.76,19370.44,5811.132,13559.308,17295.04,-3735.732,-0.27551052
OI001184,O00465,P059,4,4842.61,0.3,4323.76,19370.44,5811.132,13559.308,17295.04,-3735.732,-0.27551052
OI001540,O00611,P059,4,4842.61,0.3,4323.76,19370.44,5811.132,13559.308,17295.04,-3735.732,-0.27551052
OI004809,O01924,P059,4,4842.61,0.3,4323.76,19370.44,5811.132,13559.308,17295.04,-3735.732,-0.27551052
OI004844,O01939,P059,4,4842.61,0.3,4323.76,19370.44,5811.132,13559.308,17295.04,-3735.732,-0.27551052
OI002061,O00814,P031,4,4921.58,0.3,4394.27,19686.32,5905.896,13780.424,17577.08,-3796.656,-0.275510826
OI002346,O00930,P031,4,4921.58,0.3,4394.27,19686.32,5905.896,13780.424,17577.08,-3796.656,-0.275510826
OI004292,O01712,P031,4,4921.58,0.3,4394.27,19686.32,5905.896,13780.424,17577.08,-3796.656,-0.275510826
OI004665,O01870,P031,4,4921.58,0.3,4394.27,19686.32,5905.896,13780.424,17577.08,-3796.656,-0.275510826
OI001418,O00557,P042,4,5125.64,0.3,4576.46,20502.56,6150.768,14351.792,18305.84,-3954.048,-0.27550901
OI002652,O01049,P042,4,5125.64,0.3,4576.46,20502.56,6150.768,14351.792,18305.84,-3954.048,-0.27550901
OI003473,O01382,P042,4,5125.64,0.3,4576.46,20502.56,6150.768,14351.792,18305.84,-3954.048,-0.27550901
OI003816,O01522,P042,4,5125.64,0.3,4576.46,20502.56,6150.768,14351.792,18305.84,-3954.048,-0.27550901
OI000597,O00233,P034,4,5252.02,0.3,4689.3,21008.08,6302.424,14705.656,18757.2,-4051.544,-0.275509233
OI005240,O02082,P034,4,5252.02,0.3,4689.3,21008.08,6302.424,14705.656,18757.2,-4051.544,-0.275509233
OI001147,O00448,P021,4,5344.27,0.3,4771.67,21377.08,6413.124,14963.956,19086.68,-4122.724,-0.2755103
OI002125,O00838,P026,4,5470.33,0.3,4884.22,21881.32,6564.396,15316.924,19536.88,-4219.956,-0.275509365
OI004825,O01931,P026,4,5470.33,0.3,4884.22,21881.32,6564.396,15316.924,19536.88,-4219.956,-0.275509365
OI000371,O00146,P045,4,5481.6,0.3,4894.29,21926.4,6577.92,15348.48,19577.16,-4228.68,-0.275511321
OI000876,O00344,P045,4,5481.6,0.3,4894.29,21926.4,6577.92,15348.48,19577.16,-4228.68,-0.275511321
OI001726,O00683,P045,4,5481.6,0.3,4894.29,21926.4,6577.92,15348.48,19577.16,-4228.68,-0.275511321
OI004734,O01895,P069,4,5592.45,0.3,4993.26,22369.8,6710.94,15658.86,19973.04,-4314.18,-0.275510478
,,,,,,,,,,,,
,,,,,,,,,55045002.53,,,
,,,,,,,,,9959.047856,,0.331416519,
,,,13779,,,,,,,,,
,,,,,,,,,,,,
,,,,,,,,,,36805159.21,,
