order_id,payment_id,payment_date,payment_method,payment_amount,payment_status
O00001,PAY00001,7/17/2025,Credit Card,35528.83,Failed
O00002,PAY00002,4/14/2025,Credit Card,9200.96,Paid
O00003,PAY00003,3/1/2026,Net Banking,6805.34,Paid
O00004,PAY00004,10/29/2025,Credit Card,8096.06,Paid
O00005,PAY00005,11/11/2025,COD,24377.17,Refunded
O00006,PAY00006,3/19/2026,Net Banking,33519.99,Paid
O00007,PAY00007,7/31/2026,COD,19069.15,Refunded
O00008,PAY00008,6/25/2025,UPI,-2826.47,Failed
O00009,PAY00009,1/5/2025,Debit Card,46792.2,Refunded
O00010,PAY00010,3/17/2026,Debit Card,38644.1,Paid
O00011,PAY00011,1/1/2025,COD,41251.93,Refunded
O00012,PAY00012,2/10/2025,Debit Card,2092.33,Paid
O00013,PAY00013,8/26/2026,COD,3919.32,Paid
O00014,PAY00014,6/9/2026,Credit Card,34400.16,Paid
O00015,PAY00015,3/7/2026,COD,43774.2,Refunded
O00016,PAY00016,5/24/2026,Debit Card,23964.65,Paid
O00017,PAY00017,2/15/2025,COD,48700.68,Paid
O00018,PAY00018,2/24/2025,Credit Card,19409.12,Failed
O00019,PAY00019,7/2/2025,Credit Card,21721.96,Paid
O00020,PAY00020,1/15/2025,Debit Card,16887.13,Paid
O00021,PAY00021,6/25/2026,Debit Card,32548.33,Paid
O00022,PAY00022,2/4/2025,UPI,23959.59,Paid
O00023,PAY00023,11/27/2025,Net Banking,31382.72,Refunded
O00024,PAY00024,6/4/2026,Debit Card,26915.05,Paid
O00025,PAY00025,3/23/2026,UPI,13247.05,Refunded
O00026,PAY00026,5/23/2025,Debit Card,35323.67,Paid
O00027,PAY00027,10/13/2025,Net Banking,26545.79,Paid
O00028,PAY00028,11/30/2025,UPI,50033.17,Paid
O00029,PAY00029,4/12/2026,COD,34110.7,Refunded
O00030,PAY00030,9/17/2025,Net Banking,11309.17,Paid
O00031,PAY00031,6/23/2025,Credit Card,12369.79,Paid
O00032,PAY00032,4/29/2026,Net Banking,15843.68,Paid
O00033,PAY00033,6/23/2026,COD,25892.23,Refunded
O00034,PAY00034,10/25/2025,COD,26468.64,Paid
O00035,PAY00035,1/18/2025,Net Banking,49959.97,Refunded
O00036,PAY00036,11/1/2025,Credit Card,17306.38,Paid
O00037,PAY00037,6/25/2026,UPI,15088.14,Paid
O00038,PAY00038,8/25/2026,Credit Card,39295.28,Failed
O00039,PAY00039,9/1/2025,COD,31048.03,Paid
O00040,PAY00040,4/2/2025,Credit Card,17271.2,Paid
O00041,PAY00041,12/14/2025,Credit Card,37720.92,Paid
O00042,PAY00042,5/21/2026,COD,22167.27,Paid
O00043,PAY00043,7/29/2026,Credit Card,34572.63,Paid
O00044,PAY00044,2/1/2025,Debit Card,6052.02,Failed
O00045,PAY00045,6/26/2025,Credit Card,41687.02,Failed
O00046,PAY00046,10/18/2025,Credit Card,14881.56,Paid
O00047,PAY00047,3/1/2025,Debit Card,25755.95,Paid
O00048,PAY00048,6/23/2026,Net Banking,28119.87,Paid
O00049,PAY00049,3/10/2025,Credit Card,45074.19,Failed
O00050,PAY00050,2/9/2026,UPI,13128.79,Refunded
O00051,PAY00051,7/13/2026,Net Banking,35799.5,Paid
O00052,PAY00052,2/21/2026,Debit Card,36979.3,Paid
O00053,PAY00053,4/10/2026,Net Banking,22214.58,Failed
O00054,PAY00054,6/10/2025,Debit Card,6577.7,Refunded
O00055,PAY00055,5/19/2026,Net Banking,6149.41,Refunded
O00056,PAY00056,9/12/2025,Net Banking,55463.03,Paid
O00057,PAY00057,2/7/2025,Net Banking,9051.36,Paid
O00058,PAY00058,8/11/2025,Net Banking,48943.51,Refunded
O00059,PAY00059,8/1/2025,Debit Card,9372.7,Failed
O00060,PAY00060,11/14/2025,Credit Card,13629.48,Refunded
O00061,PAY00061,6/11/2025,Debit Card,41732.96,Refunded
O00062,PAY00062,10/9/2025,Net Banking,20809.88,Paid
O00063,PAY00063,9/18/2025,Debit Card,9938.22,Failed
O00064,PAY00064,7/18/2025,Debit Card,3042.52,Paid
O00065,PAY00065,2/28/2026,Credit Card,37087,Paid
O00066,PAY00066,7/5/2025,UPI,46573.89,Failed
O00067,PAY00067,4/11/2026,Debit Card,49648.29,Paid
O00068,PAY00068,6/2/2025,COD,41032.25,Paid
O00069,PAY00069,6/10/2026,Net Banking,26029.35,Paid
O00070,PAY00070,8/10/2025,Net Banking,57547.15,Paid
O00071,PAY00071,1/25/2025,Net Banking,19527.61,Failed
O00072,PAY00072,4/2/2025,COD,34287.74,Refunded
O00073,PAY00073,5/6/2026,Credit Card,31387.86,Refunded
O00074,PAY00074,6/15/2026,Net Banking,13578.02,Failed
O00075,PAY00075,5/9/2025,UPI,38961.16,Paid
O00076,PAY00076,1/2/2026,Credit Card,29194.05,Refunded
O00077,PAY00077,12/16/2025,UPI,26389.66,Refunded
O00078,PAY00078,3/23/2025,Debit Card,25409.76,Refunded
O00079,PAY00079,10/2/2025,UPI,25322.73,Refunded
O00080,PAY00080,2/26/2026,Credit Card,35223.45,Refunded
O00081,PAY00081,8/12/2026,UPI,27488.12,Failed
O00082,PAY00082,5/31/2026,UPI,9147.89,Failed
O00083,PAY00083,3/1/2025,Debit Card,4987.89,Failed
O00084,PAY00084,5/25/2025,Debit Card,10266.04,Failed
O00085,PAY00085,9/23/2025,Debit Card,6225.14,Paid
O00086,PAY00086,4/2/2025,Credit Card,6388.25,Refunded
O00087,PAY00087,12/13/2025,Debit Card,40655.75,Failed
O00088,PAY00088,1/6/2025,UPI,43421.2,Failed
O00089,PAY00089,3/11/2025,Debit Card,18051.64,Failed
O00090,PAY00090,1/29/2025,COD,14646.14,Paid
O00091,PAY00091,6/29/2025,UPI,19004.19,Refunded
O00092,PAY00092,4/9/2026,UPI,50567.28,Paid
O00093,PAY00093,4/18/2025,Net Banking,20704.33,Refunded
O00094,PAY00094,8/24/2026,Debit Card,33220.16,Paid
O00095,PAY00095,6/13/2025,Credit Card,16361.28,Paid
O00096,PAY00096,1/28/2025,Net Banking,41459.72,Refunded
O00097,PAY00097,7/23/2025,Credit Card,27166.2,Failed
O00098,PAY00098,3/31/2026,Net Banking,31610.51,Failed
O00099,PAY00099,3/6/2025,Debit Card,27876.56,Paid
O00100,PAY00100,2/13/2025,UPI,18637.96,Paid
O00101,PAY00101,6/1/2026,Net Banking,19923.59,Paid
O00102,PAY00102,12/27/2025,Net Banking,27339.88,Paid
O00103,PAY00103,7/28/2025,Credit Card,12109.77,Paid
O00104,PAY00104,4/5/2026,Net Banking,46148.32,Paid
O00105,PAY00105,5/29/2026,Net Banking,34485.53,Paid
O00106,PAY00106,8/7/2025,COD,28130.4,Paid
O00107,PAY00107,12/8/2025,COD,43971.02,Failed
O00108,PAY00108,1/7/2025,Credit Card,42504.13,Failed
O00109,PAY00109,7/6/2025,COD,4740.25,Paid
O00110,PAY00110,12/28/2025,UPI,19344.06,Failed
O00111,PAY00111,4/30/2025,Credit Card,31975.93,Paid
O00112,PAY00112,8/26/2026,Net Banking,23096.39,Paid
O00113,PAY00113,8/14/2026,Debit Card,25038.78,Paid
O00114,PAY00114,6/6/2025,Credit Card,5209.61,Paid
O00115,PAY00115,8/29/2025,UPI,19805.44,Paid
O00116,PAY00116,4/26/2025,Net Banking,50882.18,Paid
O00117,PAY00117,11/3/2025,COD,29817.14,Refunded
O00118,PAY00118,3/17/2025,Net Banking,27806.05,Paid
O00119,PAY00119,8/26/2025,Debit Card,35759.24,Refunded
O00120,PAY00120,12/4/2025,Net Banking,11155.18,Refunded
O00121,PAY00121,1/8/2026,Credit Card,41013.04,Failed
O00122,PAY00122,12/29/2025,COD,8506.68,Refunded
O00123,PAY00123,5/15/2025,UPI,15753.38,Paid
O00124,PAY00124,4/27/2026,Debit Card,30326.96,Failed
O00125,PAY00125,2/25/2026,Credit Card,28280.74,Paid
O00126,PAY00126,4/3/2026,COD,44144.31,Paid
O00127,PAY00127,10/12/2025,Credit Card,11499.51,Paid
O00128,PAY00128,6/27/2026,Net Banking,5081.37,Paid
O00129,PAY00129,8/26/2025,UPI,20924.02,Failed
O00130,PAY00130,5/5/2026,UPI,25618.54,Refunded
O00131,PAY00131,5/4/2025,Debit Card,13309.65,Paid
O00132,PAY00132,5/31/2025,Net Banking,32311.73,Refunded
O00133,PAY00133,11/17/2025,Credit Card,41521.76,Paid
O00134,PAY00134,12/4/2025,Net Banking,30133.72,Paid
O00135,PAY00135,3/30/2026,Debit Card,12760.02,Failed
O00136,PAY00136,6/30/2025,COD,45308.69,Failed
O00137,PAY00137,6/15/2026,Credit Card,19053.34,Refunded
O00138,PAY00138,7/20/2025,Credit Card,38907.22,Paid
O00139,PAY00139,11/21/2025,COD,46447.02,Paid
O00140,PAY00140,7/21/2026,Credit Card,36250.22,Paid
O00141,PAY00141,11/24/2025,Credit Card,39395.01,Failed
O00142,PAY00142,2/19/2026,COD,16465.56,Refunded
O00143,PAY00143,7/7/2026,COD,51673.41,Paid
O00144,PAY00144,8/16/2026,UPI,23063.2,Refunded
O00145,PAY00145,10/31/2025,COD,46845.15,Paid
O00146,PAY00146,9/11/2025,Net Banking,30207.86,Refunded
O00147,PAY00147,4/30/2025,Credit Card,52745.78,Paid
O00148,PAY00148,11/23/2025,Debit Card,50793.12,Paid
O00149,PAY00149,7/13/2026,Credit Card,12547.51,Paid
O00150,PAY00150,10/24/2025,UPI,61151.08,Paid
O00151,PAY00151,7/31/2025,UPI,29004.77,Paid
O00152,PAY00152,3/7/2025,UPI,38231.41,Refunded
O00153,PAY00153,8/25/2025,Debit Card,20318.32,Paid
O00154,PAY00154,5/24/2025,COD,26732.14,Failed
O00155,PAY00155,8/17/2026,Debit Card,38904.67,Refunded
O00156,PAY00156,11/17/2025,UPI,10619.23,Paid
O00157,PAY00157,3/25/2025,Debit Card,46907.81,Failed
O00158,PAY00158,2/10/2025,Net Banking,21676.64,Paid
O00159,PAY00159,6/2/2026,COD,30208.27,Failed
O00160,PAY00160,7/21/2026,Net Banking,37529.51,Paid
O00161,PAY00161,4/9/2026,Credit Card,18726.16,Paid
O00162,PAY00162,3/17/2025,Net Banking,25964.81,Failed
O00163,PAY00163,3/1/2025,UPI,16699.32,Paid
O00164,PAY00164,5/1/2025,Debit Card,10654.82,Refunded
O00165,PAY00165,4/2/2026,Debit Card,46945.78,Failed
O00166,PAY00166,4/11/2026,UPI,9866.88,Paid
O00167,PAY00167,5/25/2026,UPI,26031.04,Paid
O00168,PAY00168,2/28/2025,COD,28738.25,Paid
O00169,PAY00169,4/4/2025,Credit Card,31440.07,Failed
O00170,PAY00170,7/2/2026,UPI,24965.11,Paid
O00171,PAY00171,7/19/2026,Debit Card,27947.7,Paid
O00172,PAY00172,3/18/2026,Credit Card,42416.52,Paid
O00173,PAY00173,3/6/2025,COD,3430.46,Paid
O00174,PAY00174,2/11/2025,COD,43811.56,Paid
O00175,PAY00175,2/3/2025,COD,11993.3,Paid
O00176,PAY00176,2/25/2026,Credit Card,4974.02,Paid
O00177,PAY00177,5/30/2026,COD,5841.22,Failed
O00178,PAY00178,1/20/2026,Credit Card,25880.35,Failed
O00179,PAY00179,6/9/2025,Credit Card,42817.84,Paid
O00180,PAY00180,4/6/2026,COD,15942.34,Paid
O00181,PAY00181,2/5/2025,Net Banking,13596.93,Paid
O00182,PAY00182,5/19/2026,UPI,48409.84,Failed
O00183,PAY00183,6/27/2026,COD,42979.5,Paid
O00184,PAY00184,3/13/2026,UPI,4904.61,Paid
O00185,PAY00185,6/19/2026,Net Banking,64535.38,Paid
O00186,PAY00186,12/23/2025,Debit Card,24790.14,Paid
O00187,PAY00187,10/12/2025,UPI,10812.36,Failed
O00188,PAY00188,7/16/2025,Net Banking,25163.5,Paid
O00189,PAY00189,7/15/2026,Net Banking,27847.77,Refunded
O00190,PAY00190,2/28/2026,COD,31541.13,Failed
O00191,PAY00191,4/26/2025,Net Banking,7690.94,Refunded
O00192,PAY00192,8/5/2026,Net Banking,17592.04,Paid
O00193,PAY00193,2/5/2025,COD,60353.83,Paid
O00194,PAY00194,12/24/2025,COD,10147.77,Paid
O00195,PAY00195,4/26/2025,Debit Card,18379.92,Paid
O00196,PAY00196,2/8/2026,UPI,7327.66,Paid
O00197,PAY00197,9/8/2025,Credit Card,15622.56,Paid
O00198,PAY00198,9/23/2025,Net Banking,12766.68,Paid
O00199,PAY00199,2/13/2026,UPI,33659.5,Paid
O00200,PAY00200,4/5/2026,UPI,46958.39,Paid
O00201,PAY00201,8/20/2025,Credit Card,43451.74,Refunded
O00202,PAY00202,8/30/2026,COD,22137.87,Paid
O00203,PAY00203,10/31/2025,Credit Card,13421.88,Failed
O00204,PAY00204,4/8/2025,COD,31740.63,Paid
O00205,PAY00205,1/4/2025,COD,26281.66,Refunded
O00206,PAY00206,5/4/2025,Credit Card,27496.03,Paid
O00207,PAY00207,2/25/2026,Credit Card,34999.6,Refunded
O00208,PAY00208,11/24/2025,COD,14247.57,Failed
O00209,PAY00209,7/25/2025,Net Banking,5644.58,Refunded
O00210,PAY00210,10/20/2025,Net Banking,46841.29,Paid
O00211,PAY00211,5/25/2026,COD,6342.55,Refunded
O00212,PAY00212,12/14/2025,UPI,42709.07,Refunded
O00213,PAY00213,2/5/2025,Credit Card,12387.81,Paid
O00214,PAY00214,1/30/2025,Net Banking,14968.26,Failed
O00215,PAY00215,10/21/2025,UPI,29522.38,Paid
O00216,PAY00216,9/3/2025,COD,5298.6,Paid
O00217,PAY00217,6/2/2026,Debit Card,37966.6,Paid
O00218,PAY00218,12/21/2025,Credit Card,40686.57,Failed
O00219,PAY00219,4/6/2026,Credit Card,36457.49,Paid
O00220,PAY00220,12/22/2025,UPI,23523.07,Paid
O00221,PAY00221,7/29/2025,Debit Card,49703.16,Paid
O00222,PAY00222,2/4/2026,COD,10763.84,Refunded
O00223,PAY00223,1/13/2026,UPI,22249.28,Paid
O00224,PAY00224,3/14/2026,Debit Card,61407.66,Refunded
O00225,PAY00225,4/26/2025,Net Banking,13271.22,Refunded
O00226,PAY00226,1/26/2026,Debit Card,1672.71,Refunded
O00227,PAY00227,6/23/2025,Net Banking,15628.83,Paid
O00228,PAY00228,4/26/2026,Net Banking,36317.01,Paid
O00229,PAY00229,5/1/2026,COD,41467.27,Paid
O00230,PAY00230,1/15/2026,Net Banking,38877.78,Refunded
O00231,PAY00231,7/30/2026,Net Banking,29745.26,Failed
O00232,PAY00232,11/23/2025,Credit Card,29582.95,Failed
O00233,PAY00233,1/16/2025,UPI,33437.55,Paid
O00234,PAY00234,1/4/2026,UPI,11078.79,Refunded
O00235,PAY00235,4/18/2026,UPI,30714.1,Paid
O00236,PAY00236,3/3/2025,COD,22629.02,Paid
O00237,PAY00237,3/5/2025,UPI,15352.53,Refunded
O00238,PAY00238,6/16/2025,Debit Card,10784.69,Refunded
O00239,PAY00239,5/29/2026,Net Banking,13560.23,Paid
O00240,PAY00240,11/17/2025,Net Banking,33795.58,Failed
O00241,PAY00241,8/17/2026,UPI,67970.11,Failed
O00242,PAY00242,6/15/2026,COD,24629.28,Paid
O00243,PAY00243,12/4/2025,Debit Card,19865.69,Failed
O00244,PAY00244,2/17/2026,UPI,1980.11,Refunded
O00245,PAY00245,7/21/2025,UPI,33017.9,Refunded
O00246,PAY00246,2/24/2025,COD,52513.45,Failed
O00247,PAY00247,8/31/2025,COD,52395.71,Paid
O00248,PAY00248,12/27/2025,Net Banking,37877.34,Refunded
O00249,PAY00249,4/21/2025,Credit Card,36904.65,Refunded
O00250,PAY00250,5/15/2025,COD,21612.89,Paid
O00251,PAY00251,1/10/2025,Credit Card,20634,Paid
O00252,PAY00252,3/23/2026,Credit Card,17605.13,Paid
O00253,PAY00253,7/1/2026,Net Banking,23009.95,Paid
O00254,PAY00254,5/19/2026,Credit Card,37308.78,Failed
O00255,PAY00255,8/20/2025,Debit Card,21833.31,Paid
O00256,PAY00256,12/27/2025,Net Banking,2188.19,Paid
O00257,PAY00257,8/8/2026,UPI,40663.52,Paid
O00258,PAY00258,12/26/2025,COD,14416.48,Failed
O00259,PAY00259,6/29/2025,UPI,19565.3,Failed
O00260,PAY00260,7/25/2025,COD,25429.78,Failed
O00261,PAY00261,3/19/2026,Credit Card,34131.77,Paid
O00262,PAY00262,9/29/2025,Debit Card,8904.82,Paid
O00263,PAY00263,5/25/2026,Credit Card,19988.72,Paid
O00264,PAY00264,6/10/2026,Debit Card,36518.45,Failed
O00265,PAY00265,1/22/2025,UPI,15338,Paid
O00266,PAY00266,3/16/2026,UPI,28941.53,Paid
O00267,PAY00267,8/13/2025,Debit Card,17022.24,Paid
O00268,PAY00268,11/13/2025,Net Banking,19405.97,Refunded
O00269,PAY00269,6/10/2025,COD,28629.23,Paid
O00270,PAY00270,8/12/2025,COD,9417.51,Refunded
O00271,PAY00271,7/20/2025,COD,25923.15,Paid
O00272,PAY00272,1/31/2025,Net Banking,54742.36,Paid
O00273,PAY00273,4/21/2026,Net Banking,34378.28,Refunded
O00274,PAY00274,3/28/2025,Credit Card,34839.56,Paid
O00275,PAY00275,8/17/2025,COD,22190.97,Paid
O00276,PAY00276,4/28/2025,COD,52203.78,Paid
O00277,PAY00277,4/8/2025,Debit Card,14508.05,Failed
O00278,PAY00278,8/16/2025,UPI,40694.84,Paid
O00279,PAY00279,7/13/2026,UPI,22603.25,Paid
O00280,PAY00280,7/29/2026,Debit Card,23997.85,Refunded
O00281,PAY00281,8/21/2025,Net Banking,20059.91,Paid
O00282,PAY00282,11/4/2025,Debit Card,23779.5,Paid
O00283,PAY00283,8/23/2026,COD,14268.64,Paid
O00284,PAY00284,5/23/2025,Debit Card,24855.81,Paid
O00285,PAY00285,7/29/2026,Net Banking,31641.41,Failed
O00286,PAY00286,3/6/2025,Net Banking,38930.05,Paid
O00287,PAY00287,5/18/2025,COD,33210.08,Paid
O00288,PAY00288,7/25/2025,Net Banking,8947.92,Failed
O00289,PAY00289,1/23/2025,Debit Card,31909.75,Refunded
O00290,PAY00290,5/11/2026,UPI,28888.17,Refunded
O00291,PAY00291,6/5/2026,Net Banking,46685.67,Paid
O00292,PAY00292,8/22/2025,UPI,25783.46,Paid
O00293,PAY00293,5/24/2026,Credit Card,5201.22,Failed
O00294,PAY00294,4/15/2026,Debit Card,34182.42,Paid
O00295,PAY00295,5/3/2026,UPI,44655.86,Paid
O00296,PAY00296,5/4/2026,Net Banking,40173.57,Paid
O00297,PAY00297,12/15/2025,Credit Card,36538.63,Failed
O00298,PAY00298,3/9/2025,Debit Card,62904.95,Paid
O00299,PAY00299,7/16/2026,Credit Card,33925.94,Paid
O00300,PAY00300,1/6/2026,Credit Card,8253.41,Paid
O00301,PAY00301,7/2/2026,Credit Card,13610.68,Paid
O00302,PAY00302,8/7/2026,UPI,19472.43,Failed
O00303,PAY00303,4/24/2025,UPI,43611.84,Failed
O00304,PAY00304,9/2/2025,Net Banking,2250.32,Paid
O00305,PAY00305,4/28/2025,UPI,13517.66,Paid
O00306,PAY00306,1/31/2025,Debit Card,10256.02,Paid
O00307,PAY00307,8/11/2026,UPI,30557.37,Paid
O00308,PAY00308,7/16/2026,Debit Card,2345.86,Failed
O00309,PAY00309,7/21/2026,Net Banking,22863.2,Failed
O00310,PAY00310,6/22/2026,Debit Card,15118.21,Failed
O00311,PAY00311,1/30/2026,Net Banking,21822.36,Refunded
O00312,PAY00312,11/14/2025,Credit Card,8964.92,Paid
O00313,PAY00313,8/26/2026,Debit Card,3514.76,Paid
O00314,PAY00314,12/2/2025,Credit Card,31343.34,Paid
O00315,PAY00315,1/26/2026,Debit Card,29270.53,Failed
O00316,PAY00316,5/9/2025,UPI,9522.58,Failed
O00317,PAY00317,3/30/2026,Credit Card,19695.36,Paid
O00318,PAY00318,5/14/2026,Net Banking,16549.83,Paid
O00319,PAY00319,2/17/2026,Net Banking,44412.99,Failed
O00320,PAY00320,10/31/2025,Credit Card,6828.24,Refunded
O00321,PAY00321,5/1/2025,Credit Card,53224.09,Paid
O00322,PAY00322,1/21/2025,Credit Card,30206.36,Refunded
O00323,PAY00323,1/17/2026,Credit Card,41032.48,Failed
O00324,PAY00324,2/20/2026,COD,6453.54,Refunded
O00325,PAY00325,4/15/2026,Net Banking,4370.77,Failed
O00326,PAY00326,8/1/2026,Credit Card,29864.27,Paid
O00327,PAY00327,10/30/2025,Debit Card,29165.54,Failed
O00328,PAY00328,5/20/2026,Debit Card,29273.16,Paid
O00329,PAY00329,3/12/2026,Debit Card,20158.47,Paid
O00330,PAY00330,6/18/2025,Credit Card,35580.34,Refunded
O00331,PAY00331,5/29/2026,COD,47615.88,Refunded
O00332,PAY00332,2/2/2025,Credit Card,26055.55,Paid
O00333,PAY00333,12/31/2025,Debit Card,31040.81,Paid
O00334,PAY00334,7/26/2026,UPI,33498.86,Paid
O00335,PAY00335,2/5/2026,Debit Card,12631.54,Paid
O00336,PAY00336,7/24/2026,COD,30634.9,Paid
O00337,PAY00337,2/4/2025,COD,9978.88,Paid
O00338,PAY00338,11/20/2025,Debit Card,18687.7,Paid
O00339,PAY00339,4/20/2026,UPI,24750.86,Failed
O00340,PAY00340,1/26/2026,Net Banking,22158.5,Failed
O00341,PAY00341,6/20/2026,Net Banking,23358.35,Failed
O00342,PAY00342,10/9/2025,COD,3521.5,Refunded
O00343,PAY00343,2/20/2026,Debit Card,31878.57,Failed
O00344,PAY00344,9/13/2025,UPI,32466.09,Failed
O00345,PAY00345,6/15/2026,COD,56911.55,Paid
O00346,PAY00346,3/14/2025,Net Banking,41292.08,Paid
O00347,PAY00347,6/4/2025,COD,4848.06,Paid
O00348,PAY00348,2/28/2025,UPI,14488.07,Refunded
O00349,PAY00349,3/3/2026,Debit Card,26508.29,Paid
O00350,PAY00350,5/22/2025,Debit Card,33449.75,Failed
O00351,PAY00351,7/12/2025,Credit Card,57809.91,Paid
O00352,PAY00352,5/24/2026,COD,6305.92,Paid
O00353,PAY00353,8/7/2025,UPI,23197.3,Refunded
O00354,PAY00354,3/30/2025,UPI,21679.51,Failed
O00355,PAY00355,1/13/2025,Credit Card,47298.69,Paid
O00356,PAY00356,5/18/2025,COD,29658.47,Paid
O00357,PAY00357,7/11/2026,UPI,16777.07,Refunded
O00358,PAY00358,11/30/2025,Debit Card,39492.09,Paid
O00359,PAY00359,8/28/2026,UPI,9396.9,Paid
O00360,PAY00360,5/11/2025,Credit Card,38425.28,Failed
O00361,PAY00361,8/2/2025,Debit Card,36311.02,Paid
O00362,PAY00362,4/10/2025,UPI,19515.58,Paid
O00363,PAY00363,8/31/2025,Credit Card,23950.07,Refunded
O00364,PAY00364,12/9/2025,Debit Card,29331.87,Paid
O00365,PAY00365,5/7/2026,UPI,8407.9,Failed
O00366,PAY00366,8/12/2025,Debit Card,15453.18,Failed
O00367,PAY00367,4/15/2026,Net Banking,21223,Paid
O00368,PAY00368,1/16/2026,Credit Card,11314.92,Paid
O00369,PAY00369,6/27/2025,UPI,57381.16,Paid
O00370,PAY00370,7/9/2026,Debit Card,48480.21,Paid
O00371,PAY00371,9/22/2025,Net Banking,15361.46,Refunded
O00372,PAY00372,4/2/2025,UPI,6248.46,Paid
O00373,PAY00373,8/9/2026,Credit Card,5893.72,Paid
O00374,PAY00374,7/10/2026,COD,35211.32,Failed
O00375,PAY00375,1/31/2025,Credit Card,32361.07,Paid
O00376,PAY00376,7/3/2026,Credit Card,32833.63,Refunded
O00377,PAY00377,7/31/2026,Net Banking,25365.7,Refunded
O00378,PAY00378,5/20/2026,Debit Card,15232.01,Paid
O00379,PAY00379,6/5/2025,Credit Card,33443.77,Paid
O00380,PAY00380,1/19/2026,Net Banking,19757.14,Failed
O00381,PAY00381,11/24/2025,UPI,5715.8,Refunded
O00382,PAY00382,1/13/2026,Net Banking,28635.14,Paid
O00383,PAY00383,1/10/2026,Credit Card,44081.11,Refunded
O00384,PAY00384,1/24/2026,COD,3594.9,Paid
O00385,PAY00385,11/9/2025,Net Banking,11012.9,Paid
O00386,PAY00386,2/24/2026,COD,8573.17,Paid
O00387,PAY00387,11/17/2025,UPI,6541.66,Failed
O00388,PAY00388,1/11/2025,UPI,5125.64,Paid
O00389,PAY00389,1/22/2025,COD,30542.66,Paid
O00390,PAY00390,8/6/2026,Credit Card,27659.6,Paid
O00391,PAY00391,7/7/2026,COD,14064.96,Paid
O00392,PAY00392,12/23/2025,Net Banking,36125.97,Failed
O00393,PAY00393,4/17/2025,Debit Card,25037.93,Paid
O00394,PAY00394,4/21/2026,UPI,33561.43,Failed
O00395,PAY00395,3/29/2025,UPI,15628.83,Failed
O00396,PAY00396,8/18/2025,Net Banking,50947.49,Refunded
O00397,PAY00397,7/20/2025,UPI,30029.99,Paid
O00398,PAY00398,1/8/2025,UPI,14286.38,Refunded
O00399,PAY00399,5/6/2026,Credit Card,15860.2,Refunded
O00400,PAY00400,11/6/2025,COD,37599.44,Paid
O00401,PAY00401,7/12/2025,Net Banking,38655.36,Paid
O00402,PAY00402,11/5/2025,Net Banking,54828.12,Paid
O00403,PAY00403,1/1/2025,Net Banking,39155.38,Paid
O00404,PAY00404,9/23/2025,Debit Card,8352.36,Paid
O00405,PAY00405,11/12/2025,Credit Card,16766.33,Paid
O00406,PAY00406,7/26/2025,Debit Card,26296.86,Paid
O00407,PAY00407,5/20/2026,Debit Card,44681.14,Paid
O00408,PAY00408,6/1/2025,COD,8980.14,Refunded
O00409,PAY00409,3/25/2025,COD,17828.09,Refunded
O00410,PAY00410,11/17/2025,Net Banking,32150.98,Paid
O00411,PAY00411,6/24/2026,COD,8506.68,Paid
O00412,PAY00412,8/17/2025,COD,34068.46,Paid
O00413,PAY00413,1/29/2025,Net Banking,12069.09,Paid
O00414,PAY00414,8/13/2026,COD,29363.94,Paid
O00415,PAY00415,9/28/2025,UPI,24386.3,Refunded
O00416,PAY00416,4/16/2025,UPI,22438.78,Refunded
O00417,PAY00417,1/10/2026,Debit Card,13894.02,Refunded
O00418,PAY00418,7/14/2025,UPI,25965.43,Paid
O00419,PAY00419,7/25/2026,Credit Card,16036.4,Failed
O00420,PAY00420,6/28/2025,UPI,47570.9,Failed
O00421,PAY00421,12/1/2025,COD,24000.16,Paid
O00422,PAY00422,11/27/2025,Net Banking,23707.17,Paid
O00423,PAY00423,5/28/2025,UPI,3491.52,Paid
O00424,PAY00424,10/31/2025,Net Banking,34826.69,Paid
O00425,PAY00425,3/8/2025,Net Banking,35025.27,Paid
O00426,PAY00426,1/27/2026,Credit Card,4843.56,Paid
O00427,PAY00427,4/7/2026,COD,24809.12,Paid
O00428,PAY00428,8/1/2026,COD,12898.95,Failed
O00429,PAY00429,7/18/2025,COD,8980.14,Refunded
O00430,PAY00430,6/23/2025,UPI,32233.18,Failed
O00431,PAY00431,11/30/2025,Debit Card,38737.96,Refunded
O00432,PAY00432,2/26/2026,Net Banking,9450.17,Paid
O00433,PAY00433,8/27/2026,Debit Card,18618.09,Paid
O00434,PAY00434,1/16/2025,Debit Card,16779.77,Paid
O00435,PAY00435,5/25/2025,Credit Card,19040.14,Refunded
O00436,PAY00436,6/9/2025,Debit Card,6656.27,Paid
O00437,PAY00437,6/5/2025,Net Banking,28388.25,Paid
O00438,PAY00438,10/9/2025,UPI,20689.18,Paid
O00439,PAY00439,6/15/2026,Net Banking,16819.49,Paid
O00440,PAY00440,1/19/2025,Net Banking,20928.51,Paid
O00441,PAY00441,5/12/2026,UPI,2643.49,Paid
O00442,PAY00442,1/11/2026,Net Banking,34031.58,Paid
O00443,PAY00443,1/10/2026,Debit Card,10964.62,Paid
O00444,PAY00444,2/17/2026,Credit Card,22169.56,Failed
O00445,PAY00445,3/12/2025,Debit Card,26024.63,Paid
O00446,PAY00446,3/31/2026,Debit Card,8501.47,Refunded
O00447,PAY00447,5/31/2025,Credit Card,41925.26,Paid
O00448,PAY00448,11/11/2025,Net Banking,14963.96,Failed
O00449,PAY00449,2/16/2026,Net Banking,20275.9,Paid
O00450,PAY00450,1/3/2026,Credit Card,18522.88,Failed
O00451,PAY00451,7/16/2025,Debit Card,4140.73,Refunded
O00452,PAY00452,8/29/2025,Net Banking,16704.58,Refunded
O00453,PAY00453,10/17/2025,Debit Card,27100.13,Paid
O00454,PAY00454,1/26/2025,Debit Card,18211.09,Refunded
O00455,PAY00455,3/18/2026,COD,24144.18,Failed
O00456,PAY00456,3/2/2025,COD,20937.33,Paid
O00457,PAY00457,10/6/2025,Credit Card,23135.12,Refunded
O00458,PAY00458,2/3/2026,Net Banking,15241.81,Paid
O00459,PAY00459,2/18/2025,COD,48042.74,Paid
O00460,PAY00460,8/29/2026,UPI,41157.07,Paid
O00461,PAY00461,8/18/2025,Debit Card,21375.19,Failed
O00462,PAY00462,1/10/2025,Net Banking,1662.63,Refunded
O00463,PAY00463,2/5/2026,UPI,52531.75,Refunded
O00464,PAY00464,12/6/2025,Credit Card,8645.09,Paid
O00465,PAY00465,1/25/2026,Net Banking,22035.07,Paid
O00466,PAY00466,4/2/2026,COD,9470.02,Paid
O00467,PAY00467,10/17/2025,COD,4930.1,Paid
O00468,PAY00468,5/18/2026,Net Banking,39333.77,Paid
O00469,PAY00469,8/14/2025,UPI,19332.15,Paid
O00470,PAY00470,11/28/2025,UPI,15238.46,Failed
O00471,PAY00471,4/7/2025,COD,22420.82,Paid
O00472,PAY00472,1/12/2026,Net Banking,41403.28,Paid
O00473,PAY00473,6/9/2025,UPI,60675.01,Refunded
O00474,PAY00474,2/28/2026,UPI,15060.64,Failed
O00475,PAY00475,5/3/2026,UPI,9159.16,Paid
O00476,PAY00476,6/7/2026,COD,26169.35,Paid
O00477,PAY00477,7/19/2026,Net Banking,61102.82,Refunded
O00478,PAY00478,3/16/2025,COD,34742.82,Refunded
O00479,PAY00479,3/25/2025,UPI,15644.37,Failed
O00480,PAY00480,7/18/2026,Net Banking,29774.06,Paid
O00481,PAY00481,8/20/2025,COD,15180.12,Paid
O00482,PAY00482,1/16/2025,Debit Card,49277.78,Refunded
O00483,PAY00483,6/24/2025,Net Banking,33432.1,Paid
O00484,PAY00484,5/24/2026,Net Banking,54856.79,Paid
O00485,PAY00485,8/4/2025,UPI,25650.4,Paid
O00486,PAY00486,2/16/2025,Debit Card,12926.59,Paid
O00487,PAY00487,3/16/2026,Credit Card,21964.49,Paid
O00488,PAY00488,4/29/2025,UPI,46943.22,Refunded
O00489,PAY00489,8/3/2025,Debit Card,6140.94,Paid
O00490,PAY00490,1/3/2025,COD,13053.73,Refunded
O00491,PAY00491,1/2/2026,UPI,9351,Paid
O00492,PAY00492,9/28/2025,Credit Card,12925.52,Refunded
O00493,PAY00493,6/12/2026,Net Banking,26481.94,Failed
O00494,PAY00494,7/23/2025,Credit Card,16840.37,Refunded
O00495,PAY00495,5/5/2025,UPI,38831.21,Paid
O00496,PAY00496,4/11/2025,UPI,8507.5,Paid
O00497,PAY00497,5/2/2025,UPI,33442.14,Paid
O00498,PAY00498,10/2/2025,COD,41003.31,Paid
O00499,PAY00499,2/22/2025,Debit Card,25333.86,Paid
O00500,PAY00500,9/2/2025,COD,12450.28,Paid
O00501,PAY00501,6/4/2026,Net Banking,58161.88,Paid
O00502,PAY00502,4/12/2026,Credit Card,11357.9,Refunded
O00503,PAY00503,1/23/2026,COD,51273.86,Paid
O00504,PAY00504,6/28/2026,Credit Card,34317.07,Refunded
O00505,PAY00505,4/20/2026,UPI,61563.45,Refunded
O00506,PAY00506,2/1/2026,COD,5233.33,Refunded
O00507,PAY00507,6/9/2026,Debit Card,34169.3,Paid
O00508,PAY00508,3/17/2025,Debit Card,3987.72,Refunded
O00509,PAY00509,5/13/2026,Debit Card,24963.75,Paid
O00510,PAY00510,6/29/2025,COD,18960.98,Failed
O00511,PAY00511,3/22/2026,Credit Card,37868.2,Refunded
O00512,PAY00512,7/10/2026,COD,10385.3,Paid
O00513,PAY00513,10/29/2025,COD,5920.41,Paid
O00514,PAY00514,2/23/2025,Net Banking,10835.96,Paid
O00515,PAY00515,8/14/2025,UPI,2540.68,Failed
O00516,PAY00516,9/5/2025,UPI,4116.22,Paid
O00517,PAY00517,7/24/2026,UPI,63465.92,Paid
O00518,PAY00518,7/28/2026,Net Banking,10239.23,Failed
O00519,PAY00519,12/12/2025,Credit Card,28694.36,Paid
O00520,PAY00520,8/2/2026,COD,18079.4,Paid
O00521,PAY00521,9/23/2025,UPI,13220.63,Paid
O00522,PAY00522,9/8/2025,Credit Card,42738.72,Refunded
O00523,PAY00523,5/24/2026,Credit Card,35097.38,Failed
O00524,PAY00524,2/10/2026,COD,38236.49,Failed
O00525,PAY00525,11/14/2025,UPI,40630.82,Failed
O00526,PAY00526,10/5/2025,Debit Card,50734.85,Paid
O00527,PAY00527,3/6/2026,COD,24339.14,Paid
O00528,PAY00528,4/4/2026,COD,3328.13,Refunded
O00529,PAY00529,10/26/2025,COD,29602.11,Failed
O00530,PAY00530,1/20/2025,Net Banking,19385,Paid
O00531,PAY00531,3/3/2025,UPI,50646.55,Paid
O00532,PAY00532,3/29/2025,UPI,19315.56,Failed
O00533,PAY00533,10/8/2025,Debit Card,12950.76,Paid
O00534,PAY00534,1/9/2026,Debit Card,11259.52,Paid
O00535,PAY00535,5/4/2026,Debit Card,27488.5,Failed
O00536,PAY00536,5/22/2025,UPI,4604.76,Paid
O00537,PAY00537,4/24/2026,Net Banking,19895.41,Paid
O00538,PAY00538,2/9/2026,Credit Card,6388.25,Paid
O00539,PAY00539,2/1/2025,UPI,12556.68,Paid
O00540,PAY00540,8/2/2025,COD,12536.94,Paid
O00541,PAY00541,7/4/2025,Credit Card,10628.37,Refunded
O00542,PAY00542,6/24/2026,Credit Card,12611.84,Failed
O00543,PAY00543,7/15/2026,Debit Card,17923.31,Paid
O00544,PAY00544,5/14/2026,COD,46604.22,Refunded
O00545,PAY00545,11/18/2025,COD,28948.34,Paid
O00546,PAY00546,10/27/2025,UPI,37117.34,Refunded
O00547,PAY00547,7/9/2025,Net Banking,27883.41,Paid
O00548,PAY00548,4/15/2026,Net Banking,20156.51,Paid
O00549,PAY00549,2/22/2025,COD,15741.2,Paid
O00550,PAY00550,6/14/2025,COD,9022.97,Refunded
O00551,PAY00551,3/24/2025,Net Banking,21904.01,Failed
O00552,PAY00552,10/28/2025,Net Banking,45780.08,Paid
O00553,PAY00553,7/2/2025,Credit Card,21117.67,Refunded
O00554,PAY00554,5/1/2025,COD,36641.78,Paid
O00555,PAY00555,8/17/2025,COD,38637.05,Paid
O00556,PAY00556,6/8/2026,COD,16433.02,Failed
O00557,PAY00557,12/6/2025,COD,39403.28,Paid
O00558,PAY00558,5/16/2026,Net Banking,25776.17,Refunded
O00559,PAY00559,7/10/2026,COD,18023.13,Failed
O00560,PAY00560,7/3/2026,Net Banking,50079.17,Refunded
O00561,PAY00561,8/2/2025,Credit Card,18238.28,Refunded
O00562,PAY00562,6/18/2026,UPI,18995.72,Refunded
O00563,PAY00563,7/7/2026,COD,4719.49,Paid
O00564,PAY00564,8/7/2026,Debit Card,35290.37,Paid
O00565,PAY00565,8/2/2025,COD,21247.13,Paid
O00566,PAY00566,5/19/2025,Credit Card,14198.64,Paid
O00567,PAY00567,12/22/2025,Credit Card,16963.75,Failed
O00568,PAY00568,7/21/2026,COD,3345.42,Paid
O00569,PAY00569,7/2/2026,Debit Card,37318.59,Paid
O00570,PAY00570,12/14/2025,Net Banking,41848.16,Paid
O00571,PAY00571,4/1/2025,Credit Card,4661.48,Paid
O00572,PAY00572,9/14/2025,Net Banking,30489.94,Paid
O00573,PAY00573,3/11/2026,Debit Card,23668.86,Paid
O00574,PAY00574,12/7/2025,COD,19422.55,Paid
O00575,PAY00575,7/30/2025,Debit Card,18215.91,Refunded
O00576,PAY00576,7/28/2025,UPI,37272.37,Paid
O00577,PAY00577,2/6/2025,Net Banking,49806.75,Paid
O00578,PAY00578,6/25/2025,COD,6844.03,Paid
O00579,PAY00579,2/11/2026,COD,22806.91,Paid
O00580,PAY00580,5/27/2025,UPI,4385.28,Failed
O00581,PAY00581,8/27/2026,COD,25068.81,Paid
O00582,PAY00582,2/20/2025,Credit Card,7574.75,Paid
O00583,PAY00583,12/24/2025,COD,17333.22,Refunded
O00584,PAY00584,10/29/2025,Net Banking,38038.17,Paid
O00585,PAY00585,5/22/2026,COD,29156.56,Failed
O00586,PAY00586,6/24/2026,Credit Card,24707.44,Failed
O00587,PAY00587,11/27/2025,Net Banking,7981.06,Paid
O00588,PAY00588,1/19/2026,Net Banking,34243.48,Failed
O00589,PAY00589,3/1/2026,UPI,39910.47,Refunded
O00590,PAY00590,11/13/2025,Net Banking,19869.75,Paid
O00591,PAY00591,4/23/2025,UPI,22229.5,Refunded
O00592,PAY00592,9/18/2025,COD,7121.02,Paid
O00593,PAY00593,5/27/2025,UPI,11008.57,Paid
O00594,PAY00594,10/10/2025,UPI,20708.27,Refunded
O00595,PAY00595,1/10/2026,Debit Card,17424.16,Refunded
O00596,PAY00596,5/8/2025,UPI,28079.33,Failed
O00597,PAY00597,6/1/2025,UPI,11115.28,Failed
O00598,PAY00598,5/16/2026,UPI,17370.98,Paid
O00599,PAY00599,8/18/2025,Credit Card,31063.28,Paid
O00600,PAY00600,5/1/2025,Debit Card,14168.11,Paid
O00601,PAY00601,3/10/2026,UPI,36684.9,Paid
O00602,PAY00602,3/12/2026,UPI,17219.04,Paid
O00603,PAY00603,5/18/2026,Net Banking,22577.55,Paid
O00604,PAY00604,4/8/2026,Credit Card,7412.83,Paid
O00605,PAY00605,8/27/2026,Net Banking,14082.87,Paid
O00606,PAY00606,12/16/2025,COD,8713.59,Paid
O00607,PAY00607,6/24/2025,UPI,12201.71,Paid
O00608,PAY00608,6/9/2026,COD,12352.59,Refunded
O00609,PAY00609,6/11/2025,Net Banking,10267.88,Refunded
O00610,PAY00610,6/26/2025,COD,24555.76,Paid
O00611,PAY00611,5/19/2026,Debit Card,13559.31,Paid
O00612,PAY00612,6/21/2026,UPI,27997.9,Paid
O00613,PAY00613,7/26/2025,COD,3452.78,Refunded
O00614,PAY00614,3/20/2026,Debit Card,48377.78,Failed
O00615,PAY00615,7/15/2026,UPI,17578.16,Failed
O00616,PAY00616,5/1/2026,UPI,13629.48,Paid
O00617,PAY00617,1/4/2025,Credit Card,36877.55,Paid
O00618,PAY00618,2/9/2026,Credit Card,27743.19,Failed
O00619,PAY00619,4/14/2025,Debit Card,15124.45,Paid
O00620,PAY00620,5/30/2026,Debit Card,6790.36,Paid
O00621,PAY00621,2/10/2025,COD,45406,Paid
O00622,PAY00622,8/27/2026,COD,11468.6,Paid
O00623,PAY00623,4/18/2025,Net Banking,38978.19,Refunded
O00624,PAY00624,9/13/2025,Net Banking,10778.54,Paid
O00625,PAY00625,5/23/2025,COD,26710.35,Refunded
O00626,PAY00626,5/10/2026,Credit Card,22190.58,Refunded
O00627,PAY00627,8/28/2025,Debit Card,4234.68,Paid
O00628,PAY00628,3/29/2026,Net Banking,33447.84,Failed
O00629,PAY00629,2/10/2025,Credit Card,37264.64,Paid
O00630,PAY00630,10/3/2025,COD,23836.44,Refunded
O00631,PAY00631,7/8/2026,Credit Card,3799.14,Paid
O00632,PAY00632,7/18/2026,UPI,35841.87,Paid
O00633,PAY00633,5/7/2025,Credit Card,74726.2,Failed
O00634,PAY00634,8/28/2025,COD,16787.33,Failed
O00635,PAY00635,9/6/2025,Credit Card,26008.57,Refunded
O00636,PAY00636,12/10/2025,Credit Card,37644.52,Paid
O00637,PAY00637,11/23/2025,COD,14889.41,Refunded
O00638,PAY00638,3/6/2025,UPI,18912.14,Failed
O00639,PAY00639,4/9/2026,UPI,35132.63,Paid
O00640,PAY00640,5/18/2025,COD,35486.97,Paid
O00641,PAY00641,7/11/2025,Credit Card,11657.26,Paid
O00642,PAY00642,5/27/2026,UPI,22722.07,Failed
O00643,PAY00643,2/24/2026,Debit Card,1894.17,Failed
O00644,PAY00644,8/30/2025,Net Banking,29606.38,Paid
O00645,PAY00645,7/9/2026,Net Banking,37786.16,Paid
O00646,PAY00646,8/28/2025,UPI,27409.65,Paid
O00647,PAY00647,12/10/2025,Credit Card,37823.8,Paid
O00648,PAY00648,5/30/2025,Net Banking,51784.28,Failed
O00649,PAY00649,4/22/2025,Net Banking,57592.9,Failed
O00650,PAY00650,10/26/2025,Net Banking,14677.98,Paid
O00651,PAY00651,12/9/2025,Credit Card,49840.24,Failed
O00652,PAY00652,5/5/2026,COD,8010.46,Paid
O00653,PAY00653,8/26/2025,UPI,13525.04,Paid
O00654,PAY00654,6/29/2026,COD,19146.68,Refunded
O00655,PAY00655,1/5/2026,COD,53328.56,Paid
O00656,PAY00656,2/12/2025,Net Banking,16606.66,Paid
O00657,PAY00657,3/26/2026,Debit Card,22383.54,Paid
O00658,PAY00658,12/16/2025,Credit Card,17101.66,Paid
O00659,PAY00659,8/25/2025,Debit Card,16094.77,Paid
O00660,PAY00660,10/12/2025,UPI,45223.04,Refunded
O00661,PAY00661,7/3/2025,Credit Card,76648.68,Refunded
O00662,PAY00662,1/9/2026,Net Banking,4479.22,Failed
O00663,PAY00663,12/11/2025,Debit Card,10513.73,Paid
O00664,PAY00664,9/29/2025,Debit Card,11918.22,Paid
O00665,PAY00665,6/23/2025,Debit Card,13629.48,Refunded
O00666,PAY00666,8/31/2025,UPI,8964.92,Paid
O00667,PAY00667,10/30/2025,COD,31295.32,Paid
O00668,PAY00668,10/14/2025,COD,42713.55,Paid
O00669,PAY00669,7/8/2025,Credit Card,30228.46,Paid
O00670,PAY00670,12/20/2025,Credit Card,35102.9,Paid
O00671,PAY00671,5/18/2025,Net Banking,30535.09,Paid
O00672,PAY00672,11/1/2025,UPI,10465.46,Failed
O00673,PAY00673,3/15/2025,UPI,40588.18,Paid
O00674,PAY00674,10/15/2025,COD,2830.19,Refunded
O00675,PAY00675,4/22/2026,UPI,21205.98,Paid
O00676,PAY00676,5/13/2026,Debit Card,34032.3,Paid
O00677,PAY00677,2/27/2026,COD,14949.95,Failed
O00678,PAY00678,3/30/2026,Net Banking,32862.87,Paid
O00679,PAY00679,2/10/2025,Credit Card,30384.17,Failed
O00680,PAY00680,7/27/2025,UPI,14444.49,Failed
O00681,PAY00681,2/2/2026,Net Banking,21069.42,Paid
O00682,PAY00682,5/2/2026,Debit Card,18831.56,Paid
O00683,PAY00683,12/21/2025,COD,15348.48,Refunded
O00684,PAY00684,6/4/2026,Net Banking,20785.1,Failed
O00685,PAY00685,6/16/2025,UPI,21313.92,Failed
O00686,PAY00686,4/4/2025,Credit Card,21171.13,Paid
O00687,PAY00687,2/22/2025,Net Banking,13981.23,Paid
O00688,PAY00688,12/21/2025,Net Banking,3514.76,Paid
O00689,PAY00689,2/9/2026,Net Banking,14421.11,Paid
O00690,PAY00690,6/23/2025,Credit Card,34025.65,Failed
O00691,PAY00691,4/22/2026,Credit Card,33147.39,Paid
O00692,PAY00692,3/26/2026,Credit Card,32730.94,Refunded
O00693,PAY00693,8/7/2025,Net Banking,24665.08,Refunded
O00694,PAY00694,5/26/2025,UPI,21473.18,Paid
O00695,PAY00695,3/28/2026,COD,45871.33,Refunded
O00696,PAY00696,2/13/2026,Credit Card,24061.72,Refunded
O00697,PAY00697,4/14/2025,Debit Card,34186.19,Paid
O00698,PAY00698,6/5/2025,Credit Card,5319.08,Paid
O00699,PAY00699,10/23/2025,Debit Card,11397.43,Refunded
O00700,PAY00700,11/7/2025,Net Banking,18565.28,Paid
O00701,PAY00701,4/11/2025,UPI,55987.65,Paid
O00702,PAY00702,7/31/2026,Debit Card,49557.65,Paid
O00703,PAY00703,8/25/2025,UPI,34303.02,Refunded
O00704,PAY00704,8/20/2025,UPI,16685.51,Paid
O00705,PAY00705,2/6/2025,Net Banking,24741.98,Failed
O00706,PAY00706,6/17/2026,Debit Card,16160.29,Failed
O00707,PAY00707,5/23/2025,Net Banking,13980.28,Paid
O00708,PAY00708,8/24/2026,Credit Card,47086.08,Paid
O00709,PAY00709,10/29/2025,Credit Card,44017.02,Failed
O00710,PAY00710,6/16/2026,Debit Card,30483.38,Paid
O00711,PAY00711,4/19/2025,UPI,26790.62,Paid
O00712,PAY00712,4/11/2025,COD,16023.6,Paid
O00713,PAY00713,5/3/2026,Credit Card,29299.3,Paid
O00714,PAY00714,5/14/2026,Net Banking,30500.81,Refunded
O00715,PAY00715,11/27/2025,UPI,3706.42,Paid
O00716,PAY00716,1/20/2025,Net Banking,21884.37,Refunded
O00717,PAY00717,7/28/2026,Credit Card,38365.9,Failed
O00718,PAY00718,8/28/2025,Credit Card,33858.08,Paid
O00719,PAY00719,7/24/2026,Debit Card,10865.54,Failed
O00720,PAY00720,6/14/2026,UPI,43738.92,Paid
O00721,PAY00721,6/2/2026,UPI,54716.38,Failed
O00722,PAY00722,2/23/2026,Net Banking,15972.26,Refunded
O00723,PAY00723,2/14/2026,Credit Card,15628.83,Failed
O00724,PAY00724,11/20/2025,Debit Card,39417.97,Paid
O00725,PAY00725,1/16/2025,Net Banking,58246.77,Paid
O00726,PAY00726,8/24/2025,Net Banking,29984.43,Refunded
O00727,PAY00727,3/21/2026,Net Banking,40030.84,Refunded
O00728,PAY00728,5/9/2026,COD,15160.77,Paid
O00729,PAY00729,12/7/2025,Net Banking,22045.86,Paid
O00730,PAY00730,3/8/2026,Credit Card,54184.8,Refunded
O00731,PAY00731,1/14/2025,Credit Card,10038.17,Paid
O00732,PAY00732,10/12/2025,COD,3123.94,Paid
O00733,PAY00733,11/5/2025,Debit Card,10170.13,Paid
O00734,PAY00734,6/27/2026,Debit Card,31510.42,Paid
O00735,PAY00735,7/9/2025,COD,19641.61,Paid
O00736,PAY00736,5/20/2025,Credit Card,60989.51,Paid
O00737,PAY00737,8/3/2025,Credit Card,47527.96,Failed
O00738,PAY00738,4/14/2025,UPI,29181.87,Paid
O00739,PAY00739,12/6/2025,UPI,3611.29,Paid
O00740,PAY00740,1/26/2026,Net Banking,17271.2,Paid
O00741,PAY00741,5/3/2026,Debit Card,52541.34,Failed
O00742,PAY00742,8/14/2026,Credit Card,74421.18,Refunded
O00743,PAY00743,2/14/2025,Credit Card,14220.7,Failed
O00744,PAY00744,5/31/2025,Net Banking,43488.69,Paid
O00745,PAY00745,7/2/2025,UPI,43118.4,Paid
O00746,PAY00746,6/1/2025,Net Banking,22988.17,Paid
O00747,PAY00747,5/18/2026,COD,30727.25,Paid
O00748,PAY00748,3/26/2025,Debit Card,5327.41,Paid
O00749,PAY00749,1/19/2025,Debit Card,16000.07,Paid
O00750,PAY00750,6/8/2026,Debit Card,14646.88,Paid
O00751,PAY00751,8/8/2026,UPI,11117.72,Failed
O00752,PAY00752,5/18/2025,Net Banking,29946.3,Paid
O00753,PAY00753,7/22/2025,Credit Card,22817.52,Refunded
O00754,PAY00754,11/2/2025,Debit Card,21773.39,Paid
O00755,PAY00755,11/16/2025,UPI,18257.56,Refunded
O00756,PAY00756,8/26/2026,COD,48015.83,Failed
O00757,PAY00757,9/3/2025,Credit Card,5812.24,Failed
O00758,PAY00758,1/8/2025,UPI,20075.34,Refunded
O00759,PAY00759,9/15/2025,Net Banking,30143.98,Paid
O00760,PAY00760,12/5/2025,COD,8511.12,Paid
O00761,PAY00761,11/11/2025,Debit Card,21235.12,Paid
O00762,PAY00762,11/8/2025,UPI,20610.96,Failed
O00763,PAY00763,7/15/2026,COD,40585.61,Paid
O00764,PAY00764,5/6/2026,Credit Card,35415.68,Paid
O00765,PAY00765,6/3/2025,Credit Card,43175.74,Failed
O00766,PAY00766,8/5/2025,Net Banking,5678.95,Paid
O00767,PAY00767,2/10/2026,Credit Card,4398.01,Failed
O00768,PAY00768,9/7/2025,UPI,31960.89,Refunded
O00769,PAY00769,9/18/2025,Net Banking,15320.46,Paid
O00770,PAY00770,4/13/2025,Credit Card,32616.18,Refunded
O00771,PAY00771,6/4/2025,COD,9846.59,Paid
O00772,PAY00772,3/27/2026,UPI,50431.63,Paid
O00773,PAY00773,5/28/2026,COD,28496.85,Refunded
O00774,PAY00774,4/23/2026,Net Banking,12449.22,Paid
O00775,PAY00775,7/7/2025,Credit Card,27136.95,Paid
O00776,PAY00776,3/25/2025,Debit Card,21108.51,Paid
O00777,PAY00777,4/8/2025,COD,11937.45,Refunded
O00778,PAY00778,8/28/2025,UPI,19498.12,Paid
O00779,PAY00779,11/11/2025,COD,32706.33,Paid
O00780,PAY00780,6/27/2026,Debit Card,24608.97,Failed
O00781,PAY00781,7/1/2026,COD,20099.93,Paid
O00782,PAY00782,1/2/2025,Credit Card,27728.57,Paid
O00783,PAY00783,3/7/2026,Net Banking,3452.78,Paid
O00784,PAY00784,7/1/2025,COD,29169.22,Refunded
O00785,PAY00785,5/1/2025,Credit Card,28619.06,Paid
O00786,PAY00786,12/4/2025,UPI,21900.79,Failed
O00787,PAY00787,1/21/2025,Credit Card,8652.92,Refunded
O00788,PAY00788,7/23/2025,Debit Card,47388.06,Paid
O00789,PAY00789,12/2/2025,Net Banking,41897.38,Paid
O00790,PAY00790,6/15/2025,Debit Card,50722.42,Refunded
O00791,PAY00791,12/27/2025,COD,29744.35,Paid
O00792,PAY00792,10/7/2025,Debit Card,24805.17,Failed
O00793,PAY00793,5/2/2026,Net Banking,41892.56,Failed
O00794,PAY00794,4/21/2025,COD,37764.91,Paid
O00795,PAY00795,2/4/2025,COD,14045.68,Paid
O00796,PAY00796,11/19/2025,Credit Card,23656.45,Paid
O00797,PAY00797,6/6/2025,Credit Card,21984.66,Paid
O00798,PAY00798,3/6/2026,Net Banking,15376.92,Refunded
O00799,PAY00799,2/26/2025,Debit Card,12759.54,Paid
O00800,PAY00800,12/16/2025,Debit Card,34676.58,Refunded
O00801,PAY00801,8/25/2026,Net Banking,22969.54,Paid
O00802,PAY00802,2/26/2025,Net Banking,30090.75,Paid
O00803,PAY00803,7/3/2025,COD,24171.02,Paid
O00804,PAY00804,5/29/2026,Credit Card,5591.5,Failed
O00805,PAY00805,11/21/2025,Net Banking,9199.61,Paid
O00806,PAY00806,4/17/2025,Credit Card,23969.73,Refunded
O00807,PAY00807,5/10/2025,COD,2540.68,Failed
O00808,PAY00808,4/11/2026,UPI,16710.84,Refunded
O00809,PAY00809,6/8/2026,Net Banking,22446.7,Refunded
O00810,PAY00810,8/8/2025,UPI,3154.32,Paid
O00811,PAY00811,10/16/2025,COD,19693.19,Failed
O00812,PAY00812,4/21/2026,COD,30934.86,Paid
O00813,PAY00813,4/18/2025,COD,33941.08,Failed
O00814,PAY00814,5/6/2025,Net Banking,22123.18,Refunded
O00815,PAY00815,4/16/2026,Debit Card,19643.93,Paid
O00816,PAY00816,4/24/2025,Credit Card,14744.54,Paid
O00817,PAY00817,4/14/2026,COD,23970.67,Refunded
O00818,PAY00818,10/30/2025,Debit Card,7171.85,Paid
O00819,PAY00819,8/25/2026,COD,26688.98,Paid
O00820,PAY00820,1/21/2025,Net Banking,17888.89,Paid
O00821,PAY00821,7/30/2026,Net Banking,20469.18,Refunded
O00822,PAY00822,5/17/2025,Credit Card,23091.76,Paid
O00823,PAY00823,1/22/2025,Debit Card,25990.04,Paid
O00824,PAY00824,3/17/2026,Debit Card,24870.68,Failed
O00825,PAY00825,11/20/2025,Net Banking,27414.77,Failed
O00826,PAY00826,5/25/2026,Net Banking,44326.72,Paid
O00827,PAY00827,3/7/2025,UPI,2830.19,Paid
O00828,PAY00828,2/19/2025,Credit Card,35820.75,Failed
O00829,PAY00829,12/11/2025,UPI,15300.27,Refunded
O00830,PAY00830,6/21/2026,Debit Card,26043.38,Paid
O00831,PAY00831,9/4/2025,Net Banking,45018.38,Paid
O00832,PAY00832,4/30/2026,Credit Card,27224.33,Refunded
O00833,PAY00833,7/5/2026,Net Banking,50537.78,Paid
O00834,PAY00834,6/13/2026,UPI,19472.43,Paid
O00835,PAY00835,11/6/2025,COD,25297.42,Paid
O00836,PAY00836,3/1/2026,Net Banking,17634.38,Paid
O00837,PAY00837,11/16/2025,Net Banking,17163.39,Failed
O00838,PAY00838,2/14/2026,Net Banking,19231.64,Refunded
O00839,PAY00839,12/11/2025,Credit Card,13629.48,Failed
O00840,PAY00840,11/16/2025,COD,32593.4,Failed
O00841,PAY00841,9/23/2025,Net Banking,27857.08,Failed
O00842,PAY00842,2/1/2026,UPI,28258.18,Paid
O00843,PAY00843,4/2/2026,COD,19125.23,Paid
O00844,PAY00844,7/13/2026,Net Banking,22671.14,Paid
O00845,PAY00845,1/8/2026,Credit Card,20886.74,Paid
O00846,PAY00846,3/3/2025,COD,32556.89,Paid
O00847,PAY00847,12/24/2025,Credit Card,10846.02,Failed
O00848,PAY00848,7/11/2025,Net Banking,35227.37,Refunded
O00849,PAY00849,1/17/2025,Net Banking,34177.93,Paid
O00850,PAY00850,2/14/2025,COD,13612.2,Paid
O00851,PAY00851,12/26/2025,Debit Card,26544.32,Paid
O00852,PAY00852,7/29/2026,COD,28569.08,Refunded
O00853,PAY00853,11/4/2025,Credit Card,26480.28,Failed
O00854,PAY00854,9/28/2025,COD,22256.53,Paid
O00855,PAY00855,2/23/2025,Credit Card,38860.49,Refunded
O00856,PAY00856,2/15/2026,COD,34343.53,Failed
O00857,PAY00857,2/3/2025,Net Banking,23464.08,Paid
O00858,PAY00858,5/27/2026,Net Banking,23305.9,Paid
O00859,PAY00859,5/12/2026,UPI,38393.5,Paid
O00860,PAY00860,8/26/2026,Debit Card,37751.28,Paid
O00861,PAY00861,6/22/2025,UPI,42280.53,Paid
O00862,PAY00862,4/9/2025,COD,37297.71,Refunded
O00863,PAY00863,7/2/2025,Credit Card,25146.13,Paid
O00864,PAY00864,5/2/2026,COD,18760.89,Paid
O00865,PAY00865,5/14/2025,COD,58769.34,Refunded
O00866,PAY00866,6/24/2026,UPI,26118.18,Refunded
O00867,PAY00867,4/4/2025,Net Banking,18717.35,Refunded
O00868,PAY00868,1/30/2025,Credit Card,35126.35,Paid
O00869,PAY00869,5/14/2025,UPI,19394.89,Refunded
O00870,PAY00870,4/4/2026,Credit Card,22913.83,Paid
O00871,PAY00871,1/2/2026,Debit Card,29524.92,Paid
O00872,PAY00872,8/4/2025,COD,40215.43,Refunded
O00873,PAY00873,2/3/2026,Net Banking,24815.68,Paid
O00874,PAY00874,1/30/2026,Credit Card,4400.09,Failed
O00875,PAY00875,12/4/2025,Credit Card,39842.69,Paid
O00876,PAY00876,11/9/2025,Credit Card,18853.02,Paid
O00877,PAY00877,3/3/2025,Net Banking,5657.26,Refunded
O00878,PAY00878,6/7/2025,Debit Card,13312.5,Paid
O00879,PAY00879,11/17/2025,UPI,21478.38,Refunded
O00880,PAY00880,3/24/2025,UPI,41256.26,Paid
O00881,PAY00881,10/17/2025,UPI,46996.1,Refunded
O00882,PAY00882,3/13/2025,COD,3504.58,Refunded
O00883,PAY00883,4/24/2026,Debit Card,1904.88,Refunded
O00884,PAY00884,3/4/2025,Debit Card,30718.75,Paid
O00885,PAY00885,2/26/2025,Net Banking,49235.27,Paid
O00886,PAY00886,1/23/2026,UPI,16885.3,Paid
O00887,PAY00887,5/15/2025,UPI,30435.42,Paid
O00888,PAY00888,8/2/2025,Credit Card,20879.37,Paid
O00889,PAY00889,7/11/2025,Credit Card,8221.02,Refunded
O00890,PAY00890,5/12/2025,Net Banking,17575.37,Failed
O00891,PAY00891,4/9/2026,COD,12712.01,Refunded
O00892,PAY00892,2/25/2026,Net Banking,8800.18,Refunded
O00893,PAY00893,5/26/2025,COD,41766.25,Paid
O00894,PAY00894,2/22/2026,Debit Card,14349.68,Refunded
O00895,PAY00895,3/10/2026,Credit Card,5282.25,Paid
O00896,PAY00896,11/24/2025,Credit Card,21868.4,Paid
O00897,PAY00897,12/18/2025,UPI,47022.68,Paid
O00898,PAY00898,7/23/2026,COD,16787.71,Paid
O00899,PAY00899,10/3/2025,Net Banking,47887.52,Failed
O00900,PAY00900,8/23/2025,Net Banking,7674.24,Paid
O00901,PAY00901,11/24/2025,Credit Card,6697.12,Refunded
O00902,PAY00902,5/24/2026,Net Banking,42546.96,Refunded
O00903,PAY00903,3/8/2026,Credit Card,29296.1,Failed
O00904,PAY00904,2/15/2025,Debit Card,1413.24,Paid
O00905,PAY00905,10/7/2025,Net Banking,47764.48,Paid
O00906,PAY00906,3/26/2026,COD,13654.39,Failed
O00907,PAY00907,5/17/2025,Debit Card,4464.22,Paid
O00908,PAY00908,8/24/2026,Net Banking,10057.34,Paid
O00909,PAY00909,5/7/2026,Debit Card,19944.47,Paid
O00910,PAY00910,5/30/2026,Debit Card,49581.51,Refunded
O00911,PAY00911,2/19/2025,COD,8475.77,Paid
O00912,PAY00912,12/19/2025,COD,10908.13,Paid
O00913,PAY00913,11/17/2025,Credit Card,11724.96,Paid
O00914,PAY00914,1/17/2026,COD,13572.45,Paid
O00915,PAY00915,6/1/2026,Debit Card,13277.99,Paid
O00916,PAY00916,8/3/2025,Net Banking,18524.98,Refunded
O00917,PAY00917,11/21/2025,Debit Card,34695.45,Paid
O00918,PAY00918,2/18/2026,Net Banking,5279.42,Refunded
O00919,PAY00919,4/3/2026,COD,46168.75,Paid
O00920,PAY00920,4/14/2026,Debit Card,3988.82,Paid
O00921,PAY00921,7/24/2025,Net Banking,15398.31,Failed
O00922,PAY00922,8/30/2026,Debit Card,35207.2,Failed
O00923,PAY00923,1/6/2025,Net Banking,26737.77,Paid
O00924,PAY00924,10/27/2025,UPI,13037.18,Failed
O00925,PAY00925,1/6/2026,Net Banking,17600.35,Paid
O00926,PAY00926,2/7/2025,Debit Card,53956.55,Paid
O00927,PAY00927,10/2/2025,Debit Card,16192.13,Paid
O00928,PAY00928,12/29/2025,Credit Card,14898.78,Paid
O00929,PAY00929,1/5/2026,Net Banking,12429.66,Failed
O00930,PAY00930,3/14/2025,Credit Card,62936.88,Failed
O00931,PAY00931,6/18/2025,UPI,10041.52,Refunded
O00932,PAY00932,5/29/2025,COD,22334.11,Failed
O00933,PAY00933,1/25/2026,Debit Card,35397.45,Paid
O00934,PAY00934,7/19/2025,UPI,7489.24,Paid
O00935,PAY00935,12/14/2025,Credit Card,12964.37,Failed
O00936,PAY00936,3/21/2026,COD,18508.04,Paid
O00937,PAY00937,4/30/2026,Credit Card,16586.67,Paid
O00938,PAY00938,4/22/2025,Credit Card,14047.31,Failed
O00939,PAY00939,7/4/2026,Debit Card,28659.84,Paid
O00940,PAY00940,4/11/2025,UPI,14330.9,Paid
O00941,PAY00941,1/14/2025,Debit Card,28223.28,Paid
O00942,PAY00942,1/28/2025,UPI,31390,Failed
O00943,PAY00943,5/3/2025,COD,20039.02,Paid
O00944,PAY00944,6/15/2026,Debit Card,17417.17,Failed
O00945,PAY00945,5/7/2025,Credit Card,41247.32,Paid
O00946,PAY00946,2/26/2026,Debit Card,32140.14,Paid
O00947,PAY00947,9/12/2025,UPI,41466.24,Paid
O00948,PAY00948,1/25/2025,Credit Card,22979.52,Paid
O00949,PAY00949,9/28/2025,UPI,5294.88,Refunded
O00950,PAY00950,1/18/2025,Net Banking,45112.82,Paid
O00951,PAY00951,10/17/2025,COD,13281.36,Failed
O00952,PAY00952,12/6/2025,Debit Card,17897.02,Paid
O00953,PAY00953,11/13/2025,UPI,32228.29,Paid
O00954,PAY00954,6/21/2025,UPI,33396.5,Failed
O00955,PAY00955,4/12/2026,COD,1894.17,Paid
O00956,PAY00956,12/29/2025,Credit Card,20269.77,Failed
O00957,PAY00957,6/4/2025,Credit Card,12394.64,Refunded
O00958,PAY00958,9/22/2025,UPI,3982.6,Refunded
O00959,PAY00959,3/7/2025,Net Banking,15262.99,Refunded
O00960,PAY00960,7/16/2026,UPI,38833.53,Paid
O00961,PAY00961,4/3/2026,COD,20495.68,Failed
O00962,PAY00962,6/24/2025,Credit Card,9490.07,Failed
O00963,PAY00963,2/15/2026,UPI,1408.6,Paid
O00964,PAY00964,2/17/2026,Net Banking,20347.39,Paid
O00965,PAY00965,1/6/2026,Credit Card,14546.17,Paid
O00966,PAY00966,2/2/2025,Net Banking,15486.48,Refunded
O00967,PAY00967,6/19/2026,UPI,43415.73,Refunded
O00968,PAY00968,8/5/2026,COD,33949.28,Paid
O00969,PAY00969,8/16/2026,Credit Card,23340.36,Paid
O00970,PAY00970,8/20/2026,Net Banking,14596.87,Paid
O00971,PAY00971,7/19/2026,COD,7965.2,Paid
O00972,PAY00972,3/26/2026,Debit Card,31481.01,Paid
O00973,PAY00973,2/4/2025,Credit Card,27264.5,Refunded
O00974,PAY00974,10/10/2025,Credit Card,32972.54,Paid
O00975,PAY00975,5/30/2025,Net Banking,13180.55,Failed
O00976,PAY00976,5/14/2025,UPI,18888.53,Refunded
O00977,PAY00977,5/21/2026,UPI,22338.81,Paid
O00978,PAY00978,5/10/2026,Net Banking,43231.45,Paid
O00979,PAY00979,11/14/2025,UPI,57368.23,Paid
O00980,PAY00980,3/24/2026,Credit Card,39917.39,Paid
O00981,PAY00981,3/20/2025,Net Banking,23472.75,Paid
O00982,PAY00982,5/15/2025,Credit Card,31702.85,Failed
O00983,PAY00983,6/8/2026,COD,22409.9,Paid
O00984,PAY00984,10/2/2025,COD,4275.42,Paid
O00985,PAY00985,11/29/2025,UPI,26667.01,Refunded
O00986,PAY00986,10/9/2025,UPI,31625.42,Paid
O00987,PAY00987,5/3/2025,COD,15857.95,Refunded
O00988,PAY00988,5/18/2026,UPI,17812.81,Paid
O00989,PAY00989,4/7/2026,Debit Card,26363.05,Failed
O00990,PAY00990,2/20/2026,COD,12393.46,Paid
O00991,PAY00991,8/3/2025,Debit Card,6568.41,Paid
O00992,PAY00992,1/27/2026,Credit Card,9658.53,Refunded
O00993,PAY00993,8/3/2026,UPI,18993.43,Paid
O00994,PAY00994,1/31/2026,Credit Card,36975.36,Paid
O00995,PAY00995,10/28/2025,Debit Card,8201.02,Paid
O00996,PAY00996,6/14/2025,UPI,31370.42,Paid
O00997,PAY00997,11/14/2025,Debit Card,15096.56,Refunded
O00998,PAY00998,8/15/2025,Debit Card,28938.09,Paid
O00999,PAY00999,1/7/2026,Credit Card,16573.96,Paid
O01000,PAY01000,1/28/2025,COD,35537.55,Refunded
O01001,PAY01001,4/26/2025,COD,43875.39,Paid
O01002,PAY01002,4/24/2026,Net Banking,38018.98,Refunded
O01003,PAY01003,8/20/2025,Debit Card,29619.11,Paid
O01004,PAY01004,9/21/2025,Debit Card,39668.5,Paid
O01005,PAY01005,11/27/2025,UPI,13264.46,Paid
O01006,PAY01006,9/24/2025,Credit Card,6424.96,Failed
O01007,PAY01007,4/7/2026,UPI,46455.04,Paid
O01008,PAY01008,5/30/2025,Credit Card,26063.1,Paid
O01009,PAY01009,4/7/2026,Debit Card,41726.29,Paid
O01010,PAY01010,5/8/2025,Net Banking,14749.61,Paid
O01011,PAY01011,8/14/2025,Credit Card,3555.07,Failed
O01012,PAY01012,12/24/2025,Credit Card,9613.68,Refunded
O01013,PAY01013,6/23/2026,Net Banking,38095.86,Paid
O01014,PAY01014,5/22/2025,UPI,27241.9,Refunded
O01015,PAY01015,12/24/2025,UPI,29690.51,Paid
O01016,PAY01016,2/9/2025,Net Banking,3448.31,Paid
O01017,PAY01017,2/15/2025,Debit Card,32224.36,Paid
O01018,PAY01018,4/12/2026,COD,37790.74,Refunded
O01019,PAY01019,3/14/2026,Net Banking,1822.37,Refunded
O01020,PAY01020,8/17/2025,COD,28111.59,Failed
O01021,PAY01021,1/14/2026,Net Banking,30803.6,Paid
O01022,PAY01022,8/20/2025,COD,40317.74,Failed
O01023,PAY01023,6/18/2025,UPI,34486.5,Failed
O01024,PAY01024,9/20/2025,Debit Card,17877.33,Failed
O01025,PAY01025,7/9/2025,COD,20485.86,Paid
O01026,PAY01026,5/11/2026,Net Banking,16624.15,Paid
O01027,PAY01027,9/8/2025,Debit Card,13869.29,Refunded
O01028,PAY01028,7/15/2025,COD,37194.17,Refunded
O01029,PAY01029,11/22/2025,Credit Card,7738.46,Paid
O01030,PAY01030,4/6/2026,UPI,32010.62,Paid
O01031,PAY01031,6/16/2025,Net Banking,5182.18,Paid
O01032,PAY01032,7/26/2026,Debit Card,19942.17,Paid
O01033,PAY01033,10/9/2025,UPI,39741.2,Failed
O01034,PAY01034,2/6/2026,Credit Card,44125.14,Paid
O01035,PAY01035,8/6/2026,UPI,7821.38,Paid
O01036,PAY01036,9/20/2025,COD,9361.12,Refunded
O01037,PAY01037,5/2/2025,COD,19848.79,Refunded
O01038,PAY01038,3/31/2026,COD,18926.83,Paid
O01039,PAY01039,1/5/2025,UPI,48726.36,Paid
O01040,PAY01040,10/6/2025,COD,23696.97,Paid
O01041,PAY01041,8/19/2026,Debit Card,11824.28,Failed
O01042,PAY01042,9/9/2025,Credit Card,3069.25,Failed
O01043,PAY01043,2/20/2026,Net Banking,42193.19,Paid
O01044,PAY01044,11/16/2025,COD,41326.92,Paid
O01045,PAY01045,5/11/2025,Debit Card,9843.16,Paid
O01046,PAY01046,7/13/2025,UPI,34996.88,Paid
O01047,PAY01047,11/15/2025,COD,14860.64,Paid
O01048,PAY01048,3/5/2025,UPI,31327.53,Paid
O01049,PAY01049,9/10/2025,UPI,36292.36,Paid
O01050,PAY01050,9/10/2025,Net Banking,49286.79,Failed
O01051,PAY01051,5/23/2026,Net Banking,15588.01,Failed
O01052,PAY01052,3/17/2025,Net Banking,28868.29,Paid
O01053,PAY01053,5/28/2026,COD,36482.03,Paid
O01054,PAY01054,9/7/2025,COD,25309.42,Paid
O01055,PAY01055,2/1/2026,UPI,6592.26,Paid
O01056,PAY01056,12/5/2025,Credit Card,44500.85,Paid
O01057,PAY01057,7/2/2025,Net Banking,13008.64,Paid
O01058,PAY01058,7/20/2026,Credit Card,35664.34,Refunded
O01059,PAY01059,5/17/2025,Net Banking,15452.65,Paid
O01060,PAY01060,1/23/2025,Debit Card,17032.41,Failed
O01061,PAY01061,4/2/2026,Debit Card,26401.28,Paid
O01062,PAY01062,1/13/2026,UPI,41115.9,Paid
O01063,PAY01063,6/26/2026,Net Banking,30796.95,Paid
O01064,PAY01064,10/6/2025,COD,8034.86,Refunded
O01065,PAY01065,1/11/2025,COD,15540.55,Paid
O01066,PAY01066,1/13/2025,Credit Card,26807.88,Refunded
O01067,PAY01067,9/21/2025,Net Banking,18521.47,Failed
O01068,PAY01068,6/1/2025,UPI,2643.49,Failed
O01069,PAY01069,7/15/2026,Net Banking,31603.04,Failed
O01070,PAY01070,3/14/2025,Debit Card,1726.45,Paid
O01071,PAY01071,6/20/2026,COD,11253.56,Failed
O01072,PAY01072,5/12/2025,Net Banking,23336.53,Paid
O01073,PAY01073,3/14/2025,UPI,73039.28,Failed
O01074,PAY01074,6/16/2025,COD,55426.18,Failed
O01075,PAY01075,3/29/2025,Net Banking,35850.75,Paid
O01076,PAY01076,9/1/2025,Credit Card,22367.86,Paid
O01077,PAY01077,7/20/2025,Credit Card,28806.99,Paid
O01078,PAY01078,11/18/2025,UPI,12104.05,Paid
O01079,PAY01079,11/23/2025,Credit Card,3680.65,Paid
O01080,PAY01080,1/1/2025,COD,16957.25,Paid
O01081,PAY01081,3/17/2025,COD,13829.48,Paid
O01082,PAY01082,4/9/2025,Debit Card,3768.92,Paid
O01083,PAY01083,4/29/2025,Credit Card,39996.19,Paid
O01084,PAY01084,2/26/2025,Credit Card,38858.32,Failed
O01085,PAY01085,7/11/2025,COD,19519.4,Paid
O01086,PAY01086,12/1/2025,UPI,40761.59,Paid
O01087,PAY01087,7/7/2025,Net Banking,11728.5,Paid
O01088,PAY01088,7/20/2025,COD,40299.73,Failed
O01089,PAY01089,10/13/2025,COD,60319.75,Refunded
O01090,PAY01090,11/30/2025,Net Banking,21081.47,Refunded
O01091,PAY01091,7/21/2025,COD,23175.14,Failed
O01092,PAY01092,5/15/2025,Credit Card,27966.2,Paid
O01093,PAY01093,9/6/2025,COD,15622.56,Failed
O01094,PAY01094,1/15/2025,UPI,11041.94,Paid
O01095,PAY01095,10/27/2025,UPI,8083.74,Paid
O01096,PAY01096,7/27/2026,UPI,5079.67,Paid
O01097,PAY01097,8/30/2025,Net Banking,25082.34,Paid
O01098,PAY01098,3/7/2025,Credit Card,10185.54,Paid
O01099,PAY01099,3/6/2026,Net Banking,8479.87,Paid
O01100,PAY01100,3/19/2025,UPI,50953.86,Refunded
O01101,PAY01101,4/28/2025,Net Banking,27909.84,Failed
O01102,PAY01102,3/31/2025,Credit Card,36841.93,Failed
O01103,PAY01103,6/22/2026,Debit Card,12122.02,Paid
O01104,PAY01104,8/20/2026,UPI,12501.29,Refunded
O01105,PAY01105,12/13/2025,COD,28576.26,Paid
O01106,PAY01106,1/11/2026,Credit Card,40600.23,Refunded
O01107,PAY01107,1/28/2026,Net Banking,28569.48,Failed
O01108,PAY01108,1/7/2026,Debit Card,25378.4,Paid
O01109,PAY01109,11/27/2025,Debit Card,10085.94,Paid
O01110,PAY01110,8/23/2026,Debit Card,6384.76,Failed
O01111,PAY01111,3/22/2026,UPI,19261.79,Refunded
O01112,PAY01112,2/23/2025,COD,3395.18,Paid
O01113,PAY01113,8/27/2025,Net Banking,10909.13,Paid
O01114,PAY01114,8/16/2026,Credit Card,56220.15,Paid
O01115,PAY01115,9/3/2025,UPI,7991.11,Paid
O01116,PAY01116,5/5/2025,COD,22997.27,Paid
O01117,PAY01117,6/13/2026,Credit Card,36294.16,Refunded
O01118,PAY01118,1/14/2026,COD,28852.35,Paid
O01119,PAY01119,12/9/2025,Net Banking,27196.94,Paid
O01120,PAY01120,9/13/2025,COD,30563.99,Failed
O01121,PAY01121,3/17/2025,Net Banking,2839.59,Failed
O01122,PAY01122,8/22/2025,UPI,31456.98,Failed
O01123,PAY01123,9/23/2025,UPI,17068.29,Paid
O01124,PAY01124,7/21/2026,Credit Card,11342.82,Paid
O01125,PAY01125,7/6/2025,Debit Card,39711.33,Paid
O01126,PAY01126,4/1/2025,Net Banking,19094.45,Paid
O01127,PAY01127,9/17/2025,COD,30907.6,Paid
O01128,PAY01128,8/30/2026,UPI,34080.66,Paid
O01129,PAY01129,10/21/2025,Net Banking,11205.25,Paid
O01130,PAY01130,8/19/2025,UPI,13128.79,Failed
O01131,PAY01131,2/10/2026,Debit Card,32040.82,Refunded
O01132,PAY01132,1/30/2026,UPI,7383.56,Paid
O01133,PAY01133,7/1/2025,Credit Card,17271.44,Paid
O01134,PAY01134,8/12/2026,Net Banking,4040.67,Paid
O01135,PAY01135,12/27/2025,Net Banking,43210.12,Paid
O01136,PAY01136,2/5/2025,COD,31663.18,Paid
O01137,PAY01137,9/5/2025,Debit Card,26686.12,Paid
O01138,PAY01138,7/16/2026,Credit Card,17805.43,Failed
O01139,PAY01139,8/28/2025,COD,2616.66,Paid
O01140,PAY01140,12/12/2025,COD,41271.46,Failed
O01141,PAY01141,1/8/2026,COD,27867.01,Paid
O01142,PAY01142,3/5/2026,Net Banking,21114.1,Paid
O01143,PAY01143,6/15/2026,Net Banking,2989.04,Paid
O01144,PAY01144,4/1/2025,UPI,3618.93,Paid
O01145,PAY01145,11/11/2025,Debit Card,11314.51,Paid
O01146,PAY01146,11/21/2025,Debit Card,19754.9,Paid
O01147,PAY01147,4/3/2025,Credit Card,29751.24,Refunded
O01148,PAY01148,2/14/2026,UPI,40851.18,Failed
O01149,PAY01149,3/13/2025,Credit Card,39990.43,Failed
O01150,PAY01150,10/5/2025,COD,5233.33,Paid
O01151,PAY01151,7/20/2025,COD,30713.68,Paid
O01152,PAY01152,4/5/2025,Net Banking,18545.1,Failed
O01153,PAY01153,5/15/2026,UPI,22879.46,Paid
O01154,PAY01154,5/29/2025,Net Banking,28533.26,Refunded
O01155,PAY01155,6/5/2025,UPI,6788.95,Paid
O01156,PAY01156,6/4/2026,Net Banking,48123.56,Paid
O01157,PAY01157,6/18/2026,UPI,14444.21,Refunded
O01158,PAY01158,1/21/2025,Credit Card,23708.68,Paid
O01159,PAY01159,6/18/2025,UPI,36289.21,Paid
O01160,PAY01160,3/7/2026,COD,39489.19,Paid
O01161,PAY01161,4/19/2026,Debit Card,46533.8,Paid
O01162,PAY01162,8/31/2026,COD,5976.61,Paid
O01163,PAY01163,12/4/2025,UPI,37236.44,Paid
O01164,PAY01164,1/5/2025,Net Banking,4857.25,Refunded
O01165,PAY01165,6/16/2026,Debit Card,7200.13,Paid
O01166,PAY01166,4/8/2025,Debit Card,32920.62,Refunded
O01167,PAY01167,3/15/2025,COD,28121.4,Refunded
O01168,PAY01168,2/14/2026,UPI,41607.93,Paid
O01169,PAY01169,1/3/2026,COD,25469.64,Paid
O01170,PAY01170,2/6/2025,UPI,26705.36,Refunded
O01171,PAY01171,4/13/2025,Credit Card,52302.29,Paid
O01172,PAY01172,12/25/2025,UPI,16383.72,Paid
O01173,PAY01173,6/5/2025,Debit Card,44281.14,Refunded
O01174,PAY01174,2/20/2026,Debit Card,46960.46,Paid
O01175,PAY01175,9/8/2025,Net Banking,41640.64,Failed
O01176,PAY01176,12/24/2025,Net Banking,24835.36,Failed
O01177,PAY01177,10/16/2025,Net Banking,53386.53,Paid
O01178,PAY01178,8/11/2025,COD,10529.99,Paid
O01179,PAY01179,7/28/2025,Debit Card,28074.41,Paid
O01180,PAY01180,2/28/2026,UPI,20173.41,Paid
O01181,PAY01181,11/9/2025,UPI,55972.95,Refunded
O01182,PAY01182,12/28/2025,Credit Card,7598.29,Failed
O01183,PAY01183,12/18/2025,Net Banking,4974.17,Failed
O01184,PAY01184,5/7/2025,UPI,19696.6,Paid
O01185,PAY01185,7/10/2026,COD,16207.09,Paid
O01186,PAY01186,12/9/2025,COD,10243.29,Refunded
O01187,PAY01187,3/13/2026,UPI,23836.98,Paid
O01188,PAY01188,6/21/2026,Net Banking,12704.05,Paid
O01189,PAY01189,7/17/2026,Debit Card,22757.72,Failed
O01190,PAY01190,2/10/2026,Debit Card,20424.36,Paid
O01191,PAY01191,4/24/2026,Net Banking,43110.91,Paid
O01192,PAY01192,10/14/2025,Debit Card,18677.3,Refunded
O01193,PAY01193,3/25/2026,Credit Card,20244.32,Paid
O01194,PAY01194,7/15/2025,Debit Card,19869.75,Paid
O01195,PAY01195,3/9/2026,UPI,22256.86,Paid
O01196,PAY01196,2/22/2025,Credit Card,48780.88,Paid
O01197,PAY01197,7/10/2026,COD,26464.32,Paid
O01198,PAY01198,5/29/2025,UPI,16200.29,Paid
O01199,PAY01199,2/4/2026,Debit Card,4185.71,Failed
O01200,PAY01200,1/7/2025,Credit Card,4332.44,Paid
O01201,PAY01201,4/5/2025,Debit Card,23854.57,Paid
O01202,PAY01202,8/23/2026,Credit Card,24670.19,Paid
O01203,PAY01203,5/22/2026,Debit Card,5954.68,Refunded
O01204,PAY01204,5/16/2025,Debit Card,7748.18,Paid
O01205,PAY01205,3/21/2025,Net Banking,38130.79,Paid
O01206,PAY01206,5/11/2026,Credit Card,24751.01,Paid
O01207,PAY01207,8/26/2026,Debit Card,12905.83,Failed
O01208,PAY01208,4/13/2025,Net Banking,2616.66,Paid
O01209,PAY01209,2/8/2026,Net Banking,19581.16,Paid
O01210,PAY01210,6/22/2025,Debit Card,32737.84,Refunded
O01211,PAY01211,3/29/2026,Credit Card,32351.23,Refunded
O01212,PAY01212,9/12/2025,Debit Card,31610.98,Refunded
O01213,PAY01213,3/18/2025,Debit Card,27734.89,Refunded
O01214,PAY01214,7/17/2025,COD,36847.5,Paid
O01215,PAY01215,11/24/2025,Credit Card,25005.97,Paid
O01216,PAY01216,5/1/2026,Credit Card,32181.04,Refunded
O01217,PAY01217,1/13/2025,Net Banking,53740.08,Paid
O01218,PAY01218,8/6/2026,Net Banking,27288.86,Refunded
O01219,PAY01219,1/30/2026,Debit Card,28102.55,Failed
O01220,PAY01220,6/17/2026,UPI,6592.26,Refunded
O01221,PAY01221,7/20/2026,Net Banking,20102.88,Paid
O01222,PAY01222,4/4/2025,Net Banking,13500.24,Failed
O01223,PAY01223,2/26/2025,COD,7502.25,Refunded
O01224,PAY01224,4/18/2026,Debit Card,7177.9,Paid
O01225,PAY01225,4/25/2025,Debit Card,16534.9,Failed
O01226,PAY01226,3/31/2025,Credit Card,27860.44,Paid
O01227,PAY01227,10/12/2025,Debit Card,27287.96,Refunded
O01228,PAY01228,7/10/2026,UPI,3586.85,Refunded
O01229,PAY01229,4/29/2026,Debit Card,6449.48,Paid
O01230,PAY01230,11/11/2025,Net Banking,10501.03,Paid
O01231,PAY01231,4/30/2025,Net Banking,20599.55,Paid
O01232,PAY01232,7/24/2025,Net Banking,25716.46,Refunded
O01233,PAY01233,2/23/2026,COD,13645.35,Paid
O01234,PAY01234,4/6/2025,Net Banking,14281.9,Failed
O01235,PAY01235,11/15/2025,Net Banking,42753.08,Paid
O01236,PAY01236,1/8/2025,Debit Card,8212.43,Paid
O01237,PAY01237,7/17/2025,Net Banking,38857.57,Refunded
O01238,PAY01238,5/31/2025,Net Banking,30545.28,Paid
O01239,PAY01239,2/19/2026,Debit Card,11302.88,Failed
O01240,PAY01240,7/10/2026,Debit Card,11745.56,Refunded
O01241,PAY01241,3/31/2025,Net Banking,17856.87,Refunded
O01242,PAY01242,4/30/2026,Credit Card,15511.3,Paid
O01243,PAY01243,2/3/2026,Credit Card,28149.65,Paid
O01244,PAY01244,8/13/2026,Debit Card,23886.19,Failed
O01245,PAY01245,7/9/2026,Net Banking,2630.69,Refunded
O01246,PAY01246,3/3/2025,Debit Card,28261.13,Refunded
O01247,PAY01247,3/28/2026,UPI,18931.52,Failed
O01248,PAY01248,12/27/2025,COD,4310.39,Paid
O01249,PAY01249,3/10/2025,Debit Card,16325.06,Failed
O01250,PAY01250,6/6/2025,Debit Card,22790.39,Paid
O01251,PAY01251,7/18/2026,COD,15368.5,Refunded
O01252,PAY01252,11/27/2025,Debit Card,37320.92,Paid
O01253,PAY01253,7/25/2025,UPI,30577.66,Paid
O01254,PAY01254,7/14/2025,COD,38061.05,Refunded
O01255,PAY01255,5/25/2026,Credit Card,6992.22,Refunded
O01256,PAY01256,6/22/2025,COD,17089.76,Paid
O01257,PAY01257,4/7/2025,Debit Card,4951.36,Refunded
O01258,PAY01258,12/15/2025,Credit Card,19911.45,Paid
O01259,PAY01259,8/27/2026,Credit Card,30546.25,Paid
O01260,PAY01260,4/22/2025,COD,6285.84,Paid
O01261,PAY01261,6/5/2025,COD,15930.4,Paid
O01262,PAY01262,10/13/2025,UPI,16489.05,Paid
O01263,PAY01263,5/2/2025,COD,11205.25,Paid
O01264,PAY01264,1/31/2026,COD,4543.16,Paid
O01265,PAY01265,6/4/2025,Net Banking,34927.52,Paid
O01266,PAY01266,3/19/2025,UPI,19686.32,Paid
O01267,PAY01267,6/8/2025,Debit Card,23036.61,Paid
O01268,PAY01268,7/20/2026,Debit Card,25491.16,Refunded
O01269,PAY01269,7/23/2026,UPI,38841.4,Paid
O01270,PAY01270,11/4/2025,COD,50057.81,Paid
O01271,PAY01271,9/1/2025,Net Banking,36492.02,Paid
O01272,PAY01272,5/14/2026,UPI,49987.39,Refunded
O01273,PAY01273,4/29/2025,Credit Card,35319.52,Paid
O01274,PAY01274,2/2/2026,COD,41070.59,Refunded
O01275,PAY01275,2/18/2026,Debit Card,35063.47,Paid
O01276,PAY01276,3/8/2026,Debit Card,29262.85,Failed
O01277,PAY01277,5/13/2025,UPI,8212.43,Paid
O01278,PAY01278,3/12/2026,UPI,9931.11,Failed
O01279,PAY01279,1/8/2026,COD,41278.97,Failed
O01280,PAY01280,6/17/2026,COD,57321.14,Paid
O01281,PAY01281,4/17/2025,UPI,23028.27,Paid
O01282,PAY01282,1/9/2026,Debit Card,22539.75,Paid
O01283,PAY01283,5/20/2026,Net Banking,16825.96,Paid
O01284,PAY01284,6/19/2025,COD,20320.83,Paid
O01285,PAY01285,3/29/2026,Debit Card,25529.75,Refunded
O01286,PAY01286,3/2/2025,COD,29278.98,Paid
O01287,PAY01287,3/13/2026,UPI,45673.11,Paid
O01288,PAY01288,1/4/2026,UPI,14979.45,Paid
O01289,PAY01289,4/28/2025,Debit Card,24842.25,Paid
O01290,PAY01290,2/10/2025,Credit Card,17382.28,Paid
O01291,PAY01291,3/30/2026,Net Banking,30348.05,Refunded
O01292,PAY01292,5/27/2025,Credit Card,7674.24,Paid
O01293,PAY01293,10/30/2025,Debit Card,6721.38,Paid
O01294,PAY01294,2/6/2025,Debit Card,32579.63,Failed
O01295,PAY01295,8/9/2026,COD,8978.69,Paid
O01296,PAY01296,11/30/2025,UPI,12153.73,Paid
O01297,PAY01297,7/21/2026,Debit Card,30680.88,Paid
O01298,PAY01298,4/8/2025,Credit Card,16635.14,Paid
O01299,PAY01299,5/6/2025,UPI,27833.8,Refunded
O01300,PAY01300,1/7/2026,COD,9477.5,Paid
O01301,PAY01301,1/3/2026,COD,37234.98,Paid
O01302,PAY01302,4/26/2026,UPI,6772.9,Paid
O01303,PAY01303,7/19/2026,Net Banking,21377.7,Failed
O01304,PAY01304,5/15/2026,Net Banking,49891.12,Paid
O01305,PAY01305,3/27/2025,Net Banking,25113.21,Paid
O01306,PAY01306,7/8/2025,Debit Card,42433.1,Paid
O01307,PAY01307,7/10/2026,Credit Card,30445.57,Paid
O01308,PAY01308,11/30/2025,UPI,25782.78,Paid
O01309,PAY01309,6/12/2026,UPI,6138.5,Refunded
O01310,PAY01310,12/9/2025,UPI,31299.04,Failed
O01311,PAY01311,1/31/2025,Debit Card,3621.04,Failed
O01312,PAY01312,10/15/2025,UPI,12417.76,Refunded
O01313,PAY01313,5/17/2026,Net Banking,26199.14,Refunded
O01314,PAY01314,2/3/2026,Net Banking,15304.59,Paid
O01315,PAY01315,3/22/2025,Credit Card,21464.33,Failed
O01316,PAY01316,5/8/2025,UPI,37233.3,Paid
O01317,PAY01317,6/4/2026,Debit Card,13588.52,Paid
O01318,PAY01318,8/19/2026,COD,47086.13,Failed
O01319,PAY01319,4/3/2026,Credit Card,10311.05,Refunded
O01320,PAY01320,3/1/2025,COD,37369.96,Refunded
O01321,PAY01321,1/12/2026,Credit Card,21786.62,Paid
O01322,PAY01322,5/20/2026,UPI,38333.98,Refunded
O01323,PAY01323,1/25/2026,Net Banking,7738.47,Paid
O01324,PAY01324,12/28/2025,COD,24228.97,Paid
O01325,PAY01325,10/12/2025,COD,47521.06,Paid
O01326,PAY01326,5/29/2025,COD,56785.37,Paid
O01327,PAY01327,6/20/2025,UPI,14356.85,Refunded
O01328,PAY01328,3/30/2026,UPI,38657.87,Paid
O01329,PAY01329,2/12/2025,Debit Card,19852.54,Paid
O01330,PAY01330,2/21/2025,COD,9127.01,Failed
O01331,PAY01331,8/30/2025,COD,4648.48,Paid
O01332,PAY01332,4/16/2026,Credit Card,18128.53,Paid
O01333,PAY01333,2/4/2026,Credit Card,52082.14,Paid
O01334,PAY01334,12/25/2025,Net Banking,45971.11,Refunded
O01335,PAY01335,11/21/2025,COD,24600.5,Paid
O01336,PAY01336,3/9/2025,UPI,38348.42,Paid
O01337,PAY01337,7/21/2025,COD,26022.48,Refunded
O01338,PAY01338,2/18/2025,COD,8346.87,Failed
O01339,PAY01339,4/6/2026,UPI,22355.66,Failed
O01340,PAY01340,4/2/2026,COD,9802.06,Paid
O01341,PAY01341,6/6/2025,Net Banking,46643.33,Paid
O01342,PAY01342,6/28/2025,COD,69855.8,Paid
O01343,PAY01343,7/13/2025,Credit Card,29027.99,Paid
O01344,PAY01344,6/25/2026,COD,7650.14,Paid
O01345,PAY01345,10/25/2025,UPI,18261.38,Refunded
O01346,PAY01346,4/9/2026,UPI,42181.15,Failed
O01347,PAY01347,9/30/2025,Debit Card,21619.83,Refunded
O01348,PAY01348,3/1/2026,Net Banking,32257.72,Paid
O01349,PAY01349,11/18/2025,UPI,11378.86,Failed
O01350,PAY01350,6/19/2025,Credit Card,39603.81,Paid
O01351,PAY01351,6/17/2026,Credit Card,17506.38,Failed
O01352,PAY01352,3/8/2026,UPI,18765.72,Failed
O01353,PAY01353,4/13/2026,UPI,7690.71,Refunded
O01354,PAY01354,7/31/2026,UPI,39361.44,Refunded
O01355,PAY01355,6/1/2025,COD,8486.19,Paid
O01356,PAY01356,2/25/2025,COD,48917.03,Failed
O01357,PAY01357,12/21/2025,Net Banking,8154.37,Failed
O01358,PAY01358,7/18/2025,Net Banking,20040.26,Failed
O01359,PAY01359,9/22/2025,UPI,19697.92,Paid
O01360,PAY01360,5/23/2025,UPI,20077.19,Paid
O01361,PAY01361,8/31/2025,Credit Card,22629.64,Refunded
O01362,PAY01362,8/28/2025,COD,43472.97,Refunded
O01363,PAY01363,8/2/2025,Debit Card,59698.94,Paid
O01364,PAY01364,3/28/2026,COD,22461,Paid
O01365,PAY01365,12/27/2025,Credit Card,1662.63,Refunded
O01366,PAY01366,10/16/2025,Credit Card,5284.9,Refunded
O01367,PAY01367,3/10/2025,COD,1315.34,Paid
O01368,PAY01368,12/14/2025,Debit Card,16914.94,Refunded
O01369,PAY01369,4/17/2025,Net Banking,45840.1,Refunded
O01370,PAY01370,7/11/2025,Net Banking,16378.95,Paid
O01371,PAY01371,9/10/2025,Net Banking,10391.89,Paid
O01372,PAY01372,3/27/2025,Net Banking,23592,Paid
O01373,PAY01373,8/25/2025,COD,25873.96,Paid
O01374,PAY01374,6/12/2025,Debit Card,33260.54,Failed
O01375,PAY01375,6/1/2026,Credit Card,11407.74,Paid
O01376,PAY01376,6/7/2026,Debit Card,36966.01,Failed
O01377,PAY01377,1/3/2025,Credit Card,15838.25,Paid
O01378,PAY01378,1/2/2026,UPI,46872.19,Failed
O01379,PAY01379,1/25/2026,Credit Card,22244.41,Failed
O01380,PAY01380,8/18/2025,Debit Card,28983.27,Refunded
O01381,PAY01381,10/13/2025,Debit Card,28891.13,Paid
O01382,PAY01382,4/26/2026,Credit Card,29945.87,Paid
O01383,PAY01383,8/18/2025,Net Banking,57445.43,Paid
O01384,PAY01384,2/9/2025,Credit Card,22377.21,Paid
O01385,PAY01385,8/15/2025,Net Banking,33566.91,Failed
O01386,PAY01386,6/4/2025,Credit Card,57162.98,Paid
O01387,PAY01387,8/21/2025,COD,19246.11,Refunded
O01388,PAY01388,5/20/2025,Net Banking,40408.92,Paid
O01389,PAY01389,4/2/2025,Debit Card,34336.05,Paid
O01390,PAY01390,8/23/2026,Debit Card,35555.16,Paid
O01391,PAY01391,3/20/2025,Net Banking,28903.05,Paid
O01392,PAY01392,3/6/2026,Debit Card,40230.75,Refunded
O01393,PAY01393,3/13/2026,COD,35036.73,Failed
O01394,PAY01394,1/11/2026,UPI,3644.73,Paid
O01395,PAY01395,7/9/2026,COD,19351.77,Paid
O01396,PAY01396,1/4/2025,COD,4891.61,Refunded
O01397,PAY01397,7/3/2025,Credit Card,2197.42,Refunded
O01398,PAY01398,4/23/2025,Credit Card,54252.14,Refunded
O01399,PAY01399,12/17/2025,COD,14546.17,Paid
O01400,PAY01400,1/22/2026,Debit Card,40314.42,Paid
O01401,PAY01401,6/30/2026,Net Banking,31197.17,Paid
O01402,PAY01402,8/19/2025,UPI,15943.05,Refunded
O01403,PAY01403,5/24/2025,Debit Card,45484.44,Paid
O01404,PAY01404,7/16/2026,Net Banking,35525.81,Failed
O01405,PAY01405,2/14/2026,COD,31454.23,Paid
O01406,PAY01406,4/10/2026,Debit Card,53031.56,Paid
O01407,PAY01407,9/28/2025,UPI,5906.65,Refunded
O01408,PAY01408,9/30/2025,Debit Card,7487.94,Paid
O01409,PAY01409,8/25/2025,Net Banking,35153.59,Paid
O01410,PAY01410,4/1/2026,COD,3190.18,Paid
O01411,PAY01411,5/9/2025,COD,9232.1,Paid
O01412,PAY01412,8/17/2026,Net Banking,5255.76,Failed
O01413,PAY01413,4/17/2025,UPI,4094.87,Paid
O01414,PAY01414,10/8/2025,Debit Card,20626.56,Paid
O01415,PAY01415,7/11/2025,Debit Card,14168.44,Paid
O01416,PAY01416,1/26/2026,Debit Card,48559.05,Paid
O01417,PAY01417,2/18/2026,COD,15642.75,Failed
O01418,PAY01418,7/13/2026,COD,19166.52,Refunded
O01419,PAY01419,4/25/2026,Credit Card,6381.62,Refunded
O01420,PAY01420,6/1/2025,COD,16681.28,Failed
O01421,PAY01421,5/6/2025,COD,13966.85,Refunded
O01422,PAY01422,6/24/2026,Net Banking,10402.45,Failed
O01423,PAY01423,10/24/2025,Credit Card,34145.7,Paid
O01424,PAY01424,3/1/2025,Net Banking,6868.74,Refunded
O01425,PAY01425,5/17/2026,Debit Card,49382.4,Paid
O01426,PAY01426,1/30/2026,COD,20094.21,Paid
O01427,PAY01427,1/16/2025,Net Banking,15376.92,Failed
O01428,PAY01428,4/21/2026,COD,20657.41,Paid
O01429,PAY01429,1/5/2026,Debit Card,45077.04,Paid
O01430,PAY01430,1/9/2026,UPI,4440.98,Failed
O01431,PAY01431,6/10/2026,Debit Card,46267.52,Paid
O01432,PAY01432,10/29/2025,COD,30901.17,Paid
O01433,PAY01433,10/8/2025,Net Banking,9725.75,Paid
O01434,PAY01434,1/11/2026,Net Banking,4974.02,Paid
O01435,PAY01435,5/1/2025,Net Banking,43163.72,Paid
O01436,PAY01436,4/3/2025,Debit Card,23388.31,Failed
O01437,PAY01437,5/29/2026,UPI,13220.1,Paid
O01438,PAY01438,5/12/2025,Debit Card,28737.25,Paid
O01439,PAY01439,11/3/2025,UPI,17376.07,Failed
O01440,PAY01440,6/14/2025,Credit Card,33074.06,Paid
O01441,PAY01441,5/21/2025,Net Banking,29357.37,Paid
O01442,PAY01442,12/30/2025,COD,48479.34,Paid
O01443,PAY01443,5/3/2026,Credit Card,12103.35,Paid
O01444,PAY01444,9/26/2025,Net Banking,1894.17,Failed
O01445,PAY01445,3/26/2025,Credit Card,33496.05,Refunded
O01446,PAY01446,5/29/2025,Credit Card,18254.02,Paid
O01447,PAY01447,4/11/2025,COD,21789.97,Failed
O01448,PAY01448,6/21/2026,Net Banking,29445.12,Paid
O01449,PAY01449,7/14/2025,UPI,33361.75,Paid
O01450,PAY01450,8/16/2025,UPI,16890.15,Refunded
O01451,PAY01451,2/13/2025,UPI,24514.48,Paid
O01452,PAY01452,9/29/2025,Debit Card,4275.08,Refunded
O01453,PAY01453,7/10/2026,UPI,7650.14,Paid
O01454,PAY01454,9/7/2025,Debit Card,16214.88,Paid
O01455,PAY01455,1/31/2026,Debit Card,42337.68,Paid
O01456,PAY01456,4/21/2025,Net Banking,37590.73,Paid
O01457,PAY01457,3/28/2025,Credit Card,12439.96,Paid
O01458,PAY01458,3/21/2026,UPI,33727.6,Paid
O01459,PAY01459,2/9/2025,UPI,21456.02,Failed
O01460,PAY01460,9/30/2025,UPI,9735.45,Paid
O01461,PAY01461,7/12/2025,UPI,41848.26,Paid
O01462,PAY01462,1/10/2025,Credit Card,49153.17,Paid
O01463,PAY01463,11/19/2025,COD,45925.56,Failed
O01464,PAY01464,8/10/2026,Net Banking,9610.75,Paid
O01465,PAY01465,2/12/2025,Credit Card,13764.65,Refunded
O01466,PAY01466,5/11/2026,COD,24881.52,Paid
O01467,PAY01467,11/24/2025,Net Banking,31488.35,Failed
O01468,PAY01468,3/16/2026,Net Banking,29996.34,Paid
O01469,PAY01469,2/28/2025,COD,38935.71,Refunded
O01470,PAY01470,6/13/2026,Net Banking,8471.81,Paid
O01471,PAY01471,1/7/2025,COD,2192.57,Refunded
O01472,PAY01472,7/6/2026,Credit Card,11868.88,Refunded
O01473,PAY01473,2/4/2026,COD,23637.96,Paid
O01474,PAY01474,7/25/2025,UPI,48149.93,Paid
O01475,PAY01475,1/5/2025,Credit Card,28617.38,Paid
O01476,PAY01476,1/7/2026,COD,49150.73,Paid
O01477,PAY01477,2/23/2025,UPI,10192.4,Paid
O01478,PAY01478,1/6/2026,Debit Card,14663.9,Paid
O01479,PAY01479,4/16/2026,Credit Card,29631.68,Paid
O01480,PAY01480,6/12/2025,UPI,3788.33,Refunded
O01481,PAY01481,5/26/2025,Credit Card,11145.44,Refunded
O01482,PAY01482,5/15/2025,Debit Card,21653.58,Paid
O01483,PAY01483,5/17/2025,Net Banking,28562.59,Failed
O01484,PAY01484,3/11/2025,Net Banking,25082.11,Paid
O01485,PAY01485,6/1/2025,UPI,15312.02,Failed
O01486,PAY01486,2/5/2026,Credit Card,36518.95,Failed
O01487,PAY01487,7/3/2025,UPI,19080.83,Refunded
O01488,PAY01488,4/20/2026,UPI,32722.73,Failed
O01489,PAY01489,5/14/2026,Credit Card,18460.55,Refunded
O01490,PAY01490,4/8/2026,Net Banking,20323.96,Refunded
O01491,PAY01491,11/25/2025,Credit Card,40209.95,Failed
O01492,PAY01492,7/12/2025,UPI,20303.84,Paid
O01493,PAY01493,7/20/2026,Credit Card,40460.64,Paid
O01494,PAY01494,5/5/2025,Debit Card,13477.78,Paid
O01495,PAY01495,10/10/2025,Credit Card,19869.36,Paid
O01496,PAY01496,10/3/2025,COD,26223.67,Paid
O01497,PAY01497,3/30/2026,Debit Card,38635.8,Paid
O01498,PAY01498,11/29/2025,COD,9589.81,Paid
O01499,PAY01499,5/2/2026,UPI,26737.31,Paid
O01500,PAY01500,7/13/2026,Credit Card,5790.29,Paid
O01501,PAY01501,8/26/2025,UPI,5111.06,Failed
O01502,PAY01502,6/16/2026,UPI,39797.71,Paid
O01503,PAY01503,4/14/2025,COD,32676.58,Paid
O01504,PAY01504,7/11/2026,Debit Card,20238.69,Paid
O01505,PAY01505,4/19/2025,Net Banking,7711.02,Failed
O01506,PAY01506,6/1/2026,Credit Card,44836.37,Refunded
O01507,PAY01507,8/26/2025,UPI,38957.48,Failed
O01508,PAY01508,8/10/2026,COD,8479.87,Paid
O01509,PAY01509,3/20/2025,Net Banking,24398.37,Paid
O01510,PAY01510,10/11/2025,Net Banking,5689.43,Paid
O01511,PAY01511,7/3/2026,Debit Card,21159.89,Paid
O01512,PAY01512,1/29/2025,Debit Card,31980.64,Refunded
O01513,PAY01513,6/11/2025,Debit Card,35682.58,Refunded
O01514,PAY01514,2/20/2025,Net Banking,15145.46,Failed
O01515,PAY01515,7/15/2025,Credit Card,17528.78,Paid
O01516,PAY01516,8/26/2025,Credit Card,25532.29,Paid
O01517,PAY01517,1/12/2026,Credit Card,20199.08,Refunded
O01518,PAY01518,6/6/2025,Debit Card,28729.11,Failed
O01519,PAY01519,4/7/2025,COD,12055.75,Paid
O01520,PAY01520,4/14/2025,COD,3224.74,Paid
O01521,PAY01521,7/25/2026,Debit Card,34193.12,Refunded
O01522,PAY01522,8/3/2026,Credit Card,14351.79,Refunded
O01523,PAY01523,5/15/2025,COD,10546.66,Paid
O01524,PAY01524,4/29/2025,Credit Card,7032.96,Paid
O01525,PAY01525,2/2/2025,Credit Card,28442.08,Refunded
O01526,PAY01526,8/7/2026,COD,2616.66,Refunded
O01527,PAY01527,3/6/2026,Credit Card,36463.76,Paid
O01528,PAY01528,4/8/2026,Debit Card,7988.66,Paid
O01529,PAY01529,6/26/2025,COD,33729.14,Failed
O01530,PAY01530,1/25/2026,Credit Card,33451.78,Failed
O01531,PAY01531,2/6/2025,Net Banking,22242.14,Refunded
O01532,PAY01532,2/16/2026,UPI,9863.59,Paid
O01533,PAY01533,12/19/2025,COD,23169.69,Paid
O01534,PAY01534,7/21/2025,Debit Card,15972.26,Paid
O01535,PAY01535,3/8/2026,Net Banking,30455.53,Failed
O01536,PAY01536,1/29/2026,Debit Card,18580.26,Paid
O01537,PAY01537,9/24/2025,Debit Card,2895.14,Paid
O01538,PAY01538,4/24/2025,Debit Card,29403.58,Failed
O01539,PAY01539,1/15/2025,UPI,3138.49,Paid
O01540,PAY01540,7/25/2026,Credit Card,36787.91,Paid
O01541,PAY01541,6/21/2025,Credit Card,39342.77,Refunded
O01542,PAY01542,7/3/2025,Credit Card,25501.3,Refunded
O01543,PAY01543,2/19/2026,Credit Card,31608.78,Paid
O01544,PAY01544,6/5/2025,Net Banking,42932.07,Paid
O01545,PAY01545,8/17/2025,COD,14553.89,Paid
O01546,PAY01546,3/9/2026,COD,14133.66,Failed
O01547,PAY01547,12/28/2025,COD,48844.22,Failed
O01548,PAY01548,2/4/2026,Net Banking,24968.18,Failed
O01549,PAY01549,1/3/2025,Debit Card,4439.29,Failed
O01550,PAY01550,10/2/2025,Net Banking,28893.99,Paid
O01551,PAY01551,10/16/2025,UPI,3386.45,Failed
O01552,PAY01552,1/20/2026,COD,17190.36,Failed
O01553,PAY01553,4/3/2025,Debit Card,13656.35,Failed
O01554,PAY01554,4/7/2025,UPI,33788.53,Failed
O01555,PAY01555,4/9/2026,Debit Card,31561.66,Paid
O01556,PAY01556,2/14/2026,Credit Card,48503.72,Failed
O01557,PAY01557,5/9/2026,Credit Card,17241.56,Refunded
O01558,PAY01558,6/14/2025,UPI,19246.61,Paid
O01559,PAY01559,8/30/2026,UPI,6984.99,Paid
O01560,PAY01560,6/15/2025,Credit Card,17763.91,Failed
O01561,PAY01561,1/31/2026,Credit Card,30365.96,Paid
O01562,PAY01562,4/9/2025,COD,41843.18,Paid
O01563,PAY01563,7/13/2026,Credit Card,39078.8,Refunded
O01564,PAY01564,7/22/2025,Credit Card,23377.63,Paid
O01565,PAY01565,5/3/2026,COD,5644.58,Refunded
O01566,PAY01566,7/21/2025,COD,18791.32,Paid
O01567,PAY01567,4/26/2026,UPI,30529.54,Paid
O01568,PAY01568,10/4/2025,UPI,23292.25,Failed
O01569,PAY01569,2/7/2025,UPI,33562.28,Failed
O01570,PAY01570,4/26/2025,Debit Card,4050.07,Refunded
O01571,PAY01571,2/20/2026,Debit Card,17100.3,Paid
O01572,PAY01572,4/28/2025,Credit Card,12158.31,Paid
O01573,PAY01573,6/17/2025,UPI,18929.82,Paid
O01574,PAY01574,11/26/2025,Credit Card,15125.53,Paid
O01575,PAY01575,6/3/2025,Net Banking,46900.73,Paid
O01576,PAY01576,3/20/2025,Credit Card,23083.2,Paid
O01577,PAY01577,1/15/2026,UPI,32376.79,Refunded
O01578,PAY01578,2/23/2026,Net Banking,78792.42,Paid
O01579,PAY01579,3/22/2026,Net Banking,13177.49,Failed
O01580,PAY01580,7/28/2026,Debit Card,46477.29,Failed
O01581,PAY01581,3/17/2025,COD,23481.11,Paid
O01582,PAY01582,9/17/2025,COD,18047.3,Failed
O01583,PAY01583,5/23/2025,UPI,18148.14,Refunded
O01584,PAY01584,7/2/2026,COD,47345.24,Failed
O01585,PAY01585,11/25/2025,UPI,5476.54,Paid
O01586,PAY01586,3/1/2025,Debit Card,47837.04,Failed
O01587,PAY01587,2/25/2026,COD,13801.44,Paid
O01588,PAY01588,1/27/2025,COD,22691.64,Paid
O01589,PAY01589,6/16/2025,UPI,57970.57,Paid
O01590,PAY01590,3/15/2026,UPI,61140.71,Paid
O01591,PAY01591,11/4/2025,Credit Card,61099.06,Paid
O01592,PAY01592,4/8/2026,Credit Card,7173.49,Paid
O01593,PAY01593,12/14/2025,Credit Card,12435.3,Paid
O01594,PAY01594,5/28/2026,Debit Card,22612.44,Refunded
O01595,PAY01595,12/9/2025,Credit Card,15476.19,Paid
O01596,PAY01596,2/4/2025,Debit Card,53013.94,Failed
O01597,PAY01597,2/13/2025,COD,8281.09,Paid
O01598,PAY01598,4/18/2026,Debit Card,19241.57,Paid
O01599,PAY01599,1/24/2025,Credit Card,12140.98,Paid
O01600,PAY01600,8/17/2025,Debit Card,4649.78,Paid
O01601,PAY01601,1/10/2025,Net Banking,9895.4,Refunded
O01602,PAY01602,7/4/2025,COD,11719,Paid
O01603,PAY01603,12/28/2025,COD,13189.94,Failed
O01604,PAY01604,4/16/2025,Credit Card,54018.82,Refunded
O01605,PAY01605,10/11/2025,COD,36850.44,Paid
O01606,PAY01606,8/29/2026,COD,18907.27,Paid
O01607,PAY01607,2/12/2025,UPI,9387.71,Refunded
O01608,PAY01608,2/8/2025,Debit Card,30831.92,Paid
O01609,PAY01609,6/14/2025,UPI,30270.4,Failed
O01610,PAY01610,5/18/2026,Debit Card,18220.01,Paid
O01611,PAY01611,9/4/2025,UPI,11552.64,Refunded
O01612,PAY01612,1/24/2026,Credit Card,50372.47,Failed
O01613,PAY01613,1/21/2025,Debit Card,16361.28,Paid
O01614,PAY01614,3/23/2026,Credit Card,27692.38,Failed
O01615,PAY01615,2/10/2025,UPI,46540.44,Paid
O01616,PAY01616,3/9/2026,Credit Card,17536.64,Paid
O01617,PAY01617,3/31/2025,Debit Card,21200.82,Paid
O01618,PAY01618,6/6/2026,Net Banking,38391.91,Failed
O01619,PAY01619,6/30/2025,UPI,30537.29,Failed
O01620,PAY01620,4/22/2025,Debit Card,41889.63,Paid
O01621,PAY01621,7/24/2025,UPI,13799.41,Refunded
O01622,PAY01622,1/1/2025,UPI,17989.94,Refunded
O01623,PAY01623,4/11/2025,UPI,8163.34,Paid
O01624,PAY01624,12/30/2025,Net Banking,3066.54,Paid
O01625,PAY01625,7/2/2025,COD,23384.23,Paid
O01626,PAY01626,8/4/2025,Net Banking,35110.57,Paid
O01627,PAY01627,5/6/2026,Credit Card,7352.83,Failed
O01628,PAY01628,3/17/2025,COD,43663.75,Paid
O01629,PAY01629,8/29/2025,Debit Card,30921.35,Paid
O01630,PAY01630,4/24/2025,Debit Card,32032.81,Failed
O01631,PAY01631,10/21/2025,Net Banking,6249.32,Failed
O01632,PAY01632,7/21/2025,Net Banking,35989.17,Paid
O01633,PAY01633,1/29/2025,Debit Card,9948.27,Failed
O01634,PAY01634,2/12/2025,Debit Card,9103.09,Paid
O01635,PAY01635,6/3/2026,Credit Card,11334.76,Paid
O01636,PAY01636,2/4/2025,Net Banking,52332.93,Paid
O01637,PAY01637,4/21/2026,Net Banking,16402.05,Paid
O01638,PAY01638,7/11/2026,Debit Card,23002.73,Paid
O01639,PAY01639,10/11/2025,Net Banking,29139.45,Refunded
O01640,PAY01640,7/9/2025,UPI,26464.27,Refunded
O01641,PAY01641,4/18/2026,Debit Card,19776.42,Refunded
O01642,PAY01642,8/21/2026,COD,28282.81,Paid
O01643,PAY01643,3/15/2025,Net Banking,13037.89,Paid
O01644,PAY01644,8/10/2026,Net Banking,29506.34,Paid
O01645,PAY01645,7/28/2026,COD,17094.16,Failed
O01646,PAY01646,3/28/2025,Net Banking,46239,Failed
O01647,PAY01647,2/3/2025,Net Banking,36638.97,Failed
O01648,PAY01648,3/11/2026,Debit Card,5689.43,Paid
O01649,PAY01649,2/17/2025,COD,13234.13,Failed
O01650,PAY01650,1/1/2026,Net Banking,13462.17,Refunded
O01651,PAY01651,2/9/2025,Debit Card,37762.05,Failed
O01652,PAY01652,2/24/2026,UPI,52286.94,Paid
O01653,PAY01653,5/21/2025,COD,27965.26,Refunded
O01654,PAY01654,2/28/2025,Credit Card,13342.22,Refunded
O01655,PAY01655,2/10/2025,Credit Card,42259.06,Failed
O01656,PAY01656,4/25/2025,UPI,57313.8,Refunded
O01657,PAY01657,11/25/2025,Credit Card,32187.95,Paid
O01658,PAY01658,2/16/2025,UPI,21574.81,Paid
O01659,PAY01659,5/3/2026,UPI,7537.84,Paid
O01660,PAY01660,1/3/2026,UPI,33583.05,Paid
O01661,PAY01661,6/30/2025,Credit Card,30826.44,Failed
O01662,PAY01662,8/23/2026,Net Banking,24523.75,Failed
O01663,PAY01663,2/5/2026,COD,32383.57,Paid
O01664,PAY01664,2/13/2026,Credit Card,38767.5,Failed
O01665,PAY01665,4/16/2025,Debit Card,31968.21,Paid
O01666,PAY01666,3/9/2026,COD,30142.62,Paid
O01667,PAY01667,12/6/2025,Net Banking,35479.92,Paid
O01668,PAY01668,8/22/2026,COD,34222.27,Paid
O01669,PAY01669,10/18/2025,Debit Card,8507.5,Refunded
O01670,PAY01670,2/17/2026,UPI,4099.14,Paid
O01671,PAY01671,7/27/2025,UPI,22543.89,Paid
O01672,PAY01672,1/25/2025,Net Banking,20156.76,Failed
O01673,PAY01673,3/19/2025,UPI,23613.68,Paid
O01674,PAY01674,6/12/2026,Debit Card,43428.84,Failed
O01675,PAY01675,3/25/2026,Credit Card,54009.35,Failed
O01676,PAY01676,8/10/2025,COD,25203.39,Paid
O01677,PAY01677,3/1/2026,COD,25791.78,Paid
O01678,PAY01678,1/3/2025,Debit Card,7385.79,Paid
O01679,PAY01679,1/23/2025,Debit Card,17413.91,Paid
O01680,PAY01680,11/5/2025,Credit Card,7481.98,Failed
O01681,PAY01681,1/15/2026,Net Banking,41251.32,Refunded
O01682,PAY01682,7/24/2026,Credit Card,36959.5,Refunded
O01683,PAY01683,4/7/2026,Net Banking,40287.42,Paid
O01684,PAY01684,6/6/2025,COD,30928.59,Paid
O01685,PAY01685,5/11/2026,UPI,11296.56,Refunded
O01686,PAY01686,10/26/2025,Credit Card,26377.44,Paid
O01687,PAY01687,5/18/2026,Credit Card,8863.47,Failed
O01688,PAY01688,4/16/2025,COD,17758.1,Paid
O01689,PAY01689,1/16/2025,Net Banking,24363.53,Paid
O01690,PAY01690,2/5/2025,UPI,57141.22,Failed
O01691,PAY01691,8/26/2026,Credit Card,43534.29,Paid
O01692,PAY01692,2/18/2025,Net Banking,8366.38,Paid
O01693,PAY01693,7/26/2026,COD,44908.12,Paid
O01694,PAY01694,3/19/2026,Debit Card,30052.65,Paid
O01695,PAY01695,3/30/2025,UPI,35236.98,Paid
O01696,PAY01696,6/10/2026,UPI,19009.97,Failed
O01697,PAY01697,3/29/2025,UPI,9026.29,Paid
O01698,PAY01698,3/29/2025,UPI,15615.15,Paid
O01699,PAY01699,12/16/2025,Debit Card,30794.24,Paid
O01700,PAY01700,6/25/2025,Credit Card,20938.86,Paid
O01701,PAY01701,6/26/2025,Credit Card,35511.76,Paid
O01702,PAY01702,4/29/2025,Net Banking,29823.24,Paid
O01703,PAY01703,1/5/2026,Debit Card,36657.66,Paid
O01704,PAY01704,1/17/2025,Net Banking,18007.94,Paid
O01705,PAY01705,5/30/2025,Debit Card,29103.47,Refunded
O01706,PAY01706,12/3/2025,Credit Card,9462.97,Paid
O01707,PAY01707,10/23/2025,COD,43880.2,Refunded
O01708,PAY01708,3/2/2026,Debit Card,16138.73,Paid
O01709,PAY01709,5/12/2025,COD,28054.35,Paid
O01710,PAY01710,1/29/2026,UPI,43946.88,Paid
O01711,PAY01711,4/8/2026,COD,22988.08,Failed
O01712,PAY01712,8/24/2025,Net Banking,13780.42,Paid
O01713,PAY01713,6/6/2025,Credit Card,43053.84,Failed
O01714,PAY01714,12/4/2025,Net Banking,20604.24,Refunded
O01715,PAY01715,12/18/2025,Net Banking,15628.83,Paid
O01716,PAY01716,2/27/2025,COD,9465.76,Refunded
O01717,PAY01717,12/10/2025,Credit Card,14889.41,Failed
O01718,PAY01718,4/4/2025,COD,37281.25,Paid
O01719,PAY01719,12/12/2025,Net Banking,34588.47,Paid
O01720,PAY01720,7/21/2026,Credit Card,14252.66,Failed
O01721,PAY01721,11/23/2025,Credit Card,12114.86,Failed
O01722,PAY01722,4/8/2026,Credit Card,10812.36,Paid
O01723,PAY01723,7/8/2025,Debit Card,12405.92,Failed
O01724,PAY01724,7/16/2026,COD,31097.21,Refunded
O01725,PAY01725,5/10/2026,COD,19413.31,Paid
O01726,PAY01726,7/12/2026,UPI,5380.27,Refunded
O01727,PAY01727,3/27/2026,UPI,10046.04,Paid
O01728,PAY01728,1/30/2026,UPI,15751.55,Failed
O01729,PAY01729,11/16/2025,Net Banking,4094.87,Paid
O01730,PAY01730,7/19/2026,Credit Card,41628.84,Failed
O01731,PAY01731,5/31/2026,Net Banking,42285.95,Paid
O01732,PAY01732,9/11/2025,Net Banking,15526.7,Paid
O01733,PAY01733,2/22/2025,UPI,38391.97,Failed
O01734,PAY01734,1/3/2025,Net Banking,13057.11,Paid
O01735,PAY01735,5/22/2025,Net Banking,17433.4,Paid
O01736,PAY01736,2/8/2025,COD,31154.78,Paid
O01737,PAY01737,5/9/2025,Net Banking,33628.09,Failed
O01738,PAY01738,3/8/2025,Credit Card,15621.86,Paid
O01739,PAY01739,8/20/2026,COD,49589.52,Refunded
O01740,PAY01740,2/27/2025,Credit Card,24786.41,Failed
O01741,PAY01741,1/17/2026,COD,20678.62,Refunded
O01742,PAY01742,8/2/2025,Credit Card,24686.18,Paid
O01743,PAY01743,4/16/2025,COD,17094.93,Paid
O01744,PAY01744,3/3/2026,Net Banking,23929.59,Paid
O01745,PAY01745,8/14/2026,Debit Card,7914.73,Paid
O01746,PAY01746,4/26/2026,Credit Card,11434.86,Paid
O01747,PAY01747,8/16/2026,UPI,53549.49,Failed
O01748,PAY01748,12/25/2025,COD,32000.59,Failed
O01749,PAY01749,2/14/2026,COD,12168.92,Failed
O01750,PAY01750,3/31/2025,Debit Card,14667.43,Paid
O01751,PAY01751,6/3/2026,COD,4616.05,Paid
O01752,PAY01752,3/31/2026,Net Banking,51018.02,Paid
O01753,PAY01753,6/4/2025,Credit Card,44641.27,Refunded
O01754,PAY01754,8/4/2025,COD,7545.2,Refunded
O01755,PAY01755,1/7/2026,Net Banking,6247.88,Refunded
O01756,PAY01756,1/8/2025,Debit Card,30482.92,Paid
O01757,PAY01757,5/13/2026,UPI,40230.22,Paid
O01758,PAY01758,6/20/2025,Net Banking,25308.31,Failed
O01759,PAY01759,2/15/2025,Credit Card,9450.17,Paid
O01760,PAY01760,7/21/2025,Credit Card,1799.05,Paid
O01761,PAY01761,5/24/2026,Net Banking,12529.28,Paid
O01762,PAY01762,6/16/2025,COD,27767.53,Paid
O01763,PAY01763,11/24/2025,UPI,47334.04,Paid
O01764,PAY01764,5/9/2026,COD,23952.19,Refunded
O01765,PAY01765,1/21/2025,Credit Card,21867.99,Refunded
O01766,PAY01766,4/8/2026,Debit Card,28359.63,Paid
O01767,PAY01767,6/25/2025,COD,4579.16,Paid
O01768,PAY01768,2/27/2026,Credit Card,24410,Paid
O01769,PAY01769,4/25/2025,Credit Card,27900.78,Paid
O01770,PAY01770,3/26/2025,COD,43357.13,Paid
O01771,PAY01771,4/25/2026,Credit Card,22909.75,Failed
O01772,PAY01772,5/7/2026,COD,42117.46,Refunded
O01773,PAY01773,8/20/2026,Credit Card,7189.79,Refunded
O01774,PAY01774,2/16/2026,Net Banking,23518.96,Refunded
O01775,PAY01775,10/11/2025,Debit Card,2801.31,Refunded
O01776,PAY01776,4/29/2025,COD,3049.3,Paid
O01777,PAY01777,6/29/2025,Debit Card,17972.1,Paid
O01778,PAY01778,1/30/2026,Debit Card,35334.77,Paid
O01779,PAY01779,7/30/2025,Debit Card,18401.92,Paid
O01780,PAY01780,10/21/2025,Credit Card,52684.05,Paid
O01781,PAY01781,4/13/2025,Debit Card,17677.17,Paid
O01782,PAY01782,9/25/2025,Debit Card,4505.89,Failed
O01783,PAY01783,5/25/2025,Net Banking,10263.13,Paid
O01784,PAY01784,3/10/2025,UPI,15247.04,Paid
O01785,PAY01785,3/22/2025,Debit Card,30169.16,Paid
O01786,PAY01786,11/12/2025,Debit Card,4500.08,Paid
O01787,PAY01787,8/11/2025,Net Banking,11932.47,Paid
O01788,PAY01788,3/2/2025,Net Banking,6576.72,Paid
O01789,PAY01789,11/9/2025,Debit Card,7006.58,Failed
O01790,PAY01790,4/10/2025,UPI,13392.65,Refunded
O01791,PAY01791,1/10/2025,Credit Card,11431.6,Paid
O01792,PAY01792,3/22/2025,Credit Card,15199.82,Paid
O01793,PAY01793,9/30/2025,Credit Card,32207.4,Refunded
O01794,PAY01794,8/4/2026,Net Banking,73853.84,Paid
O01795,PAY01795,5/27/2025,Debit Card,12273.12,Refunded
O01796,PAY01796,6/23/2025,Net Banking,29984.98,Refunded
O01797,PAY01797,5/28/2025,UPI,34516.17,Paid
O01798,PAY01798,8/4/2025,COD,14588.51,Paid
O01799,PAY01799,3/13/2026,Debit Card,26703.35,Failed
O01800,PAY01800,7/15/2025,Credit Card,17488.34,Paid
O01801,PAY01801,2/4/2026,Credit Card,33344.73,Refunded
O01802,PAY01802,7/1/2026,COD,8993.4,Paid
O01803,PAY01803,7/30/2026,Net Banking,23187.78,Failed
O01804,PAY01804,12/9/2025,UPI,47439.5,Paid
O01805,PAY01805,3/10/2026,COD,30833.17,Paid
O01806,PAY01806,7/13/2026,UPI,6457.24,Paid
O01807,PAY01807,4/24/2026,Credit Card,1232.52,Paid
O01808,PAY01808,7/2/2025,Net Banking,16685.51,Paid
O01809,PAY01809,3/22/2025,Debit Card,13949.54,Refunded
O01810,PAY01810,3/11/2025,Debit Card,18252.35,Paid
O01811,PAY01811,6/21/2026,COD,8914.27,Paid
O01812,PAY01812,12/5/2025,Net Banking,10790,Paid
O01813,PAY01813,6/30/2025,COD,34124.15,Paid
O01814,PAY01814,7/30/2025,Credit Card,29044.61,Refunded
O01815,PAY01815,6/21/2025,COD,5660.53,Paid
O01816,PAY01816,5/3/2026,Credit Card,10252.26,Paid
O01817,PAY01817,1/8/2026,COD,26253.7,Paid
O01818,PAY01818,6/19/2026,Debit Card,34644.64,Failed
O01819,PAY01819,7/3/2025,Debit Card,14678.1,Failed
O01820,PAY01820,10/15/2025,UPI,61076.07,Paid
O01821,PAY01821,3/16/2025,COD,26085.84,Paid
O01822,PAY01822,8/14/2026,Credit Card,42333.81,Paid
O01823,PAY01823,11/8/2025,Debit Card,31100.95,Paid
O01824,PAY01824,12/3/2025,UPI,14584.01,Paid
O01825,PAY01825,9/9/2025,COD,41627.94,Paid
O01826,PAY01826,6/14/2025,Credit Card,24756.32,Paid
O01827,PAY01827,7/31/2026,Net Banking,13383.03,Paid
O01828,PAY01828,10/25/2025,Net Banking,5158.98,Failed
O01829,PAY01829,2/15/2026,Debit Card,2490.06,Paid
O01830,PAY01830,1/23/2025,UPI,20174.8,Paid
O01831,PAY01831,6/17/2025,Credit Card,58064.58,Paid
O01832,PAY01832,5/4/2026,Net Banking,23670.53,Failed
O01833,PAY01833,2/23/2025,Debit Card,31657.54,Paid
O01834,PAY01834,3/3/2025,Debit Card,32197.66,Refunded
O01835,PAY01835,5/8/2026,Credit Card,10057.34,Paid
O01836,PAY01836,7/7/2025,Debit Card,21580.01,Paid
O01837,PAY01837,6/16/2025,UPI,51615.8,Failed
O01838,PAY01838,12/10/2025,Debit Card,40937.37,Refunded
O01839,PAY01839,4/29/2025,UPI,27736.9,Paid
O01840,PAY01840,1/27/2025,Net Banking,33854.71,Paid
O01841,PAY01841,1/3/2025,Debit Card,21276.31,Paid
O01842,PAY01842,2/18/2025,COD,2647.44,Paid
O01843,PAY01843,4/7/2025,Debit Card,12916.42,Failed
O01844,PAY01844,2/28/2026,UPI,25427.19,Paid
O01845,PAY01845,7/1/2025,Credit Card,25259.13,Paid
O01846,PAY01846,2/13/2025,COD,38394.87,Refunded
O01847,PAY01847,1/9/2025,COD,22004.08,Failed
O01848,PAY01848,10/18/2025,UPI,31559.81,Failed
O01849,PAY01849,5/26/2026,Net Banking,47382.07,Paid
O01850,PAY01850,7/25/2025,Debit Card,10811.2,Refunded
O01851,PAY01851,2/8/2025,Credit Card,61703.96,Paid
O01852,PAY01852,5/19/2025,Debit Card,10094.36,Failed
O01853,PAY01853,10/31/2025,COD,9154.83,Failed
O01854,PAY01854,4/25/2025,UPI,39885.22,Paid
O01855,PAY01855,8/18/2026,COD,6790.36,Refunded
O01856,PAY01856,4/10/2026,UPI,53471.72,Refunded
O01857,PAY01857,7/29/2025,Net Banking,24926.22,Paid
O01858,PAY01858,8/2/2026,UPI,16830.48,Refunded
O01859,PAY01859,7/17/2025,UPI,22509.26,Paid
O01860,PAY01860,3/27/2025,UPI,29540.77,Failed
O01861,PAY01861,7/25/2026,COD,42621.97,Refunded
O01862,PAY01862,8/7/2026,Debit Card,25064.05,Paid
O01863,PAY01863,7/10/2025,Net Banking,25039.1,Refunded
O01864,PAY01864,12/28/2025,UPI,40402.64,Refunded
O01865,PAY01865,4/16/2025,COD,33161.22,Paid
O01866,PAY01866,1/26/2026,COD,24463.94,Paid
O01867,PAY01867,2/24/2026,Debit Card,5435.39,Paid
O01868,PAY01868,3/8/2026,COD,6905.81,Refunded
O01869,PAY01869,12/12/2025,UPI,4987.89,Paid
O01870,PAY01870,3/5/2026,Credit Card,32348.02,Refunded
O01871,PAY01871,12/4/2025,UPI,6860.92,Paid
O01872,PAY01872,5/14/2026,UPI,7966.3,Failed
O01873,PAY01873,4/20/2025,COD,27978.57,Failed
O01874,PAY01874,10/21/2025,Debit Card,16912.47,Paid
O01875,PAY01875,9/11/2025,Net Banking,29671.84,Paid
O01876,PAY01876,11/21/2025,COD,8559.75,Paid
O01877,PAY01877,3/28/2025,Net Banking,18550.11,Paid
O01878,PAY01878,7/16/2025,Credit Card,40216.38,Refunded
O01879,PAY01879,8/4/2026,Credit Card,35947.45,Paid
O01880,PAY01880,3/5/2025,UPI,26888.96,Refunded
O01881,PAY01881,1/22/2026,COD,21655.19,Failed
O01882,PAY01882,2/9/2026,COD,53066.27,Failed
O01883,PAY01883,10/16/2025,Debit Card,29409.43,Paid
O01884,PAY01884,1/21/2025,Debit Card,33626.72,Refunded
O01885,PAY01885,1/21/2025,COD,36088.02,Paid
O01886,PAY01886,6/17/2025,Credit Card,33694.84,Paid
O01887,PAY01887,3/4/2025,Debit Card,16157.84,Paid
O01888,PAY01888,2/27/2025,COD,48508.3,Refunded
O01889,PAY01889,4/8/2025,Credit Card,25942.61,Failed
O01890,PAY01890,4/26/2025,COD,30660.01,Paid
O01891,PAY01891,5/25/2026,UPI,9685.22,Failed
O01892,PAY01892,1/24/2026,Debit Card,19733.76,Paid
O01893,PAY01893,1/19/2025,Debit Card,41417.04,Paid
O01894,PAY01894,1/18/2026,Credit Card,23260.56,Paid
O01895,PAY01895,3/25/2025,COD,19256.96,Refunded
O01896,PAY01896,9/14/2025,Debit Card,5577.59,Paid
O01897,PAY01897,1/24/2025,COD,27221.06,Paid
O01898,PAY01898,2/24/2025,Credit Card,17274.24,Paid
O01899,PAY01899,3/22/2025,Credit Card,13028.15,Refunded
O01900,PAY01900,9/21/2025,Debit Card,27021.61,Failed
O01901,PAY01901,10/9/2025,Debit Card,28046.41,Paid
O01902,PAY01902,8/3/2025,Credit Card,36417.57,Paid
O01903,PAY01903,1/13/2026,Credit Card,13155.84,Failed
O01904,PAY01904,3/15/2026,Net Banking,21703.47,Failed
O01905,PAY01905,3/20/2026,Credit Card,24646.32,Paid
O01906,PAY01906,12/19/2025,Net Banking,58188.44,Paid
O01907,PAY01907,11/28/2025,Debit Card,26433.66,Paid
O01908,PAY01908,10/26/2025,COD,15850.44,Refunded
O01909,PAY01909,5/25/2025,Credit Card,46650.46,Paid
O01910,PAY01910,10/24/2025,COD,34279.18,Paid
O01911,PAY01911,1/7/2025,Debit Card,21139.29,Paid
O01912,PAY01912,8/11/2026,UPI,37026.46,Failed
O01913,PAY01913,8/14/2025,Net Banking,22028.18,Refunded
O01914,PAY01914,4/5/2026,Credit Card,30631.56,Paid
O01915,PAY01915,8/5/2026,UPI,3937.26,Paid
O01916,PAY01916,10/30/2025,Debit Card,23380.59,Paid
O01917,PAY01917,6/8/2026,Net Banking,27991.66,Paid
O01918,PAY01918,10/19/2025,Credit Card,30625.36,Paid
O01919,PAY01919,3/22/2025,Net Banking,12422.19,Paid
O01920,PAY01920,1/17/2025,UPI,13146.81,Paid
O01921,PAY01921,3/24/2025,UPI,26064.67,Failed
O01922,PAY01922,7/28/2026,Net Banking,12762.87,Paid
O01923,PAY01923,10/16/2025,UPI,47565.55,Paid
O01924,PAY01924,7/14/2025,Credit Card,33138.68,Paid
O01925,PAY01925,9/29/2025,Debit Card,36146.32,Paid
O01926,PAY01926,6/5/2025,UPI,15196.58,Paid
O01927,PAY01927,6/14/2026,COD,7058.8,Failed
O01928,PAY01928,8/31/2026,Debit Card,60940.24,Failed
O01929,PAY01929,2/21/2025,Credit Card,7564.45,Paid
O01930,PAY01930,3/13/2026,COD,23824.7,Paid
O01931,PAY01931,7/24/2025,Debit Card,31678.2,Failed
O01932,PAY01932,1/29/2025,Net Banking,7640.23,Paid
O01933,PAY01933,7/15/2026,UPI,11082.71,Paid
O01934,PAY01934,2/7/2025,UPI,19124.55,Paid
O01935,PAY01935,5/6/2025,UPI,44505.74,Refunded
O01936,PAY01936,1/16/2025,Debit Card,47311.09,Paid
O01937,PAY01937,10/14/2025,COD,12381.15,Paid
O01938,PAY01938,12/31/2025,COD,11029.24,Paid
O01939,PAY01939,7/14/2025,Debit Card,51158.33,Paid
O01940,PAY01940,2/13/2025,UPI,15714.92,Failed
O01941,PAY01941,3/12/2025,Net Banking,6811.55,Paid
O01942,PAY01942,7/22/2026,Net Banking,26036.6,Paid
O01943,PAY01943,5/5/2026,Debit Card,7822.17,Paid
O01944,PAY01944,7/24/2026,Net Banking,50875.33,Paid
O01945,PAY01945,11/19/2025,Debit Card,52872.43,Paid
O01946,PAY01946,11/29/2025,Net Banking,21920.9,Paid
O01947,PAY01947,4/23/2026,Debit Card,49726.45,Refunded
O01948,PAY01948,1/10/2026,UPI,26110.9,Paid
O01949,PAY01949,9/23/2025,UPI,11134.95,Refunded
O01950,PAY01950,6/27/2025,COD,16955.66,Failed
O01951,PAY01951,10/23/2025,Debit Card,14332.05,Paid
O01952,PAY01952,2/8/2025,Credit Card,53605,Paid
O01953,PAY01953,4/28/2025,Credit Card,24668.3,Paid
O01954,PAY01954,3/25/2026,UPI,57423.33,Refunded
O01955,PAY01955,6/12/2026,COD,47097.7,Paid
O01956,PAY01956,3/3/2025,UPI,25210.3,Paid
O01957,PAY01957,2/28/2025,Credit Card,55906.33,Failed
O01958,PAY01958,2/22/2025,Debit Card,39065.81,Failed
O01959,PAY01959,4/27/2026,Credit Card,35659.52,Paid
O01960,PAY01960,7/9/2025,UPI,40223.09,Paid
O01961,PAY01961,7/18/2025,Credit Card,8511.12,Paid
O01962,PAY01962,1/8/2025,Net Banking,4787.15,Refunded
O01963,PAY01963,8/15/2026,Credit Card,29650.6,Paid
O01964,PAY01964,9/21/2025,COD,58986.2,Paid
O01965,PAY01965,4/30/2026,Credit Card,45194.72,Refunded
O01966,PAY01966,3/7/2026,UPI,43416.98,Paid
O01967,PAY01967,3/28/2025,UPI,35744.49,Paid
O01968,PAY01968,5/3/2026,COD,16225.94,Refunded
O01969,PAY01969,12/1/2025,Debit Card,35919.16,Failed
O01970,PAY01970,1/3/2026,COD,41604.22,Failed
O01971,PAY01971,5/2/2025,Net Banking,37650.6,Paid
O01972,PAY01972,5/30/2026,UPI,54101.4,Paid
O01973,PAY01973,7/21/2026,Credit Card,9530.78,Paid
O01974,PAY01974,9/5/2025,Net Banking,20988.36,Paid
O01975,PAY01975,2/26/2025,UPI,23929.24,Paid
O01976,PAY01976,6/1/2026,COD,55184.48,Paid
O01977,PAY01977,6/24/2026,UPI,50252.39,Paid
O01978,PAY01978,11/4/2025,Net Banking,22715.8,Refunded
O01979,PAY01979,12/19/2025,COD,26409.3,Failed
O01980,PAY01980,5/16/2025,Debit Card,28500.28,Paid
O01981,PAY01981,2/11/2025,COD,47495.07,Paid
O01982,PAY01982,7/29/2026,COD,36989.54,Paid
O01983,PAY01983,10/21/2025,Net Banking,22602.43,Paid
O01984,PAY01984,6/17/2025,Net Banking,8471.81,Paid
O01985,PAY01985,2/26/2026,Credit Card,23252.74,Paid
O01986,PAY01986,1/16/2025,Credit Card,14277.53,Refunded
O01987,PAY01987,2/18/2025,COD,65855.62,Refunded
O01988,PAY01988,5/28/2025,Credit Card,22692.71,Paid
O01989,PAY01989,10/1/2025,Debit Card,11978.34,Failed
O01990,PAY01990,8/11/2025,Debit Card,25610.92,Paid
O01991,PAY01991,4/24/2025,Credit Card,23831.97,Failed
O01992,PAY01992,8/2/2025,Credit Card,14461.36,Refunded
O01993,PAY01993,7/23/2025,Debit Card,34909,Paid
O01994,PAY01994,11/15/2025,Credit Card,16806.46,Paid
O01995,PAY01995,12/9/2025,COD,30345.67,Paid
O01996,PAY01996,6/21/2026,UPI,15890.2,Failed
O01997,PAY01997,5/6/2026,Credit Card,5704.38,Refunded
O01998,PAY01998,6/27/2025,COD,16685.51,Failed
O01999,PAY01999,7/3/2026,Debit Card,6685.7,Failed
O02000,PAY02000,11/13/2025,Net Banking,53368.59,Paid
O02001,PAY02001,4/25/2025,Net Banking,21393.96,Paid
O02002,PAY02002,7/26/2025,Credit Card,20095.19,Failed
O02003,PAY02003,3/27/2026,Net Banking,46879.66,Refunded
O02004,PAY02004,5/15/2026,Credit Card,15987.19,Refunded
O02005,PAY02005,8/16/2025,Net Banking,51081.43,Paid
O02006,PAY02006,4/6/2025,UPI,34540.65,Paid
O02007,PAY02007,4/27/2025,Net Banking,28284.14,Failed
O02008,PAY02008,3/4/2025,UPI,64698.48,Paid
O02009,PAY02009,3/1/2026,COD,36964.69,Paid
O02010,PAY02010,11/2/2025,Net Banking,14635.02,Refunded
O02011,PAY02011,10/2/2025,UPI,22685.87,Refunded
O02012,PAY02012,2/13/2026,UPI,70952.13,Paid
O02013,PAY02013,5/19/2026,UPI,15763.6,Paid
O02014,PAY02014,4/29/2026,COD,14843.33,Paid
O02015,PAY02015,3/25/2025,Debit Card,8909.07,Paid
O02016,PAY02016,12/25/2025,Credit Card,23923.03,Paid
O02017,PAY02017,6/21/2026,Credit Card,26298.2,Paid
O02018,PAY02018,4/16/2026,UPI,41901.72,Refunded
O02019,PAY02019,7/20/2025,Credit Card,1395.7,Paid
O02020,PAY02020,8/27/2025,COD,24056.07,Failed
O02021,PAY02021,6/26/2026,Debit Card,37807,Paid
O02022,PAY02022,1/20/2025,Credit Card,45450.93,Refunded
O02023,PAY02023,11/16/2025,UPI,38514.13,Refunded
O02024,PAY02024,3/12/2025,Credit Card,22859.17,Paid
O02025,PAY02025,6/28/2026,Credit Card,24117.5,Paid
O02026,PAY02026,1/24/2025,UPI,15642.75,Refunded
O02027,PAY02027,1/15/2025,Net Banking,13264.46,Refunded
O02028,PAY02028,7/19/2025,Net Banking,47713.09,Paid
O02029,PAY02029,5/2/2025,COD,10838.32,Paid
O02030,PAY02030,10/29/2025,Credit Card,5986.55,Failed
O02031,PAY02031,7/2/2025,Credit Card,51026.66,Paid
O02032,PAY02032,8/5/2025,COD,42193.98,Failed
O02033,PAY02033,12/10/2025,Credit Card,11141.57,Refunded
O02034,PAY02034,12/7/2025,Net Banking,26610.96,Paid
O02035,PAY02035,7/23/2026,Net Banking,27860.5,Paid
O02036,PAY02036,10/20/2025,COD,51799.42,Paid
O02037,PAY02037,12/10/2025,Credit Card,28129.51,Refunded
O02038,PAY02038,2/17/2026,Net Banking,34067.2,Paid
O02039,PAY02039,4/16/2025,UPI,9972.23,Refunded
O02040,PAY02040,2/10/2026,Net Banking,1595.09,Paid
O02041,PAY02041,6/9/2026,UPI,46917.77,Failed
O02042,PAY02042,7/13/2025,Net Banking,21139.6,Failed
O02043,PAY02043,4/19/2025,Credit Card,13231.89,Paid
O02044,PAY02044,7/30/2025,Debit Card,37614.43,Paid
O02045,PAY02045,6/17/2025,UPI,20178.86,Refunded
O02046,PAY02046,12/22/2025,Net Banking,29165.19,Failed
O02047,PAY02047,6/10/2026,Debit Card,28942.05,Failed
O02048,PAY02048,12/29/2025,Net Banking,31765.98,Paid
O02049,PAY02049,3/18/2025,Credit Card,27672.19,Paid
O02050,PAY02050,7/11/2025,UPI,48734.86,Paid
O02051,PAY02051,2/24/2026,Debit Card,57055.79,Paid
O02052,PAY02052,7/20/2025,Net Banking,31142.83,Failed
O02053,PAY02053,12/23/2025,Net Banking,42363.44,Paid
O02054,PAY02054,2/26/2026,Credit Card,25670.71,Paid
O02055,PAY02055,7/20/2025,Net Banking,9038.44,Paid
O02056,PAY02056,1/29/2026,Debit Card,17942.99,Refunded
O02057,PAY02057,8/31/2025,Credit Card,20650.45,Failed
O02058,PAY02058,3/24/2025,UPI,46178.9,Refunded
O02059,PAY02059,8/15/2025,Credit Card,19847.39,Paid
O02060,PAY02060,9/26/2025,UPI,55599.13,Paid
O02061,PAY02061,1/2/2025,Net Banking,30917.45,Paid
O02062,PAY02062,6/27/2026,UPI,4765.39,Paid
O02063,PAY02063,11/17/2025,UPI,26678.46,Paid
O02064,PAY02064,1/23/2025,UPI,31674.4,Paid
O02065,PAY02065,6/12/2026,Credit Card,20791.35,Paid
O02066,PAY02066,6/4/2026,UPI,44873.53,Failed
O02067,PAY02067,1/8/2025,Net Banking,4543.57,Paid
O02068,PAY02068,4/10/2025,UPI,21276.31,Paid
O02069,PAY02069,8/10/2025,COD,18549.5,Paid
O02070,PAY02070,11/5/2025,Debit Card,7830.77,Refunded
O02071,PAY02071,3/18/2026,UPI,2969.69,Paid
O02072,PAY02072,9/15/2025,Debit Card,37416.13,Refunded
O02073,PAY02073,1/7/2026,UPI,38746.52,Paid
O02074,PAY02074,1/7/2025,COD,2817.2,Paid
O02075,PAY02075,2/5/2026,Debit Card,40288.6,Paid
O02076,PAY02076,7/11/2026,COD,5267.72,Failed
O02077,PAY02077,11/16/2025,Credit Card,19428.54,Refunded
O02078,PAY02078,10/4/2025,UPI,28573.49,Paid
O02079,PAY02079,6/30/2025,Credit Card,37922.08,Paid
O02080,PAY02080,8/4/2026,Debit Card,55391.29,Paid
O02081,PAY02081,1/21/2025,Net Banking,33958.71,Paid
O02082,PAY02082,6/24/2025,Debit Card,39078.25,Paid
O02083,PAY02083,3/26/2025,COD,28460.71,Paid
O02084,PAY02084,6/11/2026,Credit Card,34893.49,Failed
O02085,PAY02085,10/21/2025,Credit Card,60782.94,Failed
O02086,PAY02086,7/15/2026,Debit Card,4234.68,Paid
O02087,PAY02087,2/9/2026,UPI,4352.35,Paid
O02088,PAY02088,12/5/2025,Net Banking,24301.14,Refunded
O02089,PAY02089,11/11/2025,UPI,38300.98,Refunded
O02090,PAY02090,5/4/2025,Net Banking,11744.14,Paid
O02091,PAY02091,12/8/2025,Credit Card,2434.02,Paid
O02092,PAY02092,2/21/2026,Credit Card,54994.02,Failed
O02093,PAY02093,8/10/2026,Net Banking,48423.55,Paid
O02094,PAY02094,11/30/2025,Net Banking,11034.38,Refunded
O02095,PAY02095,7/25/2026,COD,15577.94,Paid
O02096,PAY02096,7/29/2026,Credit Card,51597.12,Failed
O02097,PAY02097,11/14/2025,COD,54323.68,Paid
O02098,PAY02098,9/25/2025,COD,33660.15,Paid
O02099,PAY02099,3/28/2025,COD,2798.99,Paid
O02100,PAY02100,6/13/2025,COD,17955.45,Paid
O02101,PAY02101,6/19/2026,Net Banking,26776.32,Paid
O02102,PAY02102,3/26/2025,Credit Card,50204.72,Paid
O02103,PAY02103,8/30/2025,Net Banking,15723.17,Refunded
O02104,PAY02104,3/1/2026,Net Banking,40527.01,Paid
O02105,PAY02105,5/27/2025,Credit Card,20578.29,Paid
O02106,PAY02106,8/16/2026,COD,24353.43,Refunded
O02107,PAY02107,1/30/2026,Net Banking,12675.28,Paid
O02108,PAY02108,1/18/2025,Debit Card,2591.09,Paid
O02109,PAY02109,5/31/2025,COD,18024.92,Paid
O02110,PAY02110,3/27/2026,UPI,11928.85,Paid
O02111,PAY02111,6/9/2026,Net Banking,26435.37,Paid
O02112,PAY02112,7/18/2026,Net Banking,29371.15,Failed
O02113,PAY02113,6/2/2026,UPI,22597.04,Paid
O02114,PAY02114,2/15/2025,Debit Card,57929.88,Paid
O02115,PAY02115,3/20/2026,Debit Card,5207.52,Paid
O02116,PAY02116,3/8/2025,Credit Card,13155.32,Refunded
O02117,PAY02117,2/16/2025,COD,29002.55,Refunded
O02118,PAY02118,2/25/2026,Net Banking,54423.5,Paid
O02119,PAY02119,10/18/2025,Credit Card,28339.84,Paid
O02120,PAY02120,1/29/2026,Debit Card,29561.47,Paid
O02121,PAY02121,6/2/2026,UPI,13467.84,Paid
O02122,PAY02122,2/11/2025,UPI,25605.77,Failed
O02123,PAY02123,11/17/2025,Net Banking,28441.85,Paid
O02124,PAY02124,5/23/2026,COD,23686.08,Paid
O02125,PAY02125,9/25/2025,Credit Card,31107.42,Paid
O02126,PAY02126,11/15/2025,Credit Card,36816.95,Refunded
O02127,PAY02127,10/30/2025,Net Banking,25158.22,Failed
O02128,PAY02128,7/6/2026,Debit Card,7314.55,Paid
O02129,PAY02129,1/31/2025,UPI,15419.92,Paid
O02130,PAY02130,6/18/2026,Net Banking,29643.89,Paid
O02131,PAY02131,5/12/2026,Credit Card,39523.4,Paid
O02132,PAY02132,5/10/2026,UPI,17515.51,Paid
O02133,PAY02133,9/8/2025,Debit Card,17537.54,Paid
O02134,PAY02134,11/10/2025,Net Banking,29431.47,Paid
O02135,PAY02135,8/13/2025,Debit Card,18886.22,Failed
O02136,PAY02136,6/3/2025,Net Banking,37220.85,Paid
O02137,PAY02137,6/17/2026,Credit Card,19855.14,Refunded
O02138,PAY02138,11/4/2025,Debit Card,26117.39,Paid
O02139,PAY02139,3/16/2026,Net Banking,30833.57,Failed
O02140,PAY02140,3/3/2025,Debit Card,35058.23,Paid
O02141,PAY02141,4/25/2026,Credit Card,13127.34,Refunded
O02142,PAY02142,2/5/2026,COD,48664.26,Refunded
O02143,PAY02143,8/30/2026,UPI,27087.96,Failed
O02144,PAY02144,3/23/2025,COD,12450.28,Paid
O02145,PAY02145,11/25/2025,Net Banking,7545.2,Paid
O02146,PAY02146,11/7/2025,UPI,7901.58,Failed
O02147,PAY02147,11/24/2025,Credit Card,3579.03,Refunded
O02148,PAY02148,2/3/2025,Credit Card,36634.42,Paid
O02149,PAY02149,10/15/2025,COD,4239.71,Refunded
O02150,PAY02150,7/2/2025,Debit Card,58288.52,Refunded
O02151,PAY02151,1/11/2026,Credit Card,18118.44,Paid
O02152,PAY02152,5/22/2025,COD,65819.57,Paid
O02153,PAY02153,9/22/2025,UPI,37671.24,Paid
O02154,PAY02154,1/12/2026,COD,28257.04,Paid
O02155,PAY02155,2/8/2025,COD,33491.48,Paid
O02156,PAY02156,4/24/2026,Credit Card,11813.31,Paid
O02157,PAY02157,3/12/2026,UPI,43813.56,Paid
O02158,PAY02158,2/4/2025,COD,18576.83,Paid
O02159,PAY02159,2/9/2025,COD,7562.22,Paid
O02160,PAY02160,6/1/2026,Credit Card,35635.92,Paid
O02161,PAY02161,6/22/2025,UPI,5678.95,Paid
O02162,PAY02162,6/8/2026,Credit Card,27088.54,Paid
O02163,PAY02163,10/31/2025,UPI,5028.67,Paid
O02164,PAY02164,7/28/2025,Net Banking,16069.73,Refunded
O02165,PAY02165,6/16/2025,Debit Card,29731.83,Refunded
O02166,PAY02166,2/5/2026,Credit Card,42825.45,Paid
O02167,PAY02167,3/8/2025,Net Banking,29592.11,Paid
O02168,PAY02168,9/2/2025,Net Banking,7006.58,Refunded
O02169,PAY02169,7/30/2025,UPI,19876.29,Failed
O02170,PAY02170,4/4/2025,Debit Card,22087.19,Paid
O02171,PAY02171,8/3/2025,COD,12435.06,Failed
O02172,PAY02172,11/18/2025,Net Banking,29004.19,Paid
O02173,PAY02173,2/16/2026,COD,29091.39,Paid
O02174,PAY02174,2/22/2025,COD,20663.82,Paid
O02175,PAY02175,6/15/2026,UPI,24870.6,Failed
O02176,PAY02176,6/19/2026,Credit Card,11956.75,Paid
O02177,PAY02177,2/25/2026,Debit Card,17053.42,Paid
O02178,PAY02178,7/16/2026,Debit Card,21714.47,Refunded
O02179,PAY02179,9/18/2025,Net Banking,19852.54,Paid
O02180,PAY02180,5/15/2026,Net Banking,4370.77,Paid
O02181,PAY02181,3/19/2026,Net Banking,27828.16,Refunded
O02182,PAY02182,12/9/2025,UPI,21942.25,Refunded
O02183,PAY02183,4/20/2025,Net Banking,22945.63,Paid
O02184,PAY02184,12/6/2025,Net Banking,22960.75,Paid
O02185,PAY02185,7/3/2026,Net Banking,23315.79,Paid
O02186,PAY02186,8/22/2026,Debit Card,31595.98,Paid
O02187,PAY02187,9/30/2025,UPI,2388.96,Paid
O02188,PAY02188,5/31/2025,UPI,14629.1,Paid
O02189,PAY02189,3/31/2026,Net Banking,28099.32,Refunded
O02190,PAY02190,2/16/2025,COD,38115.43,Failed
O02191,PAY02191,4/2/2025,COD,44939.88,Failed
O02192,PAY02192,12/8/2025,Debit Card,36997.18,Paid
O02193,PAY02193,8/26/2026,Debit Card,8664.88,Paid
O02194,PAY02194,7/19/2025,UPI,44626.39,Refunded
O02195,PAY02195,9/27/2025,Debit Card,20233.5,Paid
O02196,PAY02196,7/15/2025,UPI,24858.79,Paid
O02197,PAY02197,9/25/2025,Net Banking,9184.14,Refunded
O02198,PAY02198,1/5/2025,Net Banking,33766.66,Paid
O02199,PAY02199,12/28/2025,UPI,47679.72,Paid
O02200,PAY02200,12/29/2025,COD,14508.05,Failed
