order_item_id,order_id,product_id,quantity,unit_price,discount
OI000001,O00001,P015,1,7330.81,0.1
OI000002,O00001,P004,3,3768.92,0.05
OI000003,O00001,P003,3,6285.84,0.3
OI000004,O00001,P034,1,5252.02,0.05
OI000005,O00002,P059,2,4842.61,0.05
OI000006,O00003,P006,2,4253.34,0.2
OI000007,O00004,P001,2,5060.04,0.2
OI000008,O00005,P020,4,5123.92,0.2
OI000009,O00005,P013,3,1662.63,0.2
OI000010,O00006,P002,3,3793.81,0.3
OI000011,O00006,P030,4,6724.47,0.05
OI000012,O00007,P022,4,5959.11,0.2
OI000013,O00008,P013,-2,1662.63,0.15
OI000014,O00009,P059,3,4842.61,0.05
OI000015,O00009,P017,1,5112.9,0.3
OI000016,O00009,P051,4,3109.99,0.0
OI000017,O00009,P003,3,6285.84,0.1
OI000018,O00010,P080,2,5576.76,0.2
OI000019,O00010,P068,4,7430.32,0.0
OI000020,O00011,P038,4,2828.73,0.3
OI000021,O00011,P055,3,3905.29,0.3
OI000022,O00011,P047,3,6217.65,0.2
OI000023,O00011,P006,3,4253.34,0.2
OI000024,O00012,P041,2,1494.52,0.3
OI000025,O00013,P052,1,5599.03,0.3
OI000026,O00014,P068,2,7430.32,0.05
OI000027,O00014,P078,1,5006.54,0.3
OI000028,O00014,P019,4,3112.57,0.1
OI000029,O00014,P040,1,5866.02,0.05
OI000030,O00015,P026,3,5470.33,0.3
OI000031,O00015,P037,2,3125.99,0.15
OI000032,O00015,P001,2,5060.04,0.2
OI000033,O00015,P032,3,6623.25,0.05
OI000034,O00016,P018,1,3329.63,0.3
OI000035,O00016,P070,2,4988.16,0.05
OI000036,O00016,P058,1,4600.81,0.2
OI000037,O00016,P067,3,3139.17,0.1
OI000038,O00017,P047,3,6217.65,0.1
OI000039,O00017,P023,3,6282.87,0.15
OI000040,O00017,P044,2,4748.93,0.05
OI000041,O00017,P025,3,3270.83,0.3
OI000042,O00018,P041,2,1494.52,0.3
OI000043,O00018,P079,4,2345.86,0.05
OI000044,O00018,P072,2,3098.66,0.05
OI000045,O00018,P050,1,2647.44,0.05
OI000046,O00019,P013,3,1662.63,0.05
OI000047,O00019,P022,3,5959.11,0.05
OI000048,O00020,P076,1,1644.18,0.2
OI000049,O00020,P051,1,3109.99,0.05
OI000050,O00020,P005,4,3320.34,0.05
OI000051,O00021,P010,2,7442.3,0.0
OI000052,O00021,P001,2,5060.04,0.05
OI000053,O00021,P016,3,3833.17,0.3
OI000054,O00022,P016,4,3833.17,0.1
OI000055,O00022,P072,1,3098.66,0.3
OI000056,O00022,P018,3,3329.63,0.2
OI000057,O00023,P055,3,3905.29,0.1
OI000058,O00023,P010,4,7442.3,0.3
OI000059,O00024,P009,4,4981.98,0.15
OI000060,O00024,P070,2,4988.16,0.0
OI000061,O00025,P055,2,3905.29,0.1
OI000062,O00025,P066,1,6217.53,0.0
OI000063,O00026,P009,3,4981.98,0.2
OI000064,O00026,P046,4,6490.81,0.1
OI000065,O00027,P056,3,5689.43,0.0
OI000066,O00027,P070,2,4988.16,0.05
OI000067,O00028,P067,1,3139.17,0.0
OI000068,O00028,P003,2,6285.84,0.0
OI000069,O00028,P080,3,5576.76,0.0
OI000070,O00028,P023,4,6282.87,0.3
OI000071,O00029,P074,2,7323.07,0.2
OI000072,O00029,P004,4,3768.92,0.3
OI000073,O00029,P075,2,6578.23,0.1
OI000074,O00030,P023,2,6282.87,0.1
OI000075,O00031,P068,1,7430.32,0.1
OI000076,O00031,P062,3,1993.86,0.05
OI000077,O00032,P058,2,4600.81,0.1
OI000078,O00032,P064,2,4726.39,0.2
OI000079,O00033,P014,1,5526.86,0.15
OI000080,O00033,P032,4,6623.25,0.2
OI000081,O00034,P079,4,2345.86,0.1
OI000082,O00034,P078,4,5006.54,0.1
OI000083,O00035,P068,4,7430.32,0.0
OI000084,O00035,P011,3,7495.81,0.1
OI000085,O00036,P006,2,4253.34,0.2
OI000086,O00036,P014,2,5526.86,0.05
OI000087,O00037,P049,2,6189.2,0.15
OI000088,O00037,P035,1,4806.84,0.05
OI000089,O00038,P005,2,3320.34,0.1
OI000090,O00038,P027,1,5678.95,0.15
OI000091,O00038,P033,3,2579.49,0.05
OI000092,O00038,P047,4,6217.65,0.15
OI000093,O00039,P060,1,1760.75,0.15
OI000094,O00039,P027,4,5678.95,0.1
OI000095,O00039,P006,1,4253.34,0.05
OI000096,O00039,P057,2,3618.93,0.3
OI000097,O00040,P028,3,6060.07,0.05
OI000098,O00041,P030,2,6724.47,0.0
OI000099,O00041,P061,2,5698.31,0.15
OI000100,O00041,P071,3,3503.29,0.05
OI000101,O00041,P059,1,4842.61,0.05
OI000102,O00042,P030,3,6724.47,0.0
OI000103,O00042,P062,1,1993.86,0.0
OI000104,O00043,P035,4,4806.84,0.0
OI000105,O00043,P050,4,2647.44,0.05
OI000106,O00043,P047,1,6217.65,0.15
OI000107,O00044,P030,1,6724.47,0.1
OI000108,O00045,P072,2,3098.66,0.0
OI000109,O00045,P044,4,4748.93,0.3
OI000110,O00045,P038,2,2828.73,0.15
OI000111,O00045,P017,4,5112.9,0.15
OI000112,O00046,P073,1,6594.36,0.1
OI000113,O00046,P067,3,3139.17,0.05
OI000114,O00047,P007,3,3880.55,0.2
OI000115,O00047,P052,1,5599.03,0.15
OI000116,O00047,P046,2,6490.81,0.1
OI000117,O00048,P002,4,3793.81,0.0
OI000118,O00048,P001,2,5060.04,0.1
OI000119,O00048,P036,2,1918.28,0.0
OI000120,O00049,P022,4,5959.11,0.3
OI000121,O00049,P052,1,5599.03,0.15
OI000122,O00049,P045,2,5481.6,0.3
OI000123,O00049,P061,4,5698.31,0.3
OI000124,O00050,P026,3,5470.33,0.2
OI000125,O00051,P011,2,7495.81,0.1
OI000126,O00051,P080,4,5576.76,0.0
OI000127,O00052,P041,4,1494.52,0.05
OI000128,O00052,P076,2,1644.18,0.1
OI000129,O00052,P022,3,5959.11,0.3
OI000130,O00052,P073,3,6594.36,0.2
OI000131,O00053,P017,2,5112.9,0.1
OI000132,O00053,P035,2,4806.84,0.2
OI000133,O00053,P013,4,1662.63,0.2
OI000134,O00054,P033,3,2579.49,0.15
OI000135,O00055,P035,1,4806.84,0.15
OI000136,O00055,P033,1,2579.49,0.2
OI000137,O00056,P053,1,2116.53,0.05
OI000138,O00056,P075,3,6578.23,0.15
OI000139,O00056,P040,4,5866.02,0.15
OI000140,O00056,P031,4,4921.58,0.15
OI000141,O00057,P036,2,1918.28,0.15
OI000142,O00057,P057,2,3618.93,0.2
OI000143,O00058,P024,4,6203.92,0.2
OI000144,O00058,P068,4,7430.32,0.3
OI000145,O00058,P079,1,2345.86,0.15
OI000146,O00058,P032,1,6623.25,0.05
OI000147,O00059,P055,3,3905.29,0.2
OI000148,O00060,P027,3,5678.95,0.2
OI000149,O00061,P032,1,6623.25,0.3
OI000150,O00061,P066,2,6217.53,0.1
OI000151,O00061,P001,3,5060.04,0.05
OI000152,O00061,P006,3,4253.34,0.1
OI000153,O00062,P001,3,5060.04,0.0
OI000154,O00062,P032,1,6623.25,0.15
OI000155,O00063,P011,1,7495.81,0.05
OI000156,O00063,P060,2,1760.75,0.2
OI000157,O00064,P065,2,1521.26,0.0
OI000158,O00065,P007,3,3880.55,0.0
OI000159,O00065,P042,3,5125.64,0.05
OI000160,O00065,P076,4,1644.18,0.15
OI000161,O00065,P011,1,7495.81,0.3
OI000162,O00066,P022,4,5959.11,0.15
OI000163,O00066,P075,4,6578.23,0.0
OI000164,O00067,P032,4,6623.25,0.15
OI000165,O00067,P020,2,5123.92,0.1
OI000166,O00067,P023,3,6282.87,0.05
OI000167,O00068,P055,2,3905.29,0.15
OI000168,O00068,P020,4,5123.92,0.05
OI000169,O00068,P047,3,6217.65,0.2
OI000170,O00069,P072,3,3098.66,0.0
OI000171,O00069,P031,4,4921.58,0.15
OI000172,O00070,P027,4,5678.95,0.0
OI000173,O00070,P028,1,6060.07,0.2
OI000174,O00070,P047,4,6217.65,0.1
OI000175,O00070,P057,3,3618.93,0.3
OI000176,O00071,P080,2,5576.76,0.1
OI000177,O00071,P018,3,3329.63,0.05
OI000178,O00072,P016,4,3833.17,0.15
OI000179,O00072,P039,3,3602.12,0.3
OI000180,O00072,P054,3,5704.38,0.2
OI000181,O00073,P050,4,2647.44,0.3
OI000182,O00073,P039,1,3602.12,0.2
OI000183,O00073,P024,4,6203.92,0.15
OI000184,O00074,P042,1,5125.64,0.2
OI000185,O00074,P070,2,4988.16,0.05
OI000186,O00075,P010,4,7442.3,0.05
OI000187,O00075,P004,1,3768.92,0.2
OI000188,O00075,P037,2,3125.99,0.2
OI000189,O00075,P018,1,3329.63,0.2
OI000190,O00076,P009,3,4981.98,0.0
OI000191,O00076,P072,3,3098.66,0.05
OI000192,O00076,P033,3,2579.49,0.3
OI000193,O00077,P016,3,3833.17,0.1
OI000194,O00077,P038,2,2828.73,0.2
OI000195,O00077,P028,2,6060.07,0.05
OI000196,O00078,P060,2,1760.75,0.05
OI000197,O00078,P051,2,3109.99,0.15
OI000198,O00078,P069,3,5592.45,0.0
OI000199,O00079,P079,2,2345.86,0.3
OI000200,O00079,P029,2,3811.62,0.0
OI000201,O00079,P069,1,5592.45,0.15
OI000202,O00079,P058,3,4600.81,0.3
OI000203,O00080,P041,4,1494.52,0.15
OI000204,O00080,P004,3,3768.92,0.2
OI000205,O00080,P044,3,4748.93,0.05
OI000206,O00080,P064,2,4726.39,0.2
OI000207,O00081,P079,4,2345.86,0.05
OI000208,O00081,P019,2,3112.57,0.3
OI000209,O00081,P070,3,4988.16,0.05
OI000210,O00082,P029,3,3811.62,0.2
OI000211,O00083,P013,3,1662.63,0.0
OI000212,O00084,P039,3,3602.12,0.05
OI000213,O00085,P019,2,3112.57,0.0
OI000214,O00086,P030,1,6724.47,0.05
OI000215,O00087,P003,4,6285.84,0.0
OI000216,O00087,P050,1,2647.44,0.05
OI000217,O00087,P049,3,6189.2,0.3
OI000218,O00088,P033,4,2579.49,0.2
OI000219,O00088,P045,2,5481.6,0.3
OI000220,O00088,P005,1,3320.34,0.3
OI000221,O00088,P032,4,6623.25,0.05
OI000222,O00089,P064,1,4726.39,0.05
OI000223,O00089,P013,3,1662.63,0.15
OI000224,O00089,P025,3,3270.83,0.05
OI000225,O00090,P074,2,7323.07,0.0
OI000226,O00091,P001,2,5060.04,0.2
OI000227,O00091,P028,2,6060.07,0.1
OI000228,O00092,P026,4,5470.33,0.1
OI000229,O00092,P047,4,6217.65,0.1
OI000230,O00092,P018,3,3329.63,0.15
OI000231,O00093,P018,2,3329.63,0.2
OI000232,O00093,P042,3,5125.64,0.0
OI000233,O00094,P004,4,3768.92,0.2
OI000234,O00094,P051,4,3109.99,0.1
OI000235,O00094,P035,1,4806.84,0.05
OI000236,O00094,P053,3,2116.53,0.15
OI000237,O00095,P017,4,5112.9,0.2
OI000238,O00096,P006,2,4253.34,0.15
OI000239,O00096,P016,4,3833.17,0.1
OI000240,O00096,P069,3,5592.45,0.3
OI000241,O00096,P024,2,6203.92,0.3
OI000242,O00097,P051,2,3109.99,0.15
OI000243,O00097,P037,4,3125.99,0.1
OI000244,O00097,P069,2,5592.45,0.05
OI000245,O00098,P041,4,1494.52,0.3
OI000246,O00098,P003,1,6285.84,0.0
OI000247,O00098,P047,4,6217.65,0.15
OI000248,O00099,P019,2,3112.57,0.3
OI000249,O00099,P049,4,6189.2,0.05
OI000250,O00100,P076,1,1644.18,0.0
OI000251,O00100,P062,1,1993.86,0.05
OI000252,O00100,P069,3,5592.45,0.1
OI000253,O00101,P020,3,5123.92,0.05
OI000254,O00101,P013,4,1662.63,0.2
OI000255,O00102,P050,2,2647.44,0.15
OI000256,O00102,P065,4,1521.26,0.0
OI000257,O00102,P078,3,5006.54,0.2
OI000258,O00102,P013,3,1662.63,0.05
OI000259,O00103,P044,3,4748.93,0.15
OI000260,O00104,P040,4,5866.02,0.05
OI000261,O00104,P045,2,5481.6,0.0
OI000262,O00104,P005,1,3320.34,0.3
OI000263,O00104,P047,2,6217.65,0.15
OI000264,O00105,P029,2,3811.62,0.05
OI000265,O00105,P031,2,4921.58,0.1
OI000266,O00105,P049,1,6189.2,0.1
OI000267,O00105,P004,4,3768.92,0.15
OI000268,O00106,P018,2,3329.63,0.0
OI000269,O00106,P077,1,1850.78,0.1
OI000270,O00106,P049,4,6189.2,0.2
OI000271,O00107,P046,4,6490.81,0.3
OI000272,O00107,P014,1,5526.86,0.1
OI000273,O00107,P035,3,4806.84,0.2
OI000274,O00107,P033,4,2579.49,0.1
OI000275,O00108,P066,1,6217.53,0.2
OI000276,O00108,P074,4,7323.07,0.1
OI000277,O00108,P024,2,6203.92,0.1
OI000278,O00109,P080,1,5576.76,0.15
OI000279,O00110,P056,4,5689.43,0.15
OI000280,O00111,P069,4,5592.45,0.05
OI000281,O00111,P077,3,1850.78,0.0
OI000282,O00111,P065,4,1521.26,0.15
OI000283,O00112,P018,4,3329.63,0.05
OI000284,O00112,P065,3,1521.26,0.15
OI000285,O00112,P037,3,3125.99,0.3
OI000286,O00113,P014,4,5526.86,0.2
OI000287,O00113,P034,2,5252.02,0.3
OI000288,O00114,P010,1,7442.3,0.3
OI000289,O00115,P049,4,6189.2,0.2
OI000290,O00116,P056,1,5689.43,0.1
OI000291,O00116,P005,2,3320.34,0.15
OI000292,O00116,P032,4,6623.25,0.15
OI000293,O00116,P040,3,5866.02,0.0
OI000294,O00117,P035,3,4806.84,0.3
OI000295,O00117,P010,1,7442.3,0.05
OI000296,O00117,P018,4,3329.63,0.05
OI000297,O00118,P018,4,3329.63,0.15
OI000298,O00118,P039,3,3602.12,0.0
OI000299,O00118,P027,1,5678.95,0.0
OI000300,O00119,P058,3,4600.81,0.05
OI000301,O00119,P027,3,5678.95,0.3
OI000302,O00119,P018,2,3329.63,0.05
OI000303,O00119,P067,2,3139.17,0.3
OI000304,O00120,P072,4,3098.66,0.1
OI000305,O00121,P023,1,6282.87,0.0
OI000306,O00121,P061,4,5698.31,0.1
OI000307,O00121,P070,3,4988.16,0.05
OI000308,O00122,P006,2,4253.34,0.0
OI000309,O00123,P026,2,5470.33,0.1
OI000310,O00123,P043,1,6217.67,0.05
OI000311,O00124,P038,3,2828.73,0.15
OI000312,O00124,P041,2,1494.52,0.2
OI000313,O00124,P075,3,6578.23,0.1
OI000314,O00124,P077,2,1850.78,0.2
OI000315,O00125,P010,4,7442.3,0.05
OI000316,O00126,P056,4,5689.43,0.0
OI000317,O00126,P067,3,3139.17,0.05
OI000318,O00126,P051,4,3109.99,0.0
OI000319,O00127,P016,3,3833.17,0.0
OI000320,O00128,P041,4,1494.52,0.15
OI000321,O00129,P045,3,5481.6,0.0
OI000322,O00129,P052,1,5599.03,0.2
OI000323,O00130,P005,2,3320.34,0.0
OI000324,O00130,P010,3,7442.3,0.15
OI000325,O00131,P071,3,3503.29,0.15
OI000326,O00131,P026,1,5470.33,0.2
OI000327,O00132,P054,1,5704.38,0.3
OI000328,O00132,P014,3,5526.86,0.1
OI000329,O00132,P010,2,7442.3,0.1
OI000330,O00133,P017,3,5112.9,0.05
OI000331,O00133,P059,4,4842.61,0.05
OI000332,O00133,P044,2,4748.93,0.1
OI000333,O00134,P052,4,5599.03,0.0
OI000334,O00134,P014,2,5526.86,0.3
OI000335,O00135,P006,3,4253.34,0.0
OI000336,O00136,P035,2,4806.84,0.1
OI000337,O00136,P068,3,7430.32,0.1
OI000338,O00136,P020,1,5123.92,0.1
OI000339,O00136,P012,3,3994.33,0.0
OI000340,O00137,P006,2,4253.34,0.0
OI000341,O00137,P024,2,6203.92,0.15
OI000342,O00138,P035,4,4806.84,0.0
OI000343,O00138,P008,1,5224.68,0.0
OI000344,O00138,P009,2,4981.98,0.05
OI000345,O00138,P034,1,5252.02,0.05
OI000346,O00139,P017,4,5112.9,0.2
OI000347,O00139,P073,3,6594.36,0.15
OI000348,O00139,P062,3,1993.86,0.05
OI000349,O00139,P002,2,3793.81,0.0
OI000350,O00140,P051,4,3109.99,0.05
OI000351,O00140,P046,1,6490.81,0.05
OI000352,O00140,P035,4,4806.84,0.05
OI000353,O00141,P004,3,3768.92,0.0
OI000354,O00141,P036,3,1918.28,0.2
OI000355,O00141,P068,1,7430.32,0.1
OI000356,O00141,P052,3,5599.03,0.0
OI000357,O00142,P021,2,5344.27,0.2
OI000358,O00142,P004,3,3768.92,0.3
OI000359,O00143,P034,4,5252.02,0.15
OI000360,O00143,P047,2,6217.65,0.15
OI000361,O00143,P067,2,3139.17,0.0
OI000362,O00143,P028,4,6060.07,0.3
OI000363,O00144,P029,1,3811.62,0.3
OI000364,O00144,P059,1,4842.61,0.1
OI000365,O00144,P004,2,3768.92,0.3
OI000366,O00144,P020,3,5123.92,0.3
OI000367,O00145,P069,4,5592.45,0.2
OI000368,O00145,P065,4,1521.26,0.15
OI000369,O00145,P068,4,7430.32,0.2
OI000370,O00146,P014,2,5526.86,0.05
OI000371,O00146,P045,4,5481.6,0.3
OI000372,O00146,P059,1,4842.61,0.1
OI000373,O00147,P016,4,3833.17,0.05
OI000374,O00147,P009,3,4981.98,0.15
OI000375,O00147,P062,3,1993.86,0.05
OI000376,O00147,P015,3,7330.81,0.1
OI000377,O00148,P068,4,7430.32,0.15
OI000378,O00148,P032,2,6623.25,0.3
OI000379,O00148,P054,3,5704.38,0.05
OI000380,O00149,P067,3,3139.17,0.15
OI000381,O00149,P021,1,5344.27,0.15
OI000382,O00150,P014,1,5526.86,0.3
OI000383,O00150,P027,3,5678.95,0.05
OI000384,O00150,P042,4,5125.64,0.05
OI000385,O00150,P056,4,5689.43,0.05
OI000386,O00151,P080,4,5576.76,0.1
OI000387,O00151,P034,2,5252.02,0.15
OI000388,O00152,P032,1,6623.25,0.3
OI000389,O00152,P027,1,5678.95,0.1
OI000390,O00152,P011,4,7495.81,0.05
OI000391,O00153,P007,4,3880.55,0.3
OI000392,O00153,P064,2,4726.39,0.0
OI000393,O00154,P043,4,6217.67,0.15
OI000394,O00154,P012,2,3994.33,0.3
OI000395,O00155,P028,2,6060.07,0.05
OI000396,O00155,P012,2,3994.33,0.0
OI000397,O00155,P034,2,5252.02,0.1
OI000398,O00155,P047,2,6217.65,0.2
OI000399,O00156,P055,2,3905.29,0.2
OI000400,O00156,P058,1,4600.81,0.05
OI000401,O00157,P027,4,5678.95,0.05
OI000402,O00157,P055,2,3905.29,0.0
OI000403,O00157,P004,3,3768.92,0.2
OI000404,O00157,P050,4,2647.44,0.2
OI000405,O00158,P054,4,5704.38,0.05
OI000406,O00159,P073,3,6594.36,0.15
OI000407,O00159,P034,3,5252.02,0.15
OI000408,O00160,P024,3,6203.92,0.1
OI000409,O00160,P051,2,3109.99,0.2
OI000410,O00160,P070,2,4988.16,0.15
OI000411,O00160,P074,1,7323.07,0.0
OI000412,O00161,P011,1,7495.81,0.1
OI000413,O00161,P072,2,3098.66,0.2
OI000414,O00161,P063,1,4500.08,0.2
OI000415,O00161,P039,1,3602.12,0.05
OI000416,O00162,P039,3,3602.12,0.15
OI000417,O00162,P012,1,3994.33,0.15
OI000418,O00162,P080,3,5576.76,0.2
OI000419,O00163,P021,1,5344.27,0.05
OI000420,O00163,P059,3,4842.61,0.2
OI000421,O00164,P018,4,3329.63,0.2
OI000422,O00165,P015,3,7330.81,0.0
OI000423,O00165,P075,1,6578.23,0.05
OI000424,O00165,P022,2,5959.11,0.1
OI000425,O00165,P061,2,5698.31,0.3
OI000426,O00166,P045,2,5481.6,0.1
OI000427,O00167,P037,2,3125.99,0.05
OI000428,O00167,P076,2,1644.18,0.05
OI000429,O00167,P010,2,7442.3,0.2
OI000430,O00167,P001,1,5060.04,0.0
OI000431,O00168,P017,3,5112.9,0.0
OI000432,O00168,P054,1,5704.38,0.15
OI000433,O00168,P021,2,5344.27,0.2
OI000434,O00169,P013,3,1662.63,0.2
OI000435,O00169,P028,4,6060.07,0.05
OI000436,O00169,P014,1,5526.86,0.2
OI000437,O00170,P026,2,5470.33,0.1
OI000438,O00170,P047,2,6217.65,0.0
OI000439,O00170,P016,1,3833.17,0.3
OI000440,O00171,P004,4,3768.92,0.1
OI000441,O00171,P012,4,3994.33,0.1
OI000442,O00172,P001,4,5060.04,0.3
OI000443,O00172,P003,2,6285.84,0.2
OI000444,O00172,P061,3,5698.31,0.3
OI000445,O00172,P074,1,7323.07,0.15
OI000446,O00173,P029,1,3811.62,0.1
OI000447,O00174,P025,3,3270.83,0.2
OI000448,O00174,P030,2,6724.47,0.05
OI000449,O00174,P051,1,3109.99,0.3
OI000450,O00174,P034,4,5252.02,0.0
OI000451,O00175,P011,2,7495.81,0.2
OI000452,O00176,P066,1,6217.53,0.2
OI000453,O00177,P039,1,3602.12,0.2
OI000454,O00177,P076,2,1644.18,0.1
OI000455,O00178,P053,1,2116.53,0.15
OI000456,O00178,P036,3,1918.28,0.2
OI000457,O00178,P042,4,5125.64,0.05
OI000458,O00179,P042,2,5125.64,0.05
OI000459,O00179,P049,1,6189.2,0.0
OI000460,O00179,P015,3,7330.81,0.2
OI000461,O00179,P072,3,3098.66,0.0
OI000462,O00180,P009,4,4981.98,0.2
OI000463,O00181,P005,1,3320.34,0.2
OI000464,O00181,P026,2,5470.33,0.0
OI000465,O00182,P030,3,6724.47,0.3
OI000466,O00182,P040,4,5866.02,0.05
OI000467,O00182,P053,4,2116.53,0.2
OI000468,O00182,P008,1,5224.68,0.0
OI000469,O00183,P017,4,5112.9,0.0
OI000470,O00183,P043,1,6217.67,0.0
OI000471,O00183,P008,2,5224.68,0.1
OI000472,O00183,P036,4,1918.28,0.1
OI000473,O00184,P071,2,3503.29,0.3
OI000474,O00185,P068,3,7430.32,0.05
OI000475,O00185,P012,4,3994.33,0.15
OI000476,O00185,P051,4,3109.99,0.05
OI000477,O00185,P064,4,4726.39,0.05
OI000478,O00186,P029,4,3811.62,0.3
OI000479,O00186,P068,2,7430.32,0.05
OI000480,O00187,P002,3,3793.81,0.05
OI000481,O00188,P049,2,6189.2,0.3
OI000482,O00188,P041,3,1494.52,0.1
OI000483,O00188,P050,1,2647.44,0.05
OI000484,O00188,P014,2,5526.86,0.1
OI000485,O00189,P037,1,3125.99,0.1
OI000486,O00189,P047,3,6217.65,0.05
OI000487,O00189,P013,2,1662.63,0.0
OI000488,O00189,P061,1,5698.31,0.3
OI000489,O00190,P016,3,3833.17,0.15
OI000490,O00190,P014,3,5526.86,0.1
OI000491,O00190,P039,2,3602.12,0.05
OI000492,O00191,P035,2,4806.84,0.2
OI000493,O00192,P023,4,6282.87,0.3
OI000494,O00193,P024,3,6203.92,0.1
OI000495,O00193,P011,2,7495.81,0.3
OI000496,O00193,P016,4,3833.17,0.15
OI000497,O00193,P080,4,5576.76,0.1
OI000498,O00194,P067,2,3139.17,0.05
OI000499,O00194,P031,1,4921.58,0.15
OI000500,O00195,P060,1,1760.75,0.3
OI000501,O00195,P030,3,6724.47,0.15
OI000502,O00196,P048,2,4310.39,0.15
OI000503,O00197,P045,3,5481.6,0.05
OI000504,O00198,P078,3,5006.54,0.15
OI000505,O00199,P072,2,3098.66,0.1
OI000506,O00199,P052,3,5599.03,0.05
OI000507,O00199,P036,1,1918.28,0.15
OI000508,O00199,P011,2,7495.81,0.3
OI000509,O00200,P044,2,4748.93,0.3
OI000510,O00200,P028,2,6060.07,0.1
OI000511,O00200,P024,3,6203.92,0.0
OI000512,O00200,P027,2,5678.95,0.05
OI000513,O00201,P059,3,4842.61,0.05
OI000514,O00201,P072,3,3098.66,0.3
OI000515,O00201,P050,1,2647.44,0.0
OI000516,O00201,P020,4,5123.92,0.0
OI000517,O00202,P028,1,6060.07,0.0
OI000518,O00202,P040,1,5866.02,0.3
OI000519,O00202,P070,3,4988.16,0.2
OI000520,O00203,P069,3,5592.45,0.2
OI000521,O00204,P044,3,4748.93,0.05
OI000522,O00204,P056,4,5689.43,0.2
OI000523,O00205,P077,1,1850.78,0.05
OI000524,O00205,P036,3,1918.28,0.1
OI000525,O00205,P056,4,5689.43,0.15
OI000526,O00206,P034,2,5252.02,0.15
OI000527,O00206,P049,3,6189.2,0.0
OI000528,O00207,P019,1,3112.57,0.15
OI000529,O00207,P051,3,3109.99,0.1
OI000530,O00207,P044,4,4748.93,0.15
OI000531,O00207,P055,2,3905.29,0.0
OI000532,O00208,P071,3,3503.29,0.15
OI000533,O00208,P037,2,3125.99,0.15
OI000534,O00209,P005,2,3320.34,0.15
OI000535,O00210,P057,2,3618.93,0.2
OI000536,O00210,P034,4,5252.02,0.05
OI000537,O00210,P024,4,6203.92,0.15
OI000538,O00211,P070,1,4988.16,0.1
OI000539,O00211,P050,1,2647.44,0.3
OI000540,O00212,P051,3,3109.99,0.15
OI000541,O00212,P006,1,4253.34,0.15
OI000542,O00212,P047,4,6217.65,0.0
OI000543,O00212,P077,4,1850.78,0.15
OI000544,O00213,P059,1,4842.61,0.0
OI000545,O00213,P050,3,2647.44,0.05
OI000546,O00214,P034,3,5252.02,0.05
OI000547,O00215,P069,3,5592.45,0.05
OI000548,O00215,P006,1,4253.34,0.2
OI000549,O00215,P012,2,3994.33,0.0
OI000550,O00215,P033,1,2579.49,0.15
OI000551,O00216,P032,1,6623.25,0.2
OI000552,O00217,P031,4,4921.58,0.05
OI000553,O00217,P005,4,3320.34,0.15
OI000554,O00217,P062,4,1993.86,0.0
OI000555,O00218,P022,3,5959.11,0.15
OI000556,O00218,P015,1,7330.81,0.1
OI000557,O00218,P034,2,5252.02,0.05
OI000558,O00218,P079,4,2345.86,0.05
OI000559,O00219,P063,4,4500.08,0.2
OI000560,O00219,P064,3,4726.39,0.1
OI000561,O00219,P072,3,3098.66,0.0
OI000562,O00220,P011,1,7495.81,0.05
OI000563,O00220,P042,4,5125.64,0.2
OI000564,O00221,P020,4,5123.92,0.15
OI000565,O00221,P047,3,6217.65,0.3
OI000566,O00221,P029,3,3811.62,0.1
OI000567,O00221,P071,3,3503.29,0.15
OI000568,O00222,P042,3,5125.64,0.3
OI000569,O00223,P047,2,6217.65,0.1
OI000570,O00223,P079,4,2345.86,0.3
OI000571,O00223,P013,3,1662.63,0.1
OI000572,O00224,P069,4,5592.45,0.0
OI000573,O00224,P014,3,5526.86,0.05
OI000574,O00224,P047,4,6217.65,0.2
OI000575,O00224,P059,1,4842.61,0.3
OI000576,O00225,P007,1,3880.55,0.15
OI000577,O00225,P044,3,4748.93,0.3
OI000578,O00226,P060,1,1760.75,0.05
OI000579,O00227,P010,3,7442.3,0.3
OI000580,O00228,P067,1,3139.17,0.0
OI000581,O00228,P005,4,3320.34,0.0
OI000582,O00228,P047,4,6217.65,0.2
OI000583,O00229,P042,2,5125.64,0.3
OI000584,O00229,P008,4,5224.68,0.0
OI000585,O00229,P034,3,5252.02,0.15
OI000586,O00230,P045,4,5481.6,0.2
OI000587,O00230,P071,3,3503.29,0.0
OI000588,O00230,P061,2,5698.31,0.05
OI000589,O00231,P018,4,3329.63,0.0
OI000590,O00231,P080,3,5576.76,0.2
OI000591,O00231,P065,2,1521.26,0.0
OI000592,O00232,P006,4,4253.34,0.2
OI000593,O00232,P054,4,5704.38,0.3
OI000594,O00233,P078,1,5006.54,0.05
OI000595,O00233,P026,3,5470.33,0.3
OI000596,O00233,P051,1,3109.99,0.2
OI000597,O00233,P034,4,5252.02,0.3
OI000598,O00234,P013,1,1662.63,0.3
OI000599,O00234,P039,1,3602.12,0.1
OI000600,O00234,P073,1,6594.36,0.2
OI000601,O00234,P076,1,1644.18,0.15
OI000602,O00235,P029,1,3811.62,0.05
OI000603,O00235,P061,4,5698.31,0.3
OI000604,O00235,P024,2,6203.92,0.3
OI000605,O00235,P071,1,3503.29,0.3
OI000606,O00236,P003,4,6285.84,0.1
OI000607,O00237,P061,1,5698.31,0.0
OI000608,O00237,P027,2,5678.95,0.15
OI000609,O00238,P012,3,3994.33,0.1
OI000610,O00239,P002,3,3793.81,0.0
OI000611,O00239,P019,1,3112.57,0.3
OI000612,O00240,P059,4,4842.61,0.1
OI000613,O00240,P028,3,6060.07,0.1
OI000614,O00241,P028,4,6060.07,0.2
OI000615,O00241,P052,1,5599.03,0.3
OI000616,O00241,P049,4,6189.2,0.05
OI000617,O00241,P066,4,6217.53,0.15
OI000618,O00242,P030,3,6724.47,0.2
OI000619,O00242,P018,3,3329.63,0.15
OI000620,O00243,P070,2,4988.16,0.3
OI000621,O00243,P058,4,4600.81,0.3
OI000622,O00244,P038,1,2828.73,0.3
OI000623,O00245,P019,4,3112.57,0.2
OI000624,O00245,P008,4,5224.68,0.2
OI000625,O00245,P060,4,1760.75,0.1
OI000626,O00246,P010,4,7442.3,0.2
OI000627,O00246,P055,1,3905.29,0.15
OI000628,O00246,P028,3,6060.07,0.15
OI000629,O00246,P064,3,4726.39,0.3
OI000630,O00247,P046,4,6490.81,0.15
OI000631,O00247,P052,3,5599.03,0.2
OI000632,O00247,P032,3,6623.25,0.15
OI000633,O00248,P040,4,5866.02,0.2
OI000634,O00248,P027,2,5678.95,0.0
OI000635,O00248,P059,2,4842.61,0.2
OI000636,O00249,P040,2,5866.02,0.15
OI000637,O00249,P052,3,5599.03,0.2
OI000638,O00249,P061,1,5698.31,0.05
OI000639,O00249,P006,2,4253.34,0.05
OI000640,O00250,P026,3,5470.33,0.2
OI000641,O00250,P028,2,6060.07,0.3
OI000642,O00251,P010,2,7442.3,0.1
OI000643,O00251,P057,2,3618.93,0.0
OI000644,O00252,P059,2,4842.61,0.15
OI000645,O00252,P055,3,3905.29,0.2
OI000646,O00253,P071,4,3503.29,0.05
OI000647,O00253,P054,2,5704.38,0.15
OI000648,O00254,P043,4,6217.67,0.15
OI000649,O00254,P019,4,3112.57,0.1
OI000650,O00254,P008,1,5224.68,0.05
OI000651,O00255,P076,3,1644.18,0.05
OI000652,O00255,P030,3,6724.47,0.15
OI000653,O00256,P037,1,3125.99,0.3
OI000654,O00257,P070,4,4988.16,0.2
OI000655,O00257,P074,3,7323.07,0.3
OI000656,O00257,P018,4,3329.63,0.3
OI000657,O00258,P002,4,3793.81,0.05
OI000658,O00259,P004,4,3768.92,0.15
OI000659,O00259,P050,3,2647.44,0.15
OI000660,O00260,P075,2,6578.23,0.15
OI000661,O00260,P044,3,4748.93,0.0
OI000662,O00261,P052,4,5599.03,0.2
OI000663,O00261,P056,3,5689.43,0.05
OI000664,O00262,P066,1,6217.53,0.0
OI000665,O00262,P038,1,2828.73,0.05
OI000666,O00263,P024,2,6203.92,0.0
OI000667,O00263,P050,1,2647.44,0.0
OI000668,O00263,P045,1,5481.6,0.1
OI000669,O00264,P015,4,7330.81,0.05
OI000670,O00264,P035,1,4806.84,0.05
OI000671,O00264,P048,1,4310.39,0.05
OI000672,O00265,P063,2,4500.08,0.1
OI000673,O00265,P057,2,3618.93,0.0
OI000674,O00266,P039,3,3602.12,0.3
OI000675,O00266,P021,4,5344.27,0.0
OI000676,O00267,P078,4,5006.54,0.15
OI000677,O00268,P041,3,1494.52,0.0
OI000678,O00268,P043,3,6217.67,0.2
OI000679,O00269,P010,2,7442.3,0.15
OI000680,O00269,P012,4,3994.33,0.0
OI000681,O00270,P067,3,3139.17,0.0
OI000682,O00271,P062,2,1993.86,0.3
OI000683,O00271,P011,3,7495.81,0.15
OI000684,O00271,P064,1,4726.39,0.15
OI000685,O00272,P023,3,6282.87,0.0
OI000686,O00272,P061,3,5698.31,0.15
OI000687,O00272,P011,3,7495.81,0.05
OI000688,O00273,P021,4,5344.27,0.2
OI000689,O00273,P048,4,4310.39,0.3
OI000690,O00273,P045,1,5481.6,0.05
OI000691,O00274,P001,4,5060.04,0.05
OI000692,O00274,P056,2,5689.43,0.15
OI000693,O00274,P037,2,3125.99,0.05
OI000694,O00275,P064,1,4726.39,0.0
OI000695,O00275,P066,1,6217.53,0.3
OI000696,O00275,P058,3,4600.81,0.05
OI000697,O00276,P020,1,5123.92,0.05
OI000698,O00276,P008,3,5224.68,0.1
OI000699,O00276,P024,3,6203.92,0.15
OI000700,O00276,P047,4,6217.65,0.3
OI000701,O00277,P056,3,5689.43,0.15
OI000702,O00278,P065,1,1521.26,0.0
OI000703,O00278,P072,3,3098.66,0.2
OI000704,O00278,P030,3,6724.47,0.1
OI000705,O00278,P012,4,3994.33,0.15
OI000706,O00279,P041,3,1494.52,0.1
OI000707,O00279,P027,1,5678.95,0.15
OI000708,O00279,P037,4,3125.99,0.15
OI000709,O00279,P019,1,3112.57,0.0
OI000710,O00280,P026,4,5470.33,0.0
OI000711,O00280,P053,1,2116.53,0.0
OI000712,O00281,P013,1,1662.63,0.2
OI000713,O00281,P078,1,5006.54,0.05
OI000714,O00281,P039,2,3602.12,0.15
OI000715,O00281,P025,3,3270.83,0.2
OI000716,O00282,P032,3,6623.25,0.15
OI000717,O00282,P031,2,4921.58,0.3
OI000718,O00283,P078,3,5006.54,0.05
OI000719,O00284,P029,1,3811.62,0.15
OI000720,O00284,P059,4,4842.61,0.15
OI000721,O00284,P028,1,6060.07,0.15
OI000722,O00285,P049,3,6189.2,0.2
OI000723,O00285,P066,3,6217.53,0.1
OI000724,O00286,P004,4,3768.92,0.1
OI000725,O00286,P031,3,4921.58,0.0
OI000726,O00286,P032,2,6623.25,0.2
OI000727,O00287,P076,1,1644.18,0.1
OI000728,O00287,P037,4,3125.99,0.15
OI000729,O00287,P073,4,6594.36,0.2
OI000730,O00288,P069,2,5592.45,0.2
OI000731,O00289,P036,3,1918.28,0.0
OI000732,O00289,P010,3,7442.3,0.0
OI000733,O00289,P006,1,4253.34,0.1
OI000734,O00290,P052,1,5599.03,0.3
OI000735,O00290,P069,2,5592.45,0.2
OI000736,O00290,P078,4,5006.54,0.2
OI000737,O00291,P014,4,5526.86,0.0
OI000738,O00291,P044,2,4748.93,0.2
OI000739,O00291,P050,3,2647.44,0.2
OI000740,O00291,P001,3,5060.04,0.3
OI000741,O00292,P078,3,5006.54,0.0
OI000742,O00292,P042,3,5125.64,0.3
OI000743,O00293,P068,1,7430.32,0.3
OI000744,O00294,P057,2,3618.93,0.1
OI000745,O00294,P010,1,7442.3,0.1
OI000746,O00294,P012,2,3994.33,0.0
OI000747,O00294,P046,2,6490.81,0.0
OI000748,O00295,P029,3,3811.62,0.05
OI000749,O00295,P070,4,4988.16,0.1
OI000750,O00295,P077,2,1850.78,0.1
OI000751,O00295,P037,4,3125.99,0.0
OI000752,O00296,P063,4,4500.08,0.1
OI000753,O00296,P061,3,5698.31,0.0
OI000754,O00296,P065,2,1521.26,0.05
OI000755,O00296,P079,2,2345.86,0.15
OI000756,O00297,P044,4,4748.93,0.05
OI000757,O00297,P012,2,3994.33,0.0
OI000758,O00297,P034,2,5252.02,0.0
OI000759,O00298,P046,3,6490.81,0.15
OI000760,O00298,P052,4,5599.03,0.1
OI000761,O00298,P011,2,7495.81,0.0
OI000762,O00298,P019,4,3112.57,0.1
OI000763,O00299,P025,1,3270.83,0.05
OI000764,O00299,P026,3,5470.33,0.0
OI000765,O00299,P069,2,5592.45,0.3
OI000766,O00299,P075,1,6578.23,0.0
OI000767,O00300,P003,1,6285.84,0.2
OI000768,O00300,P002,1,3793.81,0.15
OI000769,O00301,P052,1,5599.03,0.3
OI000770,O00301,P049,1,6189.2,0.05
OI000771,O00301,P029,1,3811.62,0.0
OI000772,O00302,P046,3,6490.81,0.0
OI000773,O00303,P042,4,5125.64,0.1
OI000774,O00303,P064,1,4726.39,0.2
OI000775,O00303,P008,3,5224.68,0.0
OI000776,O00303,P054,1,5704.38,0.0
OI000777,O00304,P050,1,2647.44,0.15
OI000778,O00305,P078,3,5006.54,0.1
OI000779,O00306,P006,1,4253.34,0.15
OI000780,O00306,P005,2,3320.34,0.0
OI000781,O00307,P044,2,4748.93,0.3
OI000782,O00307,P016,3,3833.17,0.1
OI000783,O00307,P059,4,4842.61,0.3
OI000784,O00308,P079,1,2345.86,0.0
OI000785,O00309,P030,4,6724.47,0.15
OI000786,O00310,P031,1,4921.58,0.3
OI000787,O00310,P007,3,3880.55,0.1
OI000788,O00310,P041,1,1494.52,0.2
OI000789,O00311,P054,3,5704.38,0.3
OI000790,O00311,P031,2,4921.58,0.0
OI000791,O00312,P005,3,3320.34,0.1
OI000792,O00313,P055,1,3905.29,0.1
OI000793,O00314,P020,4,5123.92,0.15
OI000794,O00314,P041,1,1494.52,0.0
OI000795,O00314,P026,1,5470.33,0.05
OI000796,O00314,P006,2,4253.34,0.15
OI000797,O00315,P024,2,6203.92,0.05
OI000798,O00315,P058,4,4600.81,0.05
OI000799,O00316,P053,4,2116.53,0.05
OI000800,O00316,P076,1,1644.18,0.1
OI000801,O00317,P060,2,1760.75,0.15
OI000802,O00317,P015,2,7330.81,0.15
OI000803,O00317,P013,3,1662.63,0.15
OI000804,O00318,P059,3,4842.61,0.3
OI000805,O00318,P062,4,1993.86,0.2
OI000806,O00319,P016,4,3833.17,0.1
OI000807,O00319,P062,1,1993.86,0.0
OI000808,O00319,P057,3,3618.93,0.1
OI000809,O00319,P023,3,6282.87,0.0
OI000810,O00320,P001,1,5060.04,0.2
OI000811,O00320,P025,1,3270.83,0.15
OI000812,O00321,P027,3,5678.95,0.15
OI000813,O00321,P016,3,3833.17,0.1
OI000814,O00321,P046,4,6490.81,0.1
OI000815,O00321,P023,1,6282.87,0.2
OI000816,O00322,P034,4,5252.02,0.1
OI000817,O00322,P077,4,1850.78,0.1
OI000818,O00322,P032,1,6623.25,0.3
OI000819,O00323,P047,4,6217.65,0.1
OI000820,O00323,P056,1,5689.43,0.0
OI000821,O00323,P029,4,3811.62,0.15
OI000822,O00324,P065,3,1521.26,0.05
OI000823,O00324,P050,1,2647.44,0.2
OI000824,O00325,P058,1,4600.81,0.05
OI000825,O00326,P080,1,5576.76,0.0
OI000826,O00326,P062,4,1993.86,0.05
OI000827,O00326,P049,3,6189.2,0.1
OI000828,O00327,P033,4,2579.49,0.1
OI000829,O00327,P004,4,3768.92,0.3
OI000830,O00327,P009,1,4981.98,0.15
OI000831,O00327,P038,2,2828.73,0.1
OI000832,O00328,P040,2,5866.02,0.0
OI000833,O00328,P045,4,5481.6,0.2
OI000834,O00329,P007,4,3880.55,0.0
OI000835,O00329,P032,1,6623.25,0.3
OI000836,O00330,P060,3,1760.75,0.15
OI000837,O00330,P003,4,6285.84,0.05
OI000838,O00330,P039,2,3602.12,0.0
OI000839,O00331,P056,3,5689.43,0.1
OI000840,O00331,P042,2,5125.64,0.1
OI000841,O00331,P028,4,6060.07,0.05
OI000842,O00332,P004,3,3768.92,0.15
OI000843,O00332,P045,3,5481.6,0.0
OI000844,O00333,P025,2,3270.83,0.3
OI000845,O00333,P038,4,2828.73,0.1
OI000846,O00333,P019,4,3112.57,0.2
OI000847,O00333,P013,4,1662.63,0.05
OI000848,O00334,P008,3,5224.68,0.1
OI000849,O00334,P028,4,6060.07,0.2
OI000850,O00335,P068,2,7430.32,0.15
OI000851,O00336,P015,1,7330.81,0.05
OI000852,O00336,P002,3,3793.81,0.0
OI000853,O00336,P035,2,4806.84,0.3
OI000854,O00336,P050,3,2647.44,0.3
OI000855,O00337,P020,1,5123.92,0.2
OI000856,O00337,P049,1,6189.2,0.05
OI000857,O00338,P026,2,5470.33,0.3
OI000858,O00338,P034,3,5252.02,0.3
OI000859,O00339,P076,1,1644.18,0.3
OI000860,O00339,P051,2,3109.99,0.0
OI000861,O00339,P009,3,4981.98,0.0
OI000862,O00339,P065,2,1521.26,0.2
OI000863,O00340,P030,1,6724.47,0.2
OI000864,O00340,P068,2,7430.32,0.0
OI000865,O00340,P036,1,1918.28,0.0
OI000866,O00341,P006,1,4253.34,0.0
OI000867,O00341,P036,2,1918.28,0.2
OI000868,O00341,P050,3,2647.44,0.05
OI000869,O00341,P018,3,3329.63,0.15
OI000870,O00342,P060,2,1760.75,0.0
OI000871,O00343,P056,4,5689.43,0.1
OI000872,O00343,P061,2,5698.31,0.0
OI000873,O00344,P063,2,4500.08,0.1
OI000874,O00344,P016,2,3833.17,0.3
OI000875,O00344,P065,3,1521.26,0.2
OI000876,O00344,P045,4,5481.6,0.3
OI000877,O00345,P079,2,2345.86,0.2
OI000878,O00345,P074,4,7323.07,0.15
OI000879,O00345,P052,4,5599.03,0.05
OI000880,O00345,P070,2,4988.16,0.3
OI000881,O00346,P068,2,7430.32,0.2
OI000882,O00346,P016,4,3833.17,0.0
OI000883,O00346,P074,1,7323.07,0.2
OI000884,O00346,P040,2,5866.02,0.3
OI000885,O00347,P028,1,6060.07,0.2
OI000886,O00348,P026,1,5470.33,0.2
OI000887,O00348,P013,1,1662.63,0.15
OI000888,O00348,P067,1,3139.17,0.15
OI000889,O00348,P004,2,3768.92,0.2
OI000890,O00349,P051,3,3109.99,0.3
OI000891,O00349,P048,2,4310.39,0.0
OI000892,O00349,P079,3,2345.86,0.15
OI000893,O00349,P038,2,2828.73,0.05
OI000894,O00350,P021,2,5344.27,0.1
OI000895,O00350,P046,1,6490.81,0.3
OI000896,O00350,P066,2,6217.53,0.15
OI000897,O00350,P059,2,4842.61,0.1
OI000898,O00351,P030,2,6724.47,0.0
OI000899,O00351,P058,3,4600.81,0.2
OI000900,O00351,P022,3,5959.11,0.3
OI000901,O00351,P068,4,7430.32,0.3
OI000902,O00352,P071,2,3503.29,0.1
OI000903,O00353,P023,4,6282.87,0.3
OI000904,O00353,P071,2,3503.29,0.2
OI000905,O00354,P039,3,3602.12,0.3
OI000906,O00354,P059,1,4842.61,0.2
OI000907,O00354,P056,2,5689.43,0.1
OI000908,O00355,P022,1,5959.11,0.15
OI000909,O00355,P040,4,5866.02,0.1
OI000910,O00355,P028,3,6060.07,0.1
OI000911,O00355,P069,1,5592.45,0.15
OI000912,O00356,P034,3,5252.02,0.1
OI000913,O00356,P041,1,1494.52,0.05
OI000914,O00356,P011,2,7495.81,0.15
OI000915,O00356,P076,1,1644.18,0.2
OI000916,O00357,P023,2,6282.87,0.3
OI000917,O00357,P070,2,4988.16,0.2
OI000918,O00358,P022,2,5959.11,0.05
OI000919,O00358,P029,4,3811.62,0.1
OI000920,O00358,P017,3,5112.9,0.2
OI000921,O00358,P051,1,3109.99,0.3
OI000922,O00359,P053,3,2116.53,0.05
OI000923,O00359,P035,1,4806.84,0.3
OI000924,O00360,P022,2,5959.11,0.05
OI000925,O00360,P012,2,3994.33,0.0
OI000926,O00360,P011,3,7495.81,0.15
OI000927,O00361,P031,2,4921.58,0.2
OI000928,O00361,P016,2,3833.17,0.0
OI000929,O00361,P025,1,3270.83,0.15
OI000930,O00361,P011,3,7495.81,0.2
OI000931,O00362,P017,1,5112.9,0.05
OI000932,O00362,P025,1,3270.83,0.2
OI000933,O00362,P009,3,4981.98,0.3
OI000934,O00362,P013,1,1662.63,0.05
OI000935,O00363,P011,2,7495.81,0.0
OI000936,O00363,P052,2,5599.03,0.2
OI000937,O00364,P034,4,5252.02,0.0
OI000938,O00364,P076,1,1644.18,0.1
OI000939,O00364,P039,2,3602.12,0.05
OI000940,O00365,P071,3,3503.29,0.2
OI000941,O00366,P028,3,6060.07,0.15
OI000942,O00367,P033,4,2579.49,0.0
OI000943,O00367,P063,2,4500.08,0.0
OI000944,O00367,P053,1,2116.53,0.1
OI000945,O00368,P038,4,2828.73,0.0
OI000946,O00369,P026,3,5470.33,0.15
OI000947,O00369,P035,3,4806.84,0.1
OI000948,O00369,P047,1,6217.65,0.15
OI000949,O00369,P032,4,6623.25,0.05
OI000950,O00370,P066,3,6217.53,0.3
OI000951,O00370,P060,4,1760.75,0.2
OI000952,O00370,P046,4,6490.81,0.05
OI000953,O00370,P020,1,5123.92,0.0
OI000954,O00371,P056,3,5689.43,0.1
OI000955,O00372,P055,2,3905.29,0.2
OI000956,O00373,P024,1,6203.92,0.05
OI000957,O00374,P038,3,2828.73,0.1
OI000958,O00374,P035,1,4806.84,0.2
OI000959,O00374,P080,4,5576.76,0.15
OI000960,O00374,P022,1,5959.11,0.2
OI000961,O00375,P013,1,1662.63,0.15
OI000962,O00375,P018,2,3329.63,0.3
OI000963,O00375,P027,2,5678.95,0.05
OI000964,O00375,P059,4,4842.61,0.2
OI000965,O00376,P062,1,1993.86,0.15
OI000966,O00376,P075,4,6578.23,0.3
OI000967,O00376,P070,3,4988.16,0.15
OI000968,O00377,P009,2,4981.98,0.1
OI000969,O00377,P001,2,5060.04,0.05
OI000970,O00377,P004,2,3768.92,0.1
OI000971,O00378,P060,4,1760.75,0.2
OI000972,O00378,P008,1,5224.68,0.3
OI000973,O00378,P038,3,2828.73,0.3
OI000974,O00379,P053,2,2116.53,0.05
OI000975,O00379,P002,3,3793.81,0.15
OI000976,O00379,P037,2,3125.99,0.3
OI000977,O00379,P020,3,5123.92,0.0
OI000978,O00380,P008,3,5224.68,0.1
OI000979,O00380,P067,2,3139.17,0.1
OI000980,O00381,P030,1,6724.47,0.15
OI000981,O00382,P027,3,5678.95,0.3
OI000982,O00382,P006,4,4253.34,0.2
OI000983,O00382,P072,1,3098.66,0.0
OI000984,O00383,P073,4,6594.36,0.2
OI000985,O00383,P020,1,5123.92,0.0
OI000986,O00383,P055,4,3905.29,0.05
OI000987,O00383,P004,1,3768.92,0.2
OI000988,O00384,P012,1,3994.33,0.1
OI000989,O00385,P072,2,3098.66,0.05
OI000990,O00385,P058,1,4600.81,0.3
OI000991,O00385,P053,1,2116.53,0.1
OI000992,O00386,P073,1,6594.36,0.1
OI000993,O00386,P004,1,3768.92,0.3
OI000994,O00387,P025,2,3270.83,0.0
OI000995,O00388,P042,1,5125.64,0.0
OI000996,O00389,P022,2,5959.11,0.2
OI000997,O00389,P034,4,5252.02,0.0
OI000998,O00390,P014,4,5526.86,0.15
OI000999,O00390,P035,1,4806.84,0.15
OI001000,O00390,P041,4,1494.52,0.2
OI001001,O00391,P015,1,7330.81,0.3
OI001002,O00391,P071,3,3503.29,0.15
OI001003,O00392,P006,1,4253.34,0.15
OI001004,O00392,P021,1,5344.27,0.2
OI001005,O00392,P068,4,7430.32,0.05
OI001006,O00393,P029,1,3811.62,0.3
OI001007,O00393,P069,4,5592.45,0.0
OI001008,O00394,P011,3,7495.81,0.3
OI001009,O00394,P013,3,1662.63,0.05
OI001010,O00394,P031,1,4921.58,0.1
OI001011,O00394,P035,2,4806.84,0.1
OI001012,O00395,P010,3,7442.3,0.3
OI001013,O00396,P035,4,4806.84,0.15
OI001014,O00396,P074,3,7323.07,0.15
OI001015,O00396,P056,4,5689.43,0.3
OI001016,O00397,P056,4,5689.43,0.15
OI001017,O00397,P003,2,6285.84,0.15
OI001018,O00398,P035,1,4806.84,0.1
OI001019,O00398,P019,4,3112.57,0.2
OI001020,O00399,P077,2,1850.78,0.2
OI001021,O00399,P002,4,3793.81,0.15
OI001022,O00400,P015,3,7330.81,0.05
OI001023,O00400,P059,3,4842.61,0.0
OI001024,O00400,P019,1,3112.57,0.3
OI001025,O00401,P067,2,3139.17,0.1
OI001026,O00401,P054,2,5704.38,0.2
OI001027,O00401,P041,4,1494.52,0.3
OI001028,O00401,P026,4,5470.33,0.1
OI001029,O00402,P070,3,4988.16,0.0
OI001030,O00402,P022,4,5959.11,0.0
OI001031,O00402,P033,4,2579.49,0.05
OI001032,O00402,P019,2,3112.57,0.0
OI001033,O00403,P007,3,3880.55,0.0
OI001034,O00403,P009,2,4981.98,0.0
OI001035,O00403,P057,2,3618.93,0.2
OI001036,O00403,P049,2,6189.2,0.05
OI001037,O00404,P014,1,5526.86,0.3
OI001038,O00404,P041,3,1494.52,0.0
OI001039,O00405,P033,4,2579.49,0.05
OI001040,O00405,P015,1,7330.81,0.05
OI001041,O00406,P027,1,5678.95,0.1
OI001042,O00406,P022,3,5959.11,0.0
OI001043,O00406,P064,1,4726.39,0.3
OI001044,O00407,P030,3,6724.47,0.2
OI001045,O00407,P047,3,6217.65,0.0
OI001046,O00407,P041,3,1494.52,0.3
OI001047,O00407,P050,3,2647.44,0.15
OI001048,O00408,P064,2,4726.39,0.05
OI001049,O00409,P010,2,7442.3,0.2
OI001050,O00409,P075,1,6578.23,0.1
OI001051,O00410,P066,3,6217.53,0.1
OI001052,O00410,P002,3,3793.81,0.15
OI001053,O00410,P056,1,5689.43,0.0
OI001054,O00411,P006,2,4253.34,0.0
OI001055,O00412,P071,3,3503.29,0.2
OI001056,O00412,P060,3,1760.75,0.15
OI001057,O00412,P014,2,5526.86,0.15
OI001058,O00412,P025,4,3270.83,0.1
OI001059,O00413,P048,4,4310.39,0.3
OI001060,O00414,P034,3,5252.02,0.3
OI001061,O00414,P062,2,1993.86,0.0
OI001062,O00414,P020,4,5123.92,0.3
OI001063,O00415,P057,1,3618.93,0.05
OI001064,O00415,P020,4,5123.92,0.3
OI001065,O00415,P079,1,2345.86,0.1
OI001066,O00415,P064,1,4726.39,0.05
OI001067,O00416,P040,1,5866.02,0.0
OI001068,O00416,P035,2,4806.84,0.1
OI001069,O00416,P038,4,2828.73,0.3
OI001070,O00417,P003,1,6285.84,0.3
OI001071,O00417,P037,2,3125.99,0.15
OI001072,O00417,P008,1,5224.68,0.2
OI001073,O00418,P029,4,3811.62,0.3
OI001074,O00418,P026,2,5470.33,0.15
OI001075,O00418,P018,2,3329.63,0.1
OI001076,O00419,P005,4,3320.34,0.2
OI001077,O00419,P062,2,1993.86,0.1
OI001078,O00419,P036,1,1918.28,0.05
OI001079,O00420,P027,3,5678.95,0.15
OI001080,O00420,P010,4,7442.3,0.05
OI001081,O00420,P038,2,2828.73,0.15
OI001082,O00421,P005,2,3320.34,0.1
OI001083,O00421,P078,4,5006.54,0.1
OI001084,O00422,P014,3,5526.86,0.15
OI001085,O00422,P035,2,4806.84,0.0
OI001086,O00423,P013,3,1662.63,0.3
OI001087,O00424,P024,3,6203.92,0.2
OI001088,O00424,P004,2,3768.92,0.3
OI001089,O00424,P007,3,3880.55,0.15
OI001090,O00424,P050,2,2647.44,0.1
OI001091,O00425,P032,2,6623.25,0.1
OI001092,O00425,P030,1,6724.47,0.1
OI001093,O00425,P031,2,4921.58,0.0
OI001094,O00425,P002,2,3793.81,0.05
OI001095,O00426,P061,1,5698.31,0.15
OI001096,O00427,P063,1,4500.08,0.2
OI001097,O00427,P044,2,4748.93,0.0
OI001098,O00427,P080,3,5576.76,0.3
OI001099,O00428,P002,4,3793.81,0.15
OI001100,O00429,P064,2,4726.39,0.05
OI001101,O00430,P011,2,7495.81,0.0
OI001102,O00430,P048,4,4310.39,0.0
OI001103,O00431,P030,4,6724.47,0.1
OI001104,O00431,P028,1,6060.07,0.2
OI001105,O00431,P008,1,5224.68,0.0
OI001106,O00431,P079,2,2345.86,0.05
OI001107,O00432,P063,3,4500.08,0.3
OI001108,O00433,P068,2,7430.32,0.2
OI001109,O00433,P035,2,4806.84,0.3
OI001110,O00434,P072,4,3098.66,0.0
OI001111,O00434,P033,2,2579.49,0.15
OI001112,O00435,P055,4,3905.29,0.15
OI001113,O00435,P071,1,3503.29,0.2
OI001114,O00435,P076,2,1644.18,0.1
OI001115,O00436,P022,1,5959.11,0.1
OI001116,O00436,P065,1,1521.26,0.15
OI001117,O00437,P005,4,3320.34,0.1
OI001118,O00437,P036,1,1918.28,0.15
OI001119,O00437,P072,1,3098.66,0.1
OI001120,O00437,P078,3,5006.54,0.2
OI001121,O00438,P006,3,4253.34,0.15
OI001122,O00438,P031,2,4921.58,0.0
OI001123,O00439,P007,3,3880.55,0.2
OI001124,O00439,P041,3,1494.52,0.2
OI001125,O00439,P052,1,5599.03,0.3
OI001126,O00440,P064,1,4726.39,0.2
OI001127,O00440,P030,3,6724.47,0.15
OI001128,O00441,P051,1,3109.99,0.15
OI001129,O00442,P016,4,3833.17,0.0
OI001130,O00442,P078,2,5006.54,0.1
OI001131,O00442,P061,2,5698.31,0.15
OI001132,O00443,P068,1,7430.32,0.3
OI001133,O00443,P039,2,3602.12,0.2
OI001134,O00444,P041,4,1494.52,0.05
OI001135,O00444,P055,3,3905.29,0.05
OI001136,O00444,P076,1,1644.18,0.1
OI001137,O00444,P007,1,3880.55,0.0
OI001138,O00445,P040,3,5866.02,0.05
OI001139,O00445,P032,1,6623.25,0.0
OI001140,O00445,P016,1,3833.17,0.3
OI001141,O00446,P053,2,2116.53,0.1
OI001142,O00446,P079,2,2345.86,0.0
OI001143,O00447,P059,3,4842.61,0.15
OI001144,O00447,P079,1,2345.86,0.2
OI001145,O00447,P029,4,3811.62,0.1
OI001146,O00447,P045,3,5481.6,0.15
OI001147,O00448,P021,4,5344.27,0.3
OI001148,O00449,P074,2,7323.07,0.0
OI001149,O00449,P032,1,6623.25,0.15
OI001150,O00450,P078,3,5006.54,0.2
OI001151,O00450,P072,3,3098.66,0.3
OI001152,O00451,P058,1,4600.81,0.1
OI001153,O00452,P063,3,4500.08,0.05
OI001154,O00452,P048,1,4310.39,0.1
OI001155,O00453,P016,4,3833.17,0.1
OI001156,O00453,P077,3,1850.78,0.2
OI001157,O00453,P031,2,4921.58,0.1
OI001158,O00454,P002,4,3793.81,0.05
OI001159,O00454,P012,1,3994.33,0.05
OI001160,O00455,P018,4,3329.63,0.3
OI001161,O00455,P009,2,4981.98,0.0
OI001162,O00455,P017,1,5112.9,0.05
OI001163,O00456,P025,2,3270.83,0.15
OI001164,O00456,P042,3,5125.64,0.0
OI001165,O00457,P052,3,5599.03,0.2
OI001166,O00457,P054,2,5704.38,0.15
OI001167,O00458,P010,1,7442.3,0.05
OI001168,O00458,P035,2,4806.84,0.15
OI001169,O00459,P071,4,3503.29,0.0
OI001170,O00459,P003,4,6285.84,0.15
OI001171,O00459,P058,2,4600.81,0.1
OI001172,O00459,P026,1,5470.33,0.2
OI001173,O00460,P058,3,4600.81,0.05
OI001174,O00460,P074,4,7323.07,0.15
OI001175,O00460,P077,2,1850.78,0.15
OI001176,O00461,P038,4,2828.73,0.0
OI001177,O00461,P050,4,2647.44,0.05
OI001178,O00462,P013,1,1662.63,0.0
OI001179,O00463,P072,2,3098.66,0.1
OI001180,O00463,P070,4,4988.16,0.15
OI001181,O00463,P046,3,6490.81,0.2
OI001182,O00463,P002,4,3793.81,0.05
OI001183,O00464,P039,3,3602.12,0.2
OI001184,O00465,P059,4,4842.61,0.3
OI001185,O00465,P067,3,3139.17,0.1
OI001186,O00466,P060,3,1760.75,0.15
OI001187,O00466,P019,2,3112.57,0.2
OI001188,O00467,P060,4,1760.75,0.3
OI001189,O00468,P027,3,5678.95,0.2
OI001190,O00468,P008,1,5224.68,0.2
OI001191,O00468,P052,3,5599.03,0.1
OI001192,O00468,P004,2,3768.92,0.15
OI001193,O00469,P014,3,5526.86,0.3
OI001194,O00469,P027,1,5678.95,0.05
OI001195,O00469,P018,1,3329.63,0.3
OI001196,O00470,P019,2,3112.57,0.2
OI001197,O00470,P033,3,2579.49,0.15
OI001198,O00470,P058,1,4600.81,0.2
OI001199,O00471,P073,4,6594.36,0.15
OI001200,O00472,P022,4,5959.11,0.1
OI001201,O00472,P070,3,4988.16,0.15
OI001202,O00472,P006,2,4253.34,0.15
OI001203,O00473,P030,4,6724.47,0.2
OI001204,O00473,P061,4,5698.31,0.3
OI001205,O00473,P069,4,5592.45,0.15
OI001206,O00473,P062,3,1993.86,0.3
OI001207,O00474,P010,2,7442.3,0.2
OI001208,O00474,P071,1,3503.29,0.1
OI001209,O00475,P023,1,6282.87,0.1
OI001210,O00475,P078,1,5006.54,0.3
OI001211,O00476,P027,4,5678.95,0.15
OI001212,O00476,P029,2,3811.62,0.1
OI001213,O00477,P046,4,6490.81,0.05
OI001214,O00477,P074,3,7323.07,0.15
OI001215,O00477,P008,4,5224.68,0.15
OI001216,O00478,P071,4,3503.29,0.3
OI001217,O00478,P061,2,5698.31,0.15
OI001218,O00478,P029,4,3811.62,0.0
OI001219,O00479,P065,1,1521.26,0.2
OI001220,O00479,P069,3,5592.45,0.3
OI001221,O00479,P016,1,3833.17,0.3
OI001222,O00480,P031,4,4921.58,0.15
OI001223,O00480,P022,1,5959.11,0.15
OI001224,O00480,P062,4,1993.86,0.0
OI001225,O00481,P001,3,5060.04,0.0
OI001226,O00482,P021,4,5344.27,0.2
OI001227,O00482,P006,1,4253.34,0.3
OI001228,O00482,P010,4,7442.3,0.2
OI001229,O00482,P062,3,1993.86,0.1
OI001230,O00483,P032,3,6623.25,0.15
OI001231,O00483,P041,1,1494.52,0.15
OI001232,O00483,P067,1,3139.17,0.3
OI001233,O00483,P059,3,4842.61,0.1
OI001234,O00484,P021,3,5344.27,0.0
OI001235,O00484,P005,4,3320.34,0.3
OI001236,O00484,P010,3,7442.3,0.0
OI001237,O00484,P063,2,4500.08,0.2
OI001238,O00485,P078,3,5006.54,0.0
OI001239,O00485,P019,3,3112.57,0.0
OI001240,O00485,P065,1,1521.26,0.15
OI001241,O00486,P041,4,1494.52,0.1
OI001242,O00486,P077,3,1850.78,0.0
OI001243,O00486,P079,1,2345.86,0.15
OI001244,O00487,P007,3,3880.55,0.15
OI001245,O00487,P048,4,4310.39,0.3
OI001246,O00488,P019,3,3112.57,0.0
OI001247,O00488,P022,3,5959.11,0.15
OI001248,O00488,P047,1,6217.65,0.0
OI001249,O00488,P001,4,5060.04,0.2
OI001250,O00489,P071,1,3503.29,0.15
OI001251,O00489,P018,1,3329.63,0.05
OI001252,O00490,P037,1,3125.99,0.3
OI001253,O00490,P007,4,3880.55,0.3
OI001254,O00491,P031,2,4921.58,0.05
OI001255,O00492,P039,4,3602.12,0.3
OI001256,O00492,P041,2,1494.52,0.05
OI001257,O00493,P078,1,5006.54,0.1
OI001258,O00493,P035,2,4806.84,0.3
OI001259,O00493,P029,4,3811.62,0.0
OI001260,O00494,P024,1,6203.92,0.05
OI001261,O00494,P036,1,1918.28,0.0
OI001262,O00494,P033,2,2579.49,0.1
OI001263,O00494,P045,1,5481.6,0.2
OI001264,O00495,P075,1,6578.23,0.15
OI001265,O00495,P029,4,3811.62,0.05
OI001266,O00495,P056,3,5689.43,0.05
OI001267,O00495,P041,2,1494.52,0.15
OI001268,O00496,P064,2,4726.39,0.1
OI001269,O00497,P079,4,2345.86,0.2
OI001270,O00497,P036,2,1918.28,0.3
OI001271,O00497,P032,2,6623.25,0.2
OI001272,O00497,P018,4,3329.63,0.05
OI001273,O00498,P058,1,4600.81,0.05
OI001274,O00498,P014,4,5526.86,0.05
OI001275,O00498,P049,2,6189.2,0.1
OI001276,O00498,P060,3,1760.75,0.15
OI001277,O00499,P066,1,6217.53,0.05
OI001278,O00499,P040,3,5866.02,0.1
OI001279,O00499,P062,2,1993.86,0.1
OI001280,O00500,P019,4,3112.57,0.0
OI001281,O00501,P064,4,4726.39,0.05
OI001282,O00501,P027,2,5678.95,0.0
OI001283,O00501,P067,4,3139.17,0.15
OI001284,O00501,P021,4,5344.27,0.15
OI001285,O00502,P027,2,5678.95,0.0
OI001286,O00503,P057,4,3618.93,0.2
OI001287,O00503,P044,3,4748.93,0.3
OI001288,O00503,P074,3,7323.07,0.1
OI001289,O00503,P047,2,6217.65,0.2
OI001290,O00504,P052,2,5599.03,0.3
OI001291,O00504,P018,3,3329.63,0.3
OI001292,O00504,P062,1,1993.86,0.05
OI001293,O00504,P023,4,6282.87,0.3
OI001294,O00505,P037,4,3125.99,0.1
OI001295,O00505,P025,2,3270.83,0.15
OI001296,O00505,P063,4,4500.08,0.0
OI001297,O00505,P068,4,7430.32,0.1
OI001298,O00506,P025,2,3270.83,0.2
OI001299,O00507,P019,4,3112.57,0.0
OI001300,O00507,P039,3,3602.12,0.1
OI001301,O00507,P011,2,7495.81,0.2
OI001302,O00508,P062,2,1993.86,0.0
OI001303,O00509,P066,2,6217.53,0.2
OI001304,O00509,P058,2,4600.81,0.15
OI001305,O00509,P012,1,3994.33,0.15
OI001306,O00509,P044,1,4748.93,0.2
OI001307,O00510,P080,4,5576.76,0.15
OI001308,O00511,P063,2,4500.08,0.05
OI001309,O00511,P012,1,3994.33,0.0
OI001310,O00511,P059,4,4842.61,0.15
OI001311,O00511,P031,2,4921.58,0.1
OI001312,O00512,P046,2,6490.81,0.2
OI001313,O00513,P075,1,6578.23,0.1
OI001314,O00514,P053,2,2116.53,0.15
OI001315,O00514,P057,2,3618.93,0.0
OI001316,O00515,P041,2,1494.52,0.15
OI001317,O00516,P059,1,4842.61,0.15
OI001318,O00517,P029,4,3811.62,0.3
OI001319,O00517,P011,3,7495.81,0.05
OI001320,O00517,P001,2,5060.04,0.05
OI001321,O00517,P028,4,6060.07,0.1
OI001322,O00518,P030,1,6724.47,0.0
OI001323,O00518,P055,1,3905.29,0.1
OI001324,O00519,P025,2,3270.83,0.15
OI001325,O00519,P026,2,5470.33,0.05
OI001326,O00519,P051,3,3109.99,0.15
OI001327,O00519,P021,1,5344.27,0.1
OI001328,O00520,P063,3,4500.08,0.0
OI001329,O00520,P025,2,3270.83,0.3
OI001330,O00521,P056,1,5689.43,0.1
OI001331,O00521,P063,2,4500.08,0.1
OI001332,O00522,P043,3,6217.67,0.15
OI001333,O00522,P001,1,5060.04,0.0
OI001334,O00522,P071,4,3503.29,0.05
OI001335,O00522,P078,2,5006.54,0.15
OI001336,O00523,P041,4,1494.52,0.15
OI001337,O00523,P078,3,5006.54,0.2
OI001338,O00523,P063,4,4500.08,0.0
OI001339,O00524,P075,2,6578.23,0.05
OI001340,O00524,P057,2,3618.93,0.05
OI001341,O00524,P054,1,5704.38,0.15
OI001342,O00524,P071,4,3503.29,0.0
OI001343,O00525,P056,1,5689.43,0.05
OI001344,O00525,P052,4,5599.03,0.05
OI001345,O00525,P009,4,4981.98,0.3
OI001346,O00526,P018,4,3329.63,0.15
OI001347,O00526,P062,3,1993.86,0.2
OI001348,O00526,P008,4,5224.68,0.1
OI001349,O00526,P024,3,6203.92,0.15
OI001350,O00527,P030,2,6724.47,0.2
OI001351,O00527,P077,3,1850.78,0.2
OI001352,O00527,P038,1,2828.73,0.1
OI001353,O00527,P067,3,3139.17,0.3
OI001354,O00528,P071,1,3503.29,0.05
OI001355,O00529,P061,2,5698.31,0.3
OI001356,O00529,P050,2,2647.44,0.15
OI001357,O00529,P076,3,1644.18,0.15
OI001358,O00529,P048,3,4310.39,0.0
OI001359,O00530,P036,4,1918.28,0.2
OI001360,O00530,P032,2,6623.25,0.0
OI001361,O00531,P039,4,3602.12,0.15
OI001362,O00531,P075,1,6578.23,0.0
OI001363,O00531,P069,4,5592.45,0.05
OI001364,O00531,P066,2,6217.53,0.15
OI001365,O00532,P055,2,3905.29,0.3
OI001366,O00532,P073,3,6594.36,0.3
OI001367,O00533,P072,4,3098.66,0.2
OI001368,O00533,P002,1,3793.81,0.2
OI001369,O00534,P032,2,6623.25,0.15
OI001370,O00535,P060,1,1760.75,0.0
OI001371,O00535,P038,3,2828.73,0.0
OI001372,O00535,P048,4,4310.39,0.0
OI001373,O00536,P075,1,6578.23,0.3
OI001374,O00537,P076,2,1644.18,0.15
OI001375,O00537,P063,4,4500.08,0.05
OI001376,O00538,P030,1,6724.47,0.05
OI001377,O00539,P067,4,3139.17,0.0
OI001378,O00540,P051,1,3109.99,0.0
OI001379,O00540,P079,3,2345.86,0.3
OI001380,O00540,P050,2,2647.44,0.15
OI001381,O00541,P037,4,3125.99,0.15
OI001382,O00542,P071,4,3503.29,0.1
OI001383,O00543,P065,1,1521.26,0.0
OI001384,O00543,P042,4,5125.64,0.2
OI001385,O00544,P032,1,6623.25,0.1
OI001386,O00544,P010,3,7442.3,0.15
OI001387,O00544,P019,2,3112.57,0.05
OI001388,O00544,P014,3,5526.86,0.05
OI001389,O00545,P080,1,5576.76,0.0
OI001390,O00545,P067,3,3139.17,0.0
OI001391,O00545,P077,2,1850.78,0.1
OI001392,O00545,P002,4,3793.81,0.3
OI001393,O00546,P028,1,6060.07,0.05
OI001394,O00546,P057,3,3618.93,0.1
OI001395,O00546,P043,3,6217.67,0.05
OI001396,O00546,P014,1,5526.86,0.3
OI001397,O00547,P029,3,3811.62,0.1
OI001398,O00547,P023,4,6282.87,0.3
OI001399,O00548,P052,4,5599.03,0.1
OI001400,O00549,P011,3,7495.81,0.3
OI001401,O00550,P044,2,4748.93,0.05
OI001402,O00551,P005,3,3320.34,0.15
OI001403,O00551,P069,1,5592.45,0.1
OI001404,O00551,P019,3,3112.57,0.1
OI001405,O00552,P026,3,5470.33,0.0
OI001406,O00552,P011,3,7495.81,0.3
OI001407,O00552,P021,3,5344.27,0.15
OI001408,O00553,P040,4,5866.02,0.1
OI001409,O00554,P012,3,3994.33,0.1
OI001410,O00554,P002,3,3793.81,0.2
OI001411,O00554,P055,3,3905.29,0.3
OI001412,O00554,P021,2,5344.27,0.2
OI001413,O00555,P012,4,3994.33,0.05
OI001414,O00555,P015,4,7330.81,0.2
OI001415,O00556,P073,2,6594.36,0.05
OI001416,O00556,P080,1,5576.76,0.3
OI001417,O00557,P024,1,6203.92,0.0
OI001418,O00557,P042,4,5125.64,0.3
OI001419,O00557,P006,2,4253.34,0.1
OI001420,O00557,P066,2,6217.53,0.1
OI001421,O00558,P028,1,6060.07,0.0
OI001422,O00558,P031,3,4921.58,0.0
OI001423,O00558,P049,1,6189.2,0.2
OI001424,O00559,P063,2,4500.08,0.0
OI001425,O00559,P044,2,4748.93,0.05
OI001426,O00560,P002,4,3793.81,0.3
OI001427,O00560,P016,4,3833.17,0.3
OI001428,O00560,P011,2,7495.81,0.1
OI001429,O00560,P021,3,5344.27,0.05
OI001430,O00561,P078,2,5006.54,0.05
OI001431,O00561,P016,1,3833.17,0.05
OI001432,O00561,P062,3,1993.86,0.15
OI001433,O00562,P044,4,4748.93,0.0
OI001434,O00563,P077,3,1850.78,0.15
OI001435,O00564,P017,3,5112.9,0.0
OI001436,O00564,P041,1,1494.52,0.15
OI001437,O00564,P046,3,6490.81,0.15
OI001438,O00564,P065,2,1521.26,0.3
OI001439,O00565,P017,3,5112.9,0.1
OI001440,O00565,P010,1,7442.3,0.0
OI001441,O00566,P009,3,4981.98,0.05
OI001442,O00567,P023,3,6282.87,0.1
OI001443,O00568,P060,2,1760.75,0.05
OI001444,O00569,P013,4,1662.63,0.3
OI001445,O00569,P043,4,6217.67,0.2
OI001446,O00569,P078,3,5006.54,0.15
OI001447,O00570,P051,2,3109.99,0.1
OI001448,O00570,P056,4,5689.43,0.0
OI001449,O00570,P011,2,7495.81,0.1
OI001450,O00571,P018,2,3329.63,0.3
OI001451,O00572,P070,4,4988.16,0.2
OI001452,O00572,P059,3,4842.61,0.0
OI001453,O00573,P004,2,3768.92,0.1
OI001454,O00573,P059,3,4842.61,0.1
OI001455,O00573,P053,2,2116.53,0.1
OI001456,O00574,P051,1,3109.99,0.15
OI001457,O00574,P026,3,5470.33,0.3
OI001458,O00574,P019,2,3112.57,0.15
OI001459,O00575,P050,2,2647.44,0.15
OI001460,O00575,P058,3,4600.81,0.1
OI001461,O00575,P065,1,1521.26,0.15
OI001462,O00576,P003,2,6285.84,0.0
OI001463,O00576,P073,3,6594.36,0.05
OI001464,O00576,P047,1,6217.65,0.05
OI001465,O00577,P028,2,6060.07,0.1
OI001466,O00577,P022,4,5959.11,0.1
OI001467,O00577,P048,2,4310.39,0.1
OI001468,O00577,P061,2,5698.31,0.15
OI001469,O00578,P039,2,3602.12,0.05
OI001470,O00579,P034,3,5252.02,0.15
OI001471,O00579,P030,2,6724.47,0.3
OI001472,O00580,P045,1,5481.6,0.2
OI001473,O00581,P024,2,6203.92,0.05
OI001474,O00581,P005,4,3320.34,0.0
OI001475,O00582,P011,1,7495.81,0.3
OI001476,O00582,P013,2,1662.63,0.3
OI001477,O00583,P008,1,5224.68,0.3
OI001478,O00583,P061,3,5698.31,0.2
OI001479,O00584,P044,1,4748.93,0.15
OI001480,O00584,P026,3,5470.33,0.2
OI001481,O00584,P057,3,3618.93,0.05
OI001482,O00584,P040,2,5866.02,0.1
OI001483,O00585,P042,3,5125.64,0.15
OI001484,O00585,P050,1,2647.44,0.15
OI001485,O00585,P059,1,4842.61,0.15
OI001486,O00585,P029,3,3811.62,0.15
OI001487,O00586,P005,2,3320.34,0.2
OI001488,O00586,P054,4,5704.38,0.15
OI001489,O00587,P070,2,4988.16,0.2
OI001490,O00588,P002,1,3793.81,0.1
OI001491,O00588,P071,4,3503.29,0.05
OI001492,O00588,P049,2,6189.2,0.05
OI001493,O00588,P028,1,6060.07,0.05
OI001494,O00589,P055,4,3905.29,0.05
OI001495,O00589,P061,3,5698.31,0.0
OI001496,O00589,P062,4,1993.86,0.0
OI001497,O00590,P032,3,6623.25,0.0
OI001498,O00591,P027,3,5678.95,0.15
OI001499,O00591,P059,2,4842.61,0.2
OI001500,O00592,P011,1,7495.81,0.05
OI001501,O00593,P053,1,2116.53,0.15
OI001502,O00593,P075,2,6578.23,0.3
OI001503,O00594,P073,2,6594.36,0.15
OI001504,O00594,P044,2,4748.93,0.0
OI001505,O00595,P055,2,3905.29,0.3
OI001506,O00595,P009,3,4981.98,0.2
OI001507,O00596,P024,4,6203.92,0.3
OI001508,O00596,P018,1,3329.63,0.05
OI001509,O00596,P050,3,2647.44,0.05
OI001510,O00597,P067,1,3139.17,0.05
OI001511,O00597,P021,1,5344.27,0.0
OI001512,O00597,P072,1,3098.66,0.1
OI001513,O00598,P024,4,6203.92,0.3
OI001514,O00599,P003,1,6285.84,0.15
OI001515,O00599,P051,1,3109.99,0.3
OI001516,O00599,P052,3,5599.03,0.0
OI001517,O00599,P011,1,7495.81,0.1
OI001518,O00600,P001,4,5060.04,0.3
OI001519,O00601,P052,4,5599.03,0.1
OI001520,O00601,P071,1,3503.29,0.05
OI001521,O00601,P003,3,6285.84,0.3
OI001522,O00602,P013,4,1662.63,0.1
OI001523,O00602,P064,1,4726.39,0.0
OI001524,O00602,P072,3,3098.66,0.3
OI001525,O00603,P026,3,5470.33,0.3
OI001526,O00603,P036,4,1918.28,0.2
OI001527,O00603,P049,1,6189.2,0.2
OI001528,O00604,P050,4,2647.44,0.3
OI001529,O00605,P057,2,3618.93,0.15
OI001530,O00605,P024,1,6203.92,0.3
OI001531,O00605,P042,1,5125.64,0.3
OI001532,O00606,P042,2,5125.64,0.15
OI001533,O00607,P071,3,3503.29,0.2
OI001534,O00607,P002,1,3793.81,0.0
OI001535,O00608,P026,2,5470.33,0.2
OI001536,O00608,P063,1,4500.08,0.2
OI001537,O00609,P054,2,5704.38,0.1
OI001538,O00610,P032,2,6623.25,0.05
OI001539,O00610,P070,3,4988.16,0.2
OI001540,O00611,P059,4,4842.61,0.3
OI001541,O00612,P060,3,1760.75,0.0
OI001542,O00612,P025,4,3270.83,0.1
OI001543,O00612,P026,2,5470.33,0.0
OI001544,O00613,P076,3,1644.18,0.3
OI001545,O00614,P004,4,3768.92,0.3
OI001546,O00614,P040,3,5866.02,0.15
OI001547,O00614,P030,2,6724.47,0.0
OI001548,O00614,P067,3,3139.17,0.0
OI001549,O00615,P039,2,3602.12,0.1
OI001550,O00615,P076,1,1644.18,0.0
OI001551,O00615,P063,3,4500.08,0.3
OI001552,O00616,P027,3,5678.95,0.2
OI001553,O00617,P021,2,5344.27,0.1
OI001554,O00617,P055,4,3905.29,0.05
OI001555,O00617,P007,4,3880.55,0.2
OI001556,O00618,P064,4,4726.39,0.0
OI001557,O00618,P018,2,3329.63,0.05
OI001558,O00618,P067,1,3139.17,0.2
OI001559,O00619,P064,4,4726.39,0.2
OI001560,O00620,P012,2,3994.33,0.15
OI001561,O00621,P033,2,2579.49,0.0
OI001562,O00621,P014,3,5526.86,0.1
OI001563,O00621,P073,4,6594.36,0.2
OI001564,O00621,P079,2,2345.86,0.1
OI001565,O00622,P050,3,2647.44,0.3
OI001566,O00622,P051,2,3109.99,0.05
OI001567,O00623,P032,2,6623.25,0.05
OI001568,O00623,P028,3,6060.07,0.3
OI001569,O00623,P073,1,6594.36,0.3
OI001570,O00623,P048,3,4310.39,0.3
OI001571,O00624,P079,3,2345.86,0.1
OI001572,O00624,P053,3,2116.53,0.3
OI001573,O00625,P002,3,3793.81,0.1
OI001574,O00625,P066,2,6217.53,0.1
OI001575,O00625,P060,1,1760.75,0.0
OI001576,O00625,P055,1,3905.29,0.1
OI001577,O00626,P018,2,3329.63,0.15
OI001578,O00626,P032,2,6623.25,0.05
OI001579,O00626,P076,3,1644.18,0.2
OI001580,O00627,P009,1,4981.98,0.15
OI001581,O00628,P013,1,1662.63,0.1
OI001582,O00628,P004,4,3768.92,0.15
OI001583,O00628,P080,1,5576.76,0.05
OI001584,O00628,P042,3,5125.64,0.1
OI001585,O00629,P027,2,5678.95,0.2
OI001586,O00629,P054,3,5704.38,0.1
OI001587,O00629,P030,2,6724.47,0.05
OI001588,O00630,P022,4,5959.11,0.0
OI001589,O00631,P044,1,4748.93,0.2
OI001590,O00632,P080,2,5576.76,0.0
OI001591,O00632,P035,3,4806.84,0.1
OI001592,O00632,P036,4,1918.28,0.3
OI001593,O00632,P060,4,1760.75,0.1
OI001594,O00633,P074,4,7323.07,0.15
OI001595,O00633,P010,4,7442.3,0.1
OI001596,O00633,P030,1,6724.47,0.1
OI001597,O00633,P022,3,5959.11,0.05
OI001598,O00634,P066,3,6217.53,0.1
OI001599,O00635,P001,1,5060.04,0.1
OI001600,O00635,P036,3,1918.28,0.15
OI001601,O00635,P058,4,4600.81,0.1
OI001602,O00636,P073,3,6594.36,0.15
OI001603,O00636,P052,1,5599.03,0.15
OI001604,O00636,P064,4,4726.39,0.15
OI001605,O00637,P024,3,6203.92,0.2
OI001606,O00638,P064,1,4726.39,0.3
OI001607,O00638,P068,3,7430.32,0.3
OI001608,O00639,P072,2,3098.66,0.1
OI001609,O00639,P047,2,6217.65,0.15
OI001610,O00639,P004,4,3768.92,0.1
OI001611,O00639,P033,3,2579.49,0.3
OI001612,O00640,P020,2,5123.92,0.0
OI001613,O00640,P023,4,6282.87,0.2
OI001614,O00640,P054,1,5704.38,0.1
OI001615,O00641,P078,2,5006.54,0.0
OI001616,O00641,P076,1,1644.18,0.0
OI001617,O00642,P053,2,2116.53,0.05
OI001618,O00642,P007,2,3880.55,0.3
OI001619,O00642,P025,3,3270.83,0.05
OI001620,O00642,P076,3,1644.18,0.2
OI001621,O00643,P062,1,1993.86,0.05
OI001622,O00644,P074,2,7323.07,0.1
OI001623,O00644,P040,4,5866.02,0.3
OI001624,O00645,P055,3,3905.29,0.15
OI001625,O00645,P074,4,7323.07,0.05
OI001626,O00646,P057,4,3618.93,0.05
OI001627,O00646,P002,4,3793.81,0.1
OI001628,O00647,P005,1,3320.34,0.1
OI001629,O00647,P013,1,1662.63,0.05
OI001630,O00647,P059,4,4842.61,0.05
OI001631,O00647,P049,3,6189.2,0.2
OI001632,O00648,P009,3,4981.98,0.2
OI001633,O00648,P055,3,3905.29,0.1
OI001634,O00648,P039,2,3602.12,0.3
OI001635,O00648,P028,4,6060.07,0.0
OI001636,O00649,P056,4,5689.43,0.15
OI001637,O00649,P011,3,7495.81,0.05
OI001638,O00649,P068,1,7430.32,0.15
OI001639,O00649,P047,2,6217.65,0.15
OI001640,O00650,P055,3,3905.29,0.15
OI001641,O00650,P077,3,1850.78,0.15
OI001642,O00651,P020,4,5123.92,0.2
OI001643,O00651,P025,2,3270.83,0.0
OI001644,O00651,P034,2,5252.02,0.2
OI001645,O00651,P046,3,6490.81,0.05
OI001646,O00652,P078,2,5006.54,0.2
OI001647,O00653,P008,2,5224.68,0.15
OI001648,O00653,P033,2,2579.49,0.1
OI001649,O00654,P021,2,5344.27,0.2
OI001650,O00654,P080,2,5576.76,0.05
OI001651,O00655,P058,3,4600.81,0.0
OI001652,O00655,P022,1,5959.11,0.05
OI001653,O00655,P032,1,6623.25,0.15
OI001654,O00655,P068,4,7430.32,0.05
OI001655,O00656,P017,2,5112.9,0.15
OI001656,O00656,P004,3,3768.92,0.3
OI001657,O00657,P047,4,6217.65,0.1
OI001658,O00658,P021,4,5344.27,0.2
OI001659,O00659,P024,3,6203.92,0.3
OI001660,O00659,P016,1,3833.17,0.2
OI001661,O00660,P068,1,7430.32,0.2
OI001662,O00660,P056,3,5689.43,0.1
OI001663,O00660,P004,2,3768.92,0.0
OI001664,O00660,P048,4,4310.39,0.05
OI001665,O00661,P054,4,5704.38,0.05
OI001666,O00661,P069,4,5592.45,0.0
OI001667,O00661,P055,2,3905.29,0.15
OI001668,O00661,P046,4,6490.81,0.0
OI001669,O00662,P052,1,5599.03,0.2
OI001670,O00663,P078,3,5006.54,0.3
OI001671,O00664,P022,2,5959.11,0.0
OI001672,O00665,P027,3,5678.95,0.2
OI001673,O00666,P005,3,3320.34,0.1
OI001674,O00667,P023,1,6282.87,0.15
OI001675,O00667,P022,2,5959.11,0.3
OI001676,O00667,P029,2,3811.62,0.0
OI001677,O00667,P018,3,3329.63,0.0
OI001678,O00668,P062,4,1993.86,0.3
OI001679,O00668,P038,4,2828.73,0.05
OI001680,O00668,P030,2,6724.47,0.1
OI001681,O00668,P052,3,5599.03,0.15
OI001682,O00669,P053,2,2116.53,0.15
OI001683,O00669,P073,4,6594.36,0.2
OI001684,O00669,P031,1,4921.58,0.15
OI001685,O00669,P041,1,1494.52,0.1
OI001686,O00670,P076,4,1644.18,0.3
OI001687,O00670,P079,4,2345.86,0.3
OI001688,O00670,P056,3,5689.43,0.3
OI001689,O00670,P012,3,3994.33,0.0
OI001690,O00671,P025,4,3270.83,0.2
OI001691,O00671,P072,4,3098.66,0.15
OI001692,O00671,P046,1,6490.81,0.3
OI001693,O00671,P034,1,5252.02,0.05
OI001694,O00672,P058,1,4600.81,0.0
OI001695,O00672,P015,1,7330.81,0.2
OI001696,O00673,P006,2,4253.34,0.15
OI001697,O00673,P063,1,4500.08,0.05
OI001698,O00673,P045,1,5481.6,0.05
OI001699,O00673,P023,4,6282.87,0.05
OI001700,O00674,P018,1,3329.63,0.15
OI001701,O00675,P006,3,4253.34,0.15
OI001702,O00675,P057,1,3618.93,0.05
OI001703,O00675,P013,3,1662.63,0.3
OI001704,O00675,P029,1,3811.62,0.1
OI001705,O00676,P023,2,6282.87,0.3
OI001706,O00676,P035,1,4806.84,0.0
OI001707,O00676,P078,3,5006.54,0.3
OI001708,O00676,P072,4,3098.66,0.2
OI001709,O00677,P035,2,4806.84,0.0
OI001710,O00677,P029,2,3811.62,0.3
OI001711,O00678,P021,4,5344.27,0.2
OI001712,O00678,P023,2,6282.87,0.0
OI001713,O00678,P012,1,3994.33,0.2
OI001714,O00679,P046,2,6490.81,0.0
OI001715,O00679,P040,2,5866.02,0.15
OI001716,O00679,P068,1,7430.32,0.0
OI001717,O00680,P058,1,4600.81,0.2
OI001718,O00680,P042,3,5125.64,0.3
OI001719,O00681,P076,3,1644.18,0.1
OI001720,O00681,P065,1,1521.26,0.3
OI001721,O00681,P040,2,5866.02,0.3
OI001722,O00681,P034,2,5252.02,0.3
OI001723,O00682,P060,3,1760.75,0.3
OI001724,O00682,P079,4,2345.86,0.15
OI001725,O00682,P017,2,5112.9,0.3
OI001726,O00683,P045,4,5481.6,0.3
OI001727,O00684,P008,3,5224.68,0.0
OI001728,O00684,P027,1,5678.95,0.1
OI001729,O00685,P040,1,5866.02,0.05
OI001730,O00685,P011,3,7495.81,0.3
OI001731,O00686,P071,4,3503.29,0.2
OI001732,O00686,P044,1,4748.93,0.2
OI001733,O00686,P077,2,1850.78,0.15
OI001734,O00686,P004,1,3768.92,0.2
OI001735,O00687,P067,2,3139.17,0.3
OI001736,O00687,P012,3,3994.33,0.2
OI001737,O00688,P055,1,3905.29,0.1
OI001738,O00689,P001,3,5060.04,0.05
OI001739,O00690,P015,3,7330.81,0.15
OI001740,O00690,P057,3,3618.93,0.05
OI001741,O00690,P060,3,1760.75,0.05
OI001742,O00691,P009,2,4981.98,0.05
OI001743,O00691,P075,4,6578.23,0.1
OI001744,O00692,P059,4,4842.61,0.15
OI001745,O00692,P071,1,3503.29,0.15
OI001746,O00692,P031,3,4921.58,0.1
OI001747,O00693,P046,4,6490.81,0.05
OI001748,O00694,P001,4,5060.04,0.1
OI001749,O00694,P057,1,3618.93,0.1
OI001750,O00695,P017,3,5112.9,0.3
OI001751,O00695,P067,4,3139.17,0.1
OI001752,O00695,P046,2,6490.81,0.3
OI001753,O00695,P007,4,3880.55,0.05
OI001754,O00696,P079,2,2345.86,0.2
OI001755,O00696,P019,4,3112.57,0.1
OI001756,O00696,P056,2,5689.43,0.2
OI001757,O00697,P056,1,5689.43,0.15
OI001758,O00697,P059,2,4842.61,0.05
OI001759,O00697,P070,4,4988.16,0.2
OI001760,O00697,P062,3,1993.86,0.3
OI001761,O00698,P052,1,5599.03,0.05
OI001762,O00699,P044,3,4748.93,0.2
OI001763,O00700,P030,1,6724.47,0.0
OI001764,O00700,P075,2,6578.23,0.1
OI001765,O00701,P078,4,5006.54,0.05
OI001766,O00701,P003,2,6285.84,0.1
OI001767,O00701,P010,4,7442.3,0.3
OI001768,O00701,P021,1,5344.27,0.1
OI001769,O00702,P001,3,5060.04,0.05
OI001770,O00702,P020,3,5123.92,0.15
OI001771,O00702,P063,2,4500.08,0.0
OI001772,O00702,P042,3,5125.64,0.15
OI001773,O00703,P043,3,6217.67,0.1
OI001774,O00703,P065,1,1521.26,0.0
OI001775,O00703,P010,1,7442.3,0.1
OI001776,O00703,P072,3,3098.66,0.0
OI001777,O00704,P022,4,5959.11,0.3
OI001778,O00705,P004,2,3768.92,0.0
OI001779,O00705,P001,4,5060.04,0.15
OI001780,O00706,P036,4,1918.28,0.05
OI001781,O00706,P019,3,3112.57,0.05
OI001782,O00707,P060,1,1760.75,0.2
OI001783,O00707,P003,2,6285.84,0.0
OI001784,O00708,P021,3,5344.27,0.05
OI001785,O00708,P016,3,3833.17,0.05
OI001786,O00708,P075,4,6578.23,0.3
OI001787,O00708,P067,1,3139.17,0.2
OI001788,O00709,P058,1,4600.81,0.1
OI001789,O00709,P010,2,7442.3,0.2
OI001790,O00709,P019,2,3112.57,0.1
OI001791,O00709,P075,4,6578.23,0.15
OI001792,O00710,P070,2,4988.16,0.1
OI001793,O00710,P016,4,3833.17,0.2
OI001794,O00710,P055,1,3905.29,0.15
OI001795,O00710,P076,4,1644.18,0.1
OI001796,O00711,P072,4,3098.66,0.05
OI001797,O00711,P073,1,6594.36,0.1
OI001798,O00711,P051,2,3109.99,0.15
OI001799,O00711,P002,1,3793.81,0.0
OI001800,O00712,P026,1,5470.33,0.05
OI001801,O00712,P061,2,5698.31,0.05
OI001802,O00713,P055,4,3905.29,0.15
OI001803,O00713,P023,3,6282.87,0.15
OI001804,O00714,P077,3,1850.78,0.15
OI001805,O00714,P020,1,5123.92,0.15
OI001806,O00714,P017,3,5112.9,0.15
OI001807,O00714,P012,3,3994.33,0.3
OI001808,O00715,P050,2,2647.44,0.3
OI001809,O00716,P051,4,3109.99,0.05
OI001810,O00716,P069,2,5592.45,0.1
OI001811,O00717,P045,2,5481.6,0.05
OI001812,O00717,P080,4,5576.76,0.1
OI001813,O00717,P031,2,4921.58,0.2
OI001814,O00718,P043,4,6217.67,0.3
OI001815,O00718,P078,3,5006.54,0.2
OI001816,O00718,P072,1,3098.66,0.15
OI001817,O00718,P053,1,2116.53,0.15
OI001818,O00719,P007,4,3880.55,0.3
OI001819,O00720,P049,2,6189.2,0.1
OI001820,O00720,P019,4,3112.57,0.05
OI001821,O00720,P046,4,6490.81,0.2
OI001822,O00721,P003,4,6285.84,0.1
OI001823,O00721,P043,3,6217.67,0.1
OI001824,O00721,P040,2,5866.02,0.15
OI001825,O00721,P018,2,3329.63,0.2
OI001826,O00722,P054,4,5704.38,0.3
OI001827,O00723,P010,3,7442.3,0.3
OI001828,O00724,P012,2,3994.33,0.1
OI001829,O00724,P070,4,4988.16,0.05
OI001830,O00724,P059,2,4842.61,0.0
OI001831,O00724,P042,1,5125.64,0.3
OI001832,O00725,P073,3,6594.36,0.1
OI001833,O00725,P020,3,5123.92,0.1
OI001834,O00725,P047,4,6217.65,0.15
OI001835,O00725,P055,2,3905.29,0.3
OI001836,O00726,P034,4,5252.02,0.15
OI001837,O00726,P011,1,7495.81,0.05
OI001838,O00726,P078,1,5006.54,0.0
OI001839,O00727,P013,4,1662.63,0.2
OI001840,O00727,P046,4,6490.81,0.05
OI001841,O00727,P067,4,3139.17,0.2
OI001842,O00728,P026,1,5470.33,0.05
OI001843,O00728,P009,2,4981.98,0.0
OI001844,O00729,P054,1,5704.38,0.05
OI001845,O00729,P079,3,2345.86,0.05
OI001846,O00729,P013,3,1662.63,0.3
OI001847,O00729,P002,2,3793.81,0.15
OI001848,O00730,P009,3,4981.98,0.2
OI001849,O00730,P001,4,5060.04,0.1
OI001850,O00730,P069,4,5592.45,0.0
OI001851,O00730,P079,1,2345.86,0.3
OI001852,O00731,P080,2,5576.76,0.1
OI001853,O00732,P076,2,1644.18,0.05
OI001854,O00733,P064,2,4726.39,0.1
OI001855,O00733,P013,1,1662.63,0.0
OI001856,O00734,P031,3,4921.58,0.3
OI001857,O00734,P011,1,7495.81,0.2
OI001858,O00734,P012,4,3994.33,0.05
OI001859,O00735,P060,1,1760.75,0.15
OI001860,O00735,P020,3,5123.92,0.1
OI001861,O00735,P048,1,4310.39,0.0
OI001862,O00736,P064,3,4726.39,0.3
OI001863,O00736,P080,4,5576.76,0.05
OI001864,O00736,P033,3,2579.49,0.2
OI001865,O00736,P075,4,6578.23,0.1
OI001866,O00737,P038,4,2828.73,0.05
OI001867,O00737,P031,3,4921.58,0.1
OI001868,O00737,P013,4,1662.63,0.1
OI001869,O00737,P026,4,5470.33,0.2
OI001870,O00738,P026,2,5470.33,0.1
OI001871,O00738,P042,1,5125.64,0.15
OI001872,O00738,P072,3,3098.66,0.0
OI001873,O00738,P062,3,1993.86,0.05
OI001874,O00739,P033,2,2579.49,0.3
OI001875,O00740,P028,3,6060.07,0.05
OI001876,O00741,P009,2,4981.98,0.2
OI001877,O00741,P058,4,4600.81,0.1
OI001878,O00741,P075,4,6578.23,0.2
OI001879,O00741,P074,1,7323.07,0.05
OI001880,O00742,P009,4,4981.98,0.05
OI001881,O00742,P080,3,5576.76,0.1
OI001882,O00742,P001,4,5060.04,0.2
OI001883,O00742,P028,4,6060.07,0.0
OI001884,O00743,P055,3,3905.29,0.1
OI001885,O00743,P034,1,5252.02,0.3
OI001886,O00744,P024,4,6203.92,0.05
OI001887,O00744,P025,3,3270.83,0.15
OI001888,O00744,P026,2,5470.33,0.3
OI001889,O00744,P069,1,5592.45,0.3
OI001890,O00745,P061,1,5698.31,0.15
OI001891,O00745,P024,4,6203.92,0.0
OI001892,O00745,P035,4,4806.84,0.3
OI001893,O00746,P061,4,5698.31,0.2
OI001894,O00746,P069,1,5592.45,0.15
OI001895,O00747,P061,1,5698.31,0.15
OI001896,O00747,P039,4,3602.12,0.0
OI001897,O00747,P063,3,4500.08,0.15
OI001898,O00748,P018,2,3329.63,0.2
OI001899,O00749,P030,1,6724.47,0.1
OI001900,O00749,P066,2,6217.53,0.2
OI001901,O00750,P013,2,1662.63,0.2
OI001902,O00750,P018,4,3329.63,0.1
OI001903,O00751,P041,3,1494.52,0.0
OI001904,O00751,P017,1,5112.9,0.0
OI001905,O00751,P065,1,1521.26,0.0
OI001906,O00752,P071,3,3503.29,0.05
OI001907,O00752,P033,3,2579.49,0.15
OI001908,O00752,P080,3,5576.76,0.2
OI001909,O00753,P054,4,5704.38,0.0
OI001910,O00754,P002,4,3793.81,0.05
OI001911,O00754,P071,3,3503.29,0.3
OI001912,O00755,P035,2,4806.84,0.15
OI001913,O00755,P039,4,3602.12,0.3
OI001914,O00756,P044,2,4748.93,0.1
OI001915,O00756,P060,2,1760.75,0.15
OI001916,O00756,P010,2,7442.3,0.05
OI001917,O00756,P024,4,6203.92,0.1
OI001918,O00757,P051,1,3109.99,0.2
OI001919,O00757,P044,1,4748.93,0.3
OI001920,O00758,P032,3,6623.25,0.1
OI001921,O00758,P033,1,2579.49,0.15
OI001922,O00759,P068,3,7430.32,0.05
OI001923,O00759,P009,2,4981.98,0.1
OI001924,O00760,P078,2,5006.54,0.15
OI001925,O00761,P046,1,6490.81,0.1
OI001926,O00761,P047,2,6217.65,0.1
OI001927,O00761,P034,1,5252.02,0.2
OI001928,O00762,P005,3,3320.34,0.15
OI001929,O00762,P001,3,5060.04,0.2
OI001930,O00763,P035,3,4806.84,0.15
OI001931,O00763,P076,3,1644.18,0.3
OI001932,O00763,P070,3,4988.16,0.3
OI001933,O00763,P063,4,4500.08,0.2
OI001934,O00764,P015,4,7330.81,0.3
OI001935,O00764,P024,3,6203.92,0.2
OI001936,O00765,P029,2,3811.62,0.0
OI001937,O00765,P053,2,2116.53,0.2
OI001938,O00765,P011,3,7495.81,0.3
OI001939,O00765,P040,4,5866.02,0.3
OI001940,O00766,P027,1,5678.95,0.0
OI001941,O00767,P023,1,6282.87,0.3
OI001942,O00768,P079,2,2345.86,0.15
OI001943,O00768,P078,3,5006.54,0.2
OI001944,O00768,P052,3,5599.03,0.05
OI001945,O00769,P046,1,6490.81,0.0
OI001946,O00769,P048,2,4310.39,0.3
OI001947,O00769,P076,2,1644.18,0.15
OI001948,O00770,P059,2,4842.61,0.3
OI001949,O00770,P062,1,1993.86,0.05
OI001950,O00770,P023,3,6282.87,0.2
OI001951,O00770,P051,3,3109.99,0.05
OI001952,O00771,P026,2,5470.33,0.1
OI001953,O00772,P067,2,3139.17,0.0
OI001954,O00772,P002,2,3793.81,0.2
OI001955,O00772,P011,4,7495.81,0.3
OI001956,O00772,P061,3,5698.31,0.0
OI001957,O00773,P077,2,1850.78,0.3
OI001958,O00773,P041,2,1494.52,0.3
OI001959,O00773,P021,3,5344.27,0.15
OI001960,O00773,P012,3,3994.33,0.15
OI001961,O00774,P074,2,7323.07,0.15
OI001962,O00775,P068,3,7430.32,0.15
OI001963,O00775,P029,1,3811.62,0.1
OI001964,O00775,P052,1,5599.03,0.15
OI001965,O00776,P060,1,1760.75,0.2
OI001966,O00776,P029,4,3811.62,0.1
OI001967,O00776,P041,4,1494.52,0.0
OI001968,O00777,P023,2,6282.87,0.05
OI001969,O00778,P037,4,3125.99,0.2
OI001970,O00778,P036,1,1918.28,0.0
OI001971,O00778,P062,4,1993.86,0.05
OI001972,O00779,P065,3,1521.26,0.3
OI001973,O00779,P045,3,5481.6,0.3
OI001974,O00779,P063,4,4500.08,0.0
OI001975,O00780,P064,2,4726.39,0.05
OI001976,O00780,P010,3,7442.3,0.3
OI001977,O00781,P032,1,6623.25,0.0
OI001978,O00781,P072,1,3098.66,0.3
OI001979,O00781,P001,1,5060.04,0.15
OI001980,O00781,P071,2,3503.29,0.0
OI001981,O00782,P064,2,4726.39,0.2
OI001982,O00782,P067,2,3139.17,0.05
OI001983,O00782,P062,2,1993.86,0.15
OI001984,O00782,P002,3,3793.81,0.05
OI001985,O00783,P076,3,1644.18,0.3
OI001986,O00784,P023,4,6282.87,0.15
OI001987,O00784,P080,2,5576.76,0.3
OI001988,O00785,P031,1,4921.58,0.0
OI001989,O00785,P045,4,5481.6,0.15
OI001990,O00785,P001,1,5060.04,0.0
OI001991,O00786,P020,3,5123.92,0.3
OI001992,O00786,P049,2,6189.2,0.1
OI001993,O00787,P011,1,7495.81,0.2
OI001994,O00787,P005,1,3320.34,0.2
OI001995,O00788,P048,4,4310.39,0.05
OI001996,O00788,P058,4,4600.81,0.3
OI001997,O00788,P057,1,3618.93,0.2
OI001998,O00788,P021,3,5344.27,0.05
OI001999,O00789,P020,1,5123.92,0.05
OI002000,O00789,P075,3,6578.23,0.0
OI002001,O00789,P060,2,1760.75,0.05
OI002002,O00789,P009,4,4981.98,0.3
OI002003,O00790,P027,4,5678.95,0.2
OI002004,O00790,P042,3,5125.64,0.15
OI002005,O00790,P069,2,5592.45,0.15
OI002006,O00790,P040,2,5866.02,0.15
OI002007,O00791,P064,1,4726.39,0.2
OI002008,O00791,P046,4,6490.81,0.0
OI002009,O00792,P054,2,5704.38,0.05
OI002010,O00792,P070,4,4988.16,0.3
OI002011,O00793,P035,3,4806.84,0.1
OI002012,O00793,P020,2,5123.92,0.1
OI002013,O00793,P024,3,6203.92,0.3
OI002014,O00793,P077,4,1850.78,0.1
OI002015,O00794,P054,4,5704.38,0.2
OI002016,O00794,P016,3,3833.17,0.1
OI002017,O00794,P029,2,3811.62,0.3
OI002018,O00794,P063,1,4500.08,0.15
OI002019,O00795,P021,1,5344.27,0.0
OI002020,O00795,P051,2,3109.99,0.15
OI002021,O00795,P002,1,3793.81,0.1
OI002022,O00796,P025,3,3270.83,0.3
OI002023,O00796,P043,3,6217.67,0.1
OI002024,O00797,P019,3,3112.57,0.1
OI002025,O00797,P012,4,3994.33,0.15
OI002026,O00798,P042,3,5125.64,0.0
OI002027,O00799,P029,1,3811.62,0.0
OI002028,O00799,P069,2,5592.45,0.2
OI002029,O00800,P053,4,2116.53,0.15
OI002030,O00800,P052,4,5599.03,0.0
OI002031,O00800,P051,1,3109.99,0.05
OI002032,O00800,P065,2,1521.26,0.3
OI002033,O00801,P052,4,5599.03,0.05
OI002034,O00801,P053,1,2116.53,0.2
OI002035,O00802,P069,1,5592.45,0.2
OI002036,O00802,P013,3,1662.63,0.15
OI002037,O00802,P021,4,5344.27,0.0
OI002038,O00803,P009,2,4981.98,0.2
OI002039,O00803,P076,4,1644.18,0.05
OI002040,O00803,P051,4,3109.99,0.2
OI002041,O00804,P075,1,6578.23,0.15
OI002042,O00805,P016,3,3833.17,0.2
OI002043,O00806,P065,3,1521.26,0.3
OI002044,O00806,P027,2,5678.95,0.1
OI002045,O00806,P004,4,3768.92,0.3
OI002046,O00807,P041,2,1494.52,0.15
OI002047,O00808,P001,2,5060.04,0.0
OI002048,O00808,P074,1,7323.07,0.1
OI002049,O00809,P032,1,6623.25,0.0
OI002050,O00809,P059,1,4842.61,0.05
OI002051,O00809,P021,3,5344.27,0.3
OI002052,O00810,P005,1,3320.34,0.05
OI002053,O00811,P026,4,5470.33,0.1
OI002054,O00812,P020,1,5123.92,0.15
OI002055,O00812,P054,2,5704.38,0.05
OI002056,O00812,P011,3,7495.81,0.3
OI002057,O00813,P018,1,3329.63,0.05
OI002058,O00813,P010,3,7442.3,0.1
OI002059,O00813,P076,1,1644.18,0.15
OI002060,O00813,P033,4,2579.49,0.1
OI002061,O00814,P031,4,4921.58,0.3
OI002062,O00814,P022,2,5959.11,0.3
OI002063,O00815,P006,2,4253.34,0.15
OI002064,O00815,P052,1,5599.03,0.3
OI002065,O00815,P034,1,5252.02,0.0
OI002066,O00815,P039,1,3602.12,0.1
OI002067,O00816,P015,2,7330.81,0.2
OI002068,O00816,P077,1,1850.78,0.2
OI002069,O00816,P036,1,1918.28,0.2
OI002070,O00817,P016,3,3833.17,0.2
OI002071,O00817,P055,2,3905.29,0.3
OI002072,O00817,P053,2,2116.53,0.05
OI002073,O00817,P060,3,1760.75,0.0
OI002074,O00818,P080,1,5576.76,0.0
OI002075,O00818,P062,1,1993.86,0.2
OI002076,O00819,P045,1,5481.6,0.2
OI002077,O00819,P016,3,3833.17,0.1
OI002078,O00819,P026,1,5470.33,0.0
OI002079,O00819,P039,2,3602.12,0.1
OI002080,O00820,P010,1,7442.3,0.15
OI002081,O00820,P013,2,1662.63,0.05
OI002082,O00820,P019,3,3112.57,0.1
OI002083,O00821,P012,3,3994.33,0.0
OI002084,O00821,P038,3,2828.73,0.0
OI002085,O00822,P003,2,6285.84,0.0
OI002086,O00822,P029,2,3811.62,0.2
OI002087,O00822,P014,1,5526.86,0.2
OI002088,O00823,P056,2,5689.43,0.05
OI002089,O00823,P001,3,5060.04,0.0
OI002090,O00824,P043,4,6217.67,0.0
OI002091,O00825,P024,4,6203.92,0.2
OI002092,O00825,P064,2,4726.39,0.2
OI002093,O00826,P040,3,5866.02,0.1
OI002094,O00826,P035,1,4806.84,0.0
OI002095,O00826,P075,4,6578.23,0.1
OI002096,O00827,P018,1,3329.63,0.15
OI002097,O00828,P030,1,6724.47,0.05
OI002098,O00828,P059,4,4842.61,0.15
OI002099,O00828,P039,4,3602.12,0.1
OI002100,O00829,P063,4,4500.08,0.15
OI002101,O00830,P001,3,5060.04,0.05
OI002102,O00830,P059,3,4842.61,0.2
OI002103,O00831,P044,1,4748.93,0.2
OI002104,O00831,P058,4,4600.81,0.15
OI002105,O00831,P056,3,5689.43,0.2
OI002106,O00831,P032,2,6623.25,0.1
OI002107,O00832,P017,1,5112.9,0.05
OI002108,O00832,P027,2,5678.95,0.0
OI002109,O00832,P066,1,6217.53,0.1
OI002110,O00832,P061,1,5698.31,0.05
OI002111,O00833,P009,4,4981.98,0.1
OI002112,O00833,P066,3,6217.53,0.1
OI002113,O00833,P046,1,6490.81,0.2
OI002114,O00833,P002,4,3793.81,0.3
OI002115,O00834,P046,3,6490.81,0.0
OI002116,O00835,P008,1,5224.68,0.2
OI002117,O00835,P045,1,5481.6,0.05
OI002118,O00835,P021,3,5344.27,0.1
OI002119,O00835,P077,1,1850.78,0.2
OI002120,O00836,P002,2,3793.81,0.15
OI002121,O00836,P069,2,5592.45,0.0
OI002122,O00837,P075,1,6578.23,0.05
OI002123,O00837,P021,1,5344.27,0.15
OI002124,O00837,P011,1,7495.81,0.15
OI002125,O00838,P026,4,5470.33,0.3
OI002126,O00838,P069,1,5592.45,0.3
OI002127,O00839,P027,3,5678.95,0.2
OI002128,O00840,P048,3,4310.39,0.15
OI002129,O00840,P044,2,4748.93,0.0
OI002130,O00840,P030,2,6724.47,0.1
OI002131,O00841,P015,4,7330.81,0.05
OI002132,O00842,P010,1,7442.3,0.15
OI002133,O00842,P017,4,5112.9,0.0
OI002134,O00842,P077,1,1850.78,0.2
OI002135,O00843,P072,4,3098.66,0.2
OI002136,O00843,P075,2,6578.23,0.3
OI002137,O00844,P047,3,6217.65,0.3
OI002138,O00844,P001,2,5060.04,0.05
OI002139,O00845,P064,3,4726.39,0.3
OI002140,O00845,P044,1,4748.93,0.1
OI002141,O00845,P068,1,7430.32,0.1
OI002142,O00846,P050,1,2647.44,0.2
OI002143,O00846,P079,3,2345.86,0.3
OI002144,O00846,P059,3,4842.61,0.05
OI002145,O00846,P080,3,5576.76,0.3
OI002146,O00847,P006,3,4253.34,0.15
OI002147,O00848,P046,2,6490.81,0.0
OI002148,O00848,P008,3,5224.68,0.15
OI002149,O00848,P080,2,5576.76,0.2
OI002150,O00849,P055,2,3905.29,0.0
OI002151,O00849,P002,4,3793.81,0.15
OI002152,O00849,P045,2,5481.6,0.2
OI002153,O00849,P014,1,5526.86,0.15
OI002154,O00850,P064,1,4726.39,0.3
OI002155,O00850,P018,2,3329.63,0.1
OI002156,O00850,P048,1,4310.39,0.0
OI002157,O00851,P011,2,7495.81,0.15
OI002158,O00851,P059,3,4842.61,0.05
OI002159,O00852,P070,4,4988.16,0.05
OI002160,O00852,P001,2,5060.04,0.05
OI002161,O00853,P017,2,5112.9,0.15
OI002162,O00853,P063,1,4500.08,0.0
OI002163,O00853,P031,3,4921.58,0.1
OI002164,O00854,P068,2,7430.32,0.1
OI002165,O00854,P008,2,5224.68,0.15
OI002166,O00855,P070,2,4988.16,0.0
OI002167,O00855,P013,4,1662.63,0.05
OI002168,O00855,P023,4,6282.87,0.3
OI002169,O00855,P043,1,6217.67,0.2
OI002170,O00856,P040,2,5866.02,0.3
OI002171,O00856,P028,4,6060.07,0.15
OI002172,O00856,P014,1,5526.86,0.0
OI002173,O00857,P040,4,5866.02,0.0
OI002174,O00858,P004,3,3768.92,0.0
OI002175,O00858,P021,2,5344.27,0.2
OI002176,O00858,P048,1,4310.39,0.2
OI002177,O00859,P018,3,3329.63,0.0
OI002178,O00859,P020,3,5123.92,0.05
OI002179,O00859,P059,3,4842.61,0.05
OI002180,O00860,P007,1,3880.55,0.2
OI002181,O00860,P014,3,5526.86,0.1
OI002182,O00860,P068,2,7430.32,0.3
OI002183,O00860,P025,3,3270.83,0.05
OI002184,O00861,P070,4,4988.16,0.1
OI002185,O00861,P032,2,6623.25,0.15
OI002186,O00861,P065,2,1521.26,0.15
OI002187,O00861,P007,3,3880.55,0.1
OI002188,O00862,P076,1,1644.18,0.3
OI002189,O00862,P034,4,5252.02,0.2
OI002190,O00862,P057,2,3618.93,0.1
OI002191,O00862,P021,3,5344.27,0.2
OI002192,O00863,P006,3,4253.34,0.1
OI002193,O00863,P001,3,5060.04,0.1
OI002194,O00864,P060,4,1760.75,0.1
OI002195,O00864,P058,3,4600.81,0.1
OI002196,O00865,P002,3,3793.81,0.2
OI002197,O00865,P023,2,6282.87,0.3
OI002198,O00865,P066,4,6217.53,0.05
OI002199,O00865,P048,4,4310.39,0.0
OI002200,O00866,P075,1,6578.23,0.0
OI002201,O00866,P035,2,4806.84,0.0
OI002202,O00866,P024,2,6203.92,0.2
OI002203,O00867,P076,2,1644.18,0.1
OI002204,O00867,P039,2,3602.12,0.0
OI002205,O00867,P055,1,3905.29,0.05
OI002206,O00867,P061,1,5698.31,0.15
OI002207,O00868,P027,3,5678.95,0.1
OI002208,O00868,P015,3,7330.81,0.1
OI002209,O00869,P054,4,5704.38,0.15
OI002210,O00870,P050,4,2647.44,0.1
OI002211,O00870,P001,2,5060.04,0.2
OI002212,O00870,P051,2,3109.99,0.15
OI002213,O00871,P029,2,3811.62,0.05
OI002214,O00871,P013,3,1662.63,0.3
OI002215,O00871,P014,4,5526.86,0.15
OI002216,O00872,P080,4,5576.76,0.2
OI002217,O00872,P069,4,5592.45,0.0
OI002218,O00873,P024,4,6203.92,0.0
OI002219,O00874,P003,1,6285.84,0.3
OI002220,O00875,P056,4,5689.43,0.15
OI002221,O00875,P024,2,6203.92,0.15
OI002222,O00875,P051,4,3109.99,0.2
OI002223,O00876,P048,3,4310.39,0.05
OI002224,O00876,P079,4,2345.86,0.3
OI002225,O00877,P003,1,6285.84,0.1
OI002226,O00878,P071,4,3503.29,0.05
OI002227,O00879,P011,1,7495.81,0.3
OI002228,O00879,P004,2,3768.92,0.1
OI002229,O00879,P029,1,3811.62,0.3
OI002230,O00879,P062,4,1993.86,0.15
OI002231,O00880,P012,2,3994.33,0.0
OI002232,O00880,P020,3,5123.92,0.0
OI002233,O00880,P069,4,5592.45,0.2
OI002234,O00881,P070,3,4988.16,0.1
OI002235,O00881,P010,4,7442.3,0.2
OI002236,O00881,P068,1,7430.32,0.3
OI002237,O00881,P044,1,4748.93,0.05
OI002238,O00882,P078,1,5006.54,0.3
OI002239,O00883,P053,1,2116.53,0.1
OI002240,O00884,P066,2,6217.53,0.3
OI002241,O00884,P056,3,5689.43,0.3
OI002242,O00884,P069,2,5592.45,0.1
OI002243,O00885,P042,4,5125.64,0.0
OI002244,O00885,P016,3,3833.17,0.0
OI002245,O00885,P056,2,5689.43,0.1
OI002246,O00885,P018,3,3329.63,0.3
OI002247,O00886,P032,2,6623.25,0.1
OI002248,O00886,P008,1,5224.68,0.05
OI002249,O00887,P026,2,5470.33,0.0
OI002250,O00887,P071,4,3503.29,0.0
OI002251,O00887,P045,1,5481.6,0.0
OI002252,O00888,P056,1,5689.43,0.0
OI002253,O00888,P049,2,6189.2,0.05
OI002254,O00888,P029,1,3811.62,0.1
OI002255,O00889,P053,2,2116.53,0.0
OI002256,O00889,P079,2,2345.86,0.15
OI002257,O00890,P074,3,7323.07,0.2
OI002258,O00891,P067,3,3139.17,0.15
OI002259,O00891,P030,1,6724.47,0.3
OI002260,O00892,P003,2,6285.84,0.3
OI002261,O00893,P073,2,6594.36,0.05
OI002262,O00893,P040,2,5866.02,0.15
OI002263,O00893,P066,2,6217.53,0.1
OI002264,O00893,P044,2,4748.93,0.15
OI002265,O00894,P028,1,6060.07,0.05
OI002266,O00894,P053,3,2116.53,0.15
OI002267,O00894,P012,1,3994.33,0.2
OI002268,O00895,P060,3,1760.75,0.0
OI002269,O00896,P065,3,1521.26,0.0
OI002270,O00896,P035,4,4806.84,0.1
OI002271,O00897,P046,4,6490.81,0.0
OI002272,O00897,P069,1,5592.45,0.0
OI002273,O00897,P029,3,3811.62,0.05
OI002274,O00897,P036,3,1918.28,0.2
OI002275,O00898,P043,3,6217.67,0.1
OI002276,O00899,P003,1,6285.84,0.05
OI002277,O00899,P031,4,4921.58,0.15
OI002278,O00899,P043,4,6217.67,0.1
OI002279,O00899,P051,1,3109.99,0.1
OI002280,O00900,P045,2,5481.6,0.3
OI002281,O00901,P025,1,3270.83,0.1
OI002282,O00901,P079,2,2345.86,0.2
OI002283,O00902,P059,3,4842.61,0.1
OI002284,O00902,P057,2,3618.93,0.2
OI002285,O00902,P075,4,6578.23,0.1
OI002286,O00903,P001,4,5060.04,0.1
OI002287,O00903,P077,1,1850.78,0.1
OI002288,O00903,P030,2,6724.47,0.3
OI002289,O00904,P013,1,1662.63,0.15
OI002290,O00905,P049,4,6189.2,0.3
OI002291,O00905,P064,4,4726.39,0.1
OI002292,O00905,P048,1,4310.39,0.3
OI002293,O00905,P068,2,7430.32,0.3
OI002294,O00906,P049,1,6189.2,0.15
OI002295,O00906,P021,1,5344.27,0.0
OI002296,O00906,P029,1,3811.62,0.2
OI002297,O00907,P034,1,5252.02,0.15
OI002298,O00908,P003,2,6285.84,0.2
OI002299,O00909,P040,4,5866.02,0.15
OI002300,O00910,P012,3,3994.33,0.05
OI002301,O00910,P049,1,6189.2,0.2
OI002302,O00910,P025,3,3270.83,0.0
OI002303,O00910,P074,4,7323.07,0.2
OI002304,O00911,P022,1,5959.11,0.1
OI002305,O00911,P019,1,3112.57,0.0
OI002306,O00912,P028,2,6060.07,0.1
OI002307,O00913,P016,1,3833.17,0.3
OI002308,O00913,P041,3,1494.52,0.1
OI002309,O00913,P078,1,5006.54,0.0
OI002310,O00914,P017,1,5112.9,0.05
OI002311,O00914,P019,4,3112.57,0.3
OI002312,O00915,P055,4,3905.29,0.15
OI002313,O00916,P018,4,3329.63,0.15
OI002314,O00916,P039,2,3602.12,0.0
OI002315,O00917,P023,2,6282.87,0.0
OI002316,O00917,P024,2,6203.92,0.0
OI002317,O00917,P057,2,3618.93,0.3
OI002318,O00917,P013,4,1662.63,0.3
OI002319,O00918,P040,1,5866.02,0.1
OI002320,O00919,P003,3,6285.84,0.0
OI002321,O00919,P061,3,5698.31,0.1
OI002322,O00919,P027,3,5678.95,0.3
OI002323,O00920,P061,1,5698.31,0.3
OI002324,O00921,P059,2,4842.61,0.2
OI002325,O00921,P063,2,4500.08,0.15
OI002326,O00922,P037,3,3125.99,0.05
OI002327,O00922,P010,3,7442.3,0.1
OI002328,O00922,P024,1,6203.92,0.0
OI002329,O00923,P023,2,6282.87,0.05
OI002330,O00923,P045,3,5481.6,0.1
OI002331,O00924,P013,3,1662.63,0.1
OI002332,O00924,P044,2,4748.93,0.1
OI002333,O00925,P003,4,6285.84,0.3
OI002334,O00926,P033,1,2579.49,0.3
OI002335,O00926,P073,4,6594.36,0.1
OI002336,O00926,P021,3,5344.27,0.0
OI002337,O00926,P049,2,6189.2,0.0
OI002338,O00927,P001,4,5060.04,0.2
OI002339,O00928,P078,1,5006.54,0.3
OI002340,O00928,P076,4,1644.18,0.05
OI002341,O00928,P079,1,2345.86,0.1
OI002342,O00928,P002,1,3793.81,0.2
OI002343,O00929,P004,4,3768.92,0.3
OI002344,O00929,P079,1,2345.86,0.2
OI002345,O00930,P075,4,6578.23,0.15
OI002346,O00930,P031,4,4921.58,0.3
OI002347,O00930,P021,4,5344.27,0.0
OI002348,O00930,P061,1,5698.31,0.05
OI002349,O00931,P029,1,3811.62,0.2
OI002350,O00931,P018,3,3329.63,0.3
OI002351,O00932,P024,4,6203.92,0.1
OI002352,O00933,P061,1,5698.31,0.15
OI002353,O00933,P003,2,6285.84,0.1
OI002354,O00933,P021,4,5344.27,0.1
OI002355,O00934,P050,1,2647.44,0.05
OI002356,O00934,P014,1,5526.86,0.1
OI002357,O00935,P063,1,4500.08,0.05
OI002358,O00935,P071,2,3503.29,0.15
OI002359,O00935,P055,1,3905.29,0.3
OI002360,O00936,P049,2,6189.2,0.3
OI002361,O00936,P031,2,4921.58,0.0
OI002362,O00937,P069,1,5592.45,0.2
OI002363,O00937,P056,1,5689.43,0.1
OI002364,O00937,P018,3,3329.63,0.3
OI002365,O00938,P072,2,3098.66,0.0
OI002366,O00938,P025,3,3270.83,0.2
OI002367,O00939,P008,3,5224.68,0.3
OI002368,O00939,P057,1,3618.93,0.0
OI002369,O00939,P071,2,3503.29,0.05
OI002370,O00939,P050,4,2647.44,0.3
OI002371,O00940,P080,1,5576.76,0.05
OI002372,O00940,P075,1,6578.23,0.1
OI002373,O00940,P019,1,3112.57,0.0
OI002374,O00941,P006,1,4253.34,0.0
OI002375,O00941,P069,4,5592.45,0.1
OI002376,O00941,P045,1,5481.6,0.3
OI002377,O00942,P079,4,2345.86,0.0
OI002378,O00942,P018,3,3329.63,0.3
OI002379,O00942,P007,1,3880.55,0.15
OI002380,O00942,P055,3,3905.29,0.0
OI002381,O00943,P070,1,4988.16,0.05
OI002382,O00943,P063,4,4500.08,0.15
OI002383,O00944,P063,3,4500.08,0.3
OI002384,O00944,P002,3,3793.81,0.3
OI002385,O00945,P073,3,6594.36,0.15
OI002386,O00945,P027,1,5678.95,0.05
OI002387,O00945,P052,4,5599.03,0.15
OI002388,O00946,P017,4,5112.9,0.2
OI002389,O00946,P014,1,5526.86,0.0
OI002390,O00946,P075,1,6578.23,0.2
OI002391,O00946,P034,1,5252.02,0.05
OI002392,O00947,P011,4,7495.81,0.1
OI002393,O00947,P027,3,5678.95,0.15
OI002394,O00948,P077,3,1850.78,0.0
OI002395,O00948,P042,4,5125.64,0.15
OI002396,O00949,P050,2,2647.44,0.0
OI002397,O00950,P031,2,4921.58,0.1
OI002398,O00950,P002,4,3793.81,0.15
OI002399,O00950,P030,1,6724.47,0.15
OI002400,O00950,P049,3,6189.2,0.05
OI002401,O00951,P005,4,3320.34,0.0
OI002402,O00952,P066,1,6217.53,0.15
OI002403,O00952,P028,1,6060.07,0.1
OI002404,O00952,P017,2,5112.9,0.3
OI002405,O00953,P054,3,5704.38,0.1
OI002406,O00953,P002,3,3793.81,0.2
OI002407,O00953,P058,1,4600.81,0.2
OI002408,O00953,P006,1,4253.34,0.05
OI002409,O00954,P006,3,4253.34,0.05
OI002410,O00954,P076,1,1644.18,0.1
OI002411,O00954,P046,1,6490.81,0.15
OI002412,O00954,P052,3,5599.03,0.15
OI002413,O00955,P062,1,1993.86,0.05
OI002414,O00956,P056,4,5689.43,0.2
OI002415,O00956,P033,1,2579.49,0.2
OI002416,O00957,P072,4,3098.66,0.0
OI002417,O00958,P056,1,5689.43,0.3
OI002418,O00959,P045,1,5481.6,0.05
OI002419,O00959,P018,1,3329.63,0.1
OI002420,O00959,P068,1,7430.32,0.05
OI002421,O00960,P036,1,1918.28,0.1
OI002422,O00960,P034,3,5252.02,0.15
OI002423,O00960,P078,4,5006.54,0.3
OI002424,O00960,P028,2,6060.07,0.2
OI002425,O00961,P020,4,5123.92,0.0
OI002426,O00962,P050,2,2647.44,0.15
OI002427,O00962,P034,1,5252.02,0.05
OI002428,O00963,P060,1,1760.75,0.2
OI002429,O00964,P045,1,5481.6,0.2
OI002430,O00964,P070,4,4988.16,0.2
OI002431,O00965,P054,3,5704.38,0.15
OI002432,O00966,P053,4,2116.53,0.2
OI002433,O00966,P042,2,5125.64,0.15
OI002434,O00967,P038,3,2828.73,0.1
OI002435,O00967,P056,3,5689.43,0.1
OI002436,O00967,P031,1,4921.58,0.05
OI002437,O00967,P011,3,7495.81,0.3
OI002438,O00968,P068,4,7430.32,0.1
OI002439,O00968,P063,2,4500.08,0.2
OI002440,O00969,P035,2,4806.84,0.0
OI002441,O00969,P079,2,2345.86,0.15
OI002442,O00969,P042,2,5125.64,0.05
OI002443,O00970,P048,3,4310.39,0.0
OI002444,O00970,P077,1,1850.78,0.1
OI002445,O00971,P056,2,5689.43,0.3
OI002446,O00972,P058,4,4600.81,0.15
OI002447,O00972,P040,3,5866.02,0.1
OI002448,O00973,P060,2,1760.75,0.15
OI002449,O00973,P044,3,4748.93,0.05
OI002450,O00973,P073,1,6594.36,0.15
OI002451,O00973,P015,1,7330.81,0.3
OI002452,O00974,P056,2,5689.43,0.05
OI002453,O00974,P024,1,6203.92,0.15
OI002454,O00974,P032,3,6623.25,0.15
OI002455,O00975,P031,1,4921.58,0.3
OI002456,O00975,P020,2,5123.92,0.05
OI002457,O00976,P054,1,5704.38,0.0
OI002458,O00976,P037,3,3125.99,0.05
OI002459,O00976,P063,1,4500.08,0.05
OI002460,O00977,P077,1,1850.78,0.05
OI002461,O00977,P046,1,6490.81,0.0
OI002462,O00977,P030,2,6724.47,0.3
OI002463,O00977,P031,1,4921.58,0.05
OI002464,O00978,P075,3,6578.23,0.2
OI002465,O00978,P016,4,3833.17,0.0
OI002466,O00978,P065,1,1521.26,0.0
OI002467,O00978,P050,4,2647.44,0.0
OI002468,O00979,P029,3,3811.62,0.05
OI002469,O00979,P023,4,6282.87,0.2
OI002470,O00979,P058,4,4600.81,0.3
OI002471,O00979,P078,3,5006.54,0.1
OI002472,O00980,P010,4,7442.3,0.15
OI002473,O00980,P077,1,1850.78,0.15
OI002474,O00980,P049,1,6189.2,0.3
OI002475,O00980,P051,4,3109.99,0.3
OI002476,O00981,P076,2,1644.18,0.15
OI002477,O00981,P034,3,5252.02,0.0
OI002478,O00981,P031,1,4921.58,0.0
OI002479,O00982,P009,2,4981.98,0.2
OI002480,O00982,P006,3,4253.34,0.15
OI002481,O00982,P048,3,4310.39,0.15
OI002482,O00982,P062,1,1993.86,0.05
OI002483,O00983,P068,2,7430.32,0.2
OI002484,O00983,P045,1,5481.6,0.0
OI002485,O00983,P037,1,3125.99,0.15
OI002486,O00983,P050,1,2647.44,0.1
OI002487,O00984,P021,1,5344.27,0.2
OI002488,O00985,P014,4,5526.86,0.3
OI002489,O00985,P043,2,6217.67,0.1
OI002490,O00986,P074,4,7323.07,0.3
OI002491,O00986,P025,4,3270.83,0.15
OI002492,O00987,P077,1,1850.78,0.15
OI002493,O00987,P064,1,4726.39,0.0
OI002494,O00987,P041,3,1494.52,0.2
OI002495,O00987,P003,1,6285.84,0.05
OI002496,O00988,P043,2,6217.67,0.3
OI002497,O00988,P001,2,5060.04,0.1
OI002498,O00989,P074,4,7323.07,0.1
OI002499,O00990,P024,1,6203.92,0.2
OI002500,O00990,P068,1,7430.32,0.0
OI002501,O00991,P079,4,2345.86,0.3
OI002502,O00992,P035,1,4806.84,0.15
OI002503,O00992,P040,1,5866.02,0.05
OI002504,O00993,P054,2,5704.38,0.15
OI002505,O00993,P072,3,3098.66,0.0
OI002506,O00994,P019,3,3112.57,0.0
OI002507,O00994,P014,1,5526.86,0.0
OI002508,O00994,P071,3,3503.29,0.1
OI002509,O00994,P010,2,7442.3,0.15
OI002510,O00995,P042,2,5125.64,0.2
OI002511,O00996,P012,2,3994.33,0.15
OI002512,O00996,P053,4,2116.53,0.15
OI002513,O00996,P017,4,5112.9,0.15
OI002514,O00997,P020,2,5123.92,0.0
OI002515,O00997,P054,1,5704.38,0.15
OI002516,O00998,P053,2,2116.53,0.2
OI002517,O00998,P010,3,7442.3,0.0
OI002518,O00998,P002,1,3793.81,0.15
OI002519,O00999,P055,3,3905.29,0.0
OI002520,O00999,P012,1,3994.33,0.2
OI002521,O00999,P013,1,1662.63,0.0
OI002522,O01000,P018,1,3329.63,0.05
OI002523,O01000,P066,1,6217.53,0.15
OI002524,O01000,P041,4,1494.52,0.2
OI002525,O01000,P080,4,5576.76,0.0
OI002526,O01001,P008,4,5224.68,0.1
OI002527,O01001,P036,1,1918.28,0.1
OI002528,O01001,P056,1,5689.43,0.05
OI002529,O01001,P009,4,4981.98,0.1
OI002530,O01002,P080,4,5576.76,0.05
OI002531,O01002,P044,1,4748.93,0.2
OI002532,O01002,P057,4,3618.93,0.1
OI002533,O01003,P036,3,1918.28,0.3
OI002534,O01003,P045,1,5481.6,0.1
OI002535,O01003,P015,3,7330.81,0.3
OI002536,O01003,P075,1,6578.23,0.2
OI002537,O01004,P034,1,5252.02,0.0
OI002538,O01004,P019,3,3112.57,0.0
OI002539,O01004,P024,1,6203.92,0.15
OI002540,O01004,P049,4,6189.2,0.2
OI002541,O01005,P014,3,5526.86,0.2
OI002542,O01006,P076,3,1644.18,0.2
OI002543,O01006,P072,1,3098.66,0.2
OI002544,O01007,P018,4,3329.63,0.2
OI002545,O01007,P029,3,3811.62,0.3
OI002546,O01007,P002,3,3793.81,0.05
OI002547,O01007,P022,3,5959.11,0.05
OI002548,O01008,P026,4,5470.33,0.15
OI002549,O01008,P051,3,3109.99,0.2
OI002550,O01009,P048,1,4310.39,0.0
OI002551,O01009,P063,4,4500.08,0.3
OI002552,O01009,P024,4,6203.92,0.0
OI002553,O01010,P040,1,5866.02,0.05
OI002554,O01010,P041,1,1494.52,0.1
OI002555,O01010,P067,1,3139.17,0.3
OI002556,O01010,P060,4,1760.75,0.2
OI002557,O01011,P013,1,1662.63,0.3
OI002558,O01011,P041,2,1494.52,0.2
OI002559,O01012,P035,2,4806.84,0.0
OI002560,O01013,P032,2,6623.25,0.2
OI002561,O01013,P073,3,6594.36,0.05
OI002562,O01013,P043,2,6217.67,0.3
OI002563,O01014,P060,4,1760.75,0.3
OI002564,O01014,P068,2,7430.32,0.3
OI002565,O01014,P006,4,4253.34,0.3
OI002566,O01015,P022,3,5959.11,0.15
OI002567,O01015,P078,1,5006.54,0.1
OI002568,O01015,P018,3,3329.63,0.0
OI002569,O01016,P048,1,4310.39,0.2
OI002570,O01017,P010,3,7442.3,0.15
OI002571,O01017,P032,2,6623.25,0.0
OI002572,O01018,P071,2,3503.29,0.3
OI002573,O01018,P049,3,6189.2,0.3
OI002574,O01018,P023,2,6282.87,0.0
OI002575,O01018,P074,1,7323.07,0.0
OI002576,O01019,P036,1,1918.28,0.05
OI002577,O01020,P054,4,5704.38,0.15
OI002578,O01020,P059,2,4842.61,0.1
OI002579,O01021,P020,2,5123.92,0.0
OI002580,O01021,P034,3,5252.02,0.0
OI002581,O01021,P006,1,4253.34,0.3
OI002582,O01021,P036,1,1918.28,0.05
OI002583,O01022,P024,3,6203.92,0.3
OI002584,O01022,P011,3,7495.81,0.2
OI002585,O01022,P026,2,5470.33,0.15
OI002586,O01023,P033,2,2579.49,0.2
OI002587,O01023,P040,3,5866.02,0.0
OI002588,O01023,P064,3,4726.39,0.1
OI002589,O01024,P022,3,5959.11,0.0
OI002590,O01025,P001,4,5060.04,0.3
OI002591,O01025,P007,1,3880.55,0.1
OI002592,O01025,P067,1,3139.17,0.1
OI002593,O01026,P048,1,4310.39,0.05
OI002594,O01026,P073,2,6594.36,0.05
OI002595,O01027,P048,3,4310.39,0.05
OI002596,O01027,P060,1,1760.75,0.1
OI002597,O01028,P001,3,5060.04,0.0
OI002598,O01028,P014,2,5526.86,0.05
OI002599,O01028,P031,2,4921.58,0.15
OI002600,O01028,P077,2,1850.78,0.15
OI002601,O01029,P037,1,3125.99,0.15
OI002602,O01029,P041,4,1494.52,0.15
OI002603,O01030,P064,4,4726.39,0.3
OI002604,O01030,P004,2,3768.92,0.3
OI002605,O01030,P063,3,4500.08,0.0
OI002606,O01031,P077,4,1850.78,0.3
OI002607,O01032,P065,4,1521.26,0.15
OI002608,O01032,P026,3,5470.33,0.1
OI002609,O01033,P005,3,3320.34,0.3
OI002610,O01033,P069,2,5592.45,0.0
OI002611,O01033,P042,1,5125.64,0.2
OI002612,O01033,P058,4,4600.81,0.05
OI002613,O01034,P035,2,4806.84,0.2
OI002614,O01034,P078,2,5006.54,0.0
OI002615,O01034,P042,4,5125.64,0.1
OI002616,O01034,P005,3,3320.34,0.2
OI002617,O01035,P058,2,4600.81,0.15
OI002618,O01036,P016,2,3833.17,0.0
OI002619,O01036,P062,1,1993.86,0.15
OI002620,O01037,P033,2,2579.49,0.15
OI002621,O01037,P025,3,3270.83,0.05
OI002622,O01037,P065,1,1521.26,0.15
OI002623,O01037,P054,1,5704.38,0.15
OI002624,O01038,P048,2,4310.39,0.05
OI002625,O01038,P017,3,5112.9,0.3
OI002626,O01039,P066,4,6217.53,0.0
OI002627,O01039,P010,3,7442.3,0.05
OI002628,O01039,P019,1,3112.57,0.15
OI002629,O01040,P013,2,1662.63,0.0
OI002630,O01040,P023,3,6282.87,0.15
OI002631,O01040,P076,1,1644.18,0.2
OI002632,O01040,P002,1,3793.81,0.2
OI002633,O01041,P018,3,3329.63,0.2
OI002634,O01041,P016,1,3833.17,0.0
OI002635,O01042,P036,2,1918.28,0.2
OI002636,O01043,P055,2,3905.29,0.3
OI002637,O01043,P024,2,6203.92,0.05
OI002638,O01043,P034,1,5252.02,0.0
OI002639,O01043,P031,4,4921.58,0.0
OI002640,O01044,P032,4,6623.25,0.3
OI002641,O01044,P008,3,5224.68,0.15
OI002642,O01044,P071,3,3503.29,0.1
OI002643,O01045,P031,2,4921.58,0.0
OI002644,O01046,P071,2,3503.29,0.2
OI002645,O01046,P068,1,7430.32,0.05
OI002646,O01046,P040,3,5866.02,0.2
OI002647,O01046,P033,4,2579.49,0.2
OI002648,O01047,P068,2,7430.32,0.0
OI002649,O01048,P038,3,2828.73,0.3
OI002650,O01048,P033,2,2579.49,0.15
OI002651,O01048,P014,4,5526.86,0.05
OI002652,O01049,P042,4,5125.64,0.3
OI002653,O01049,P051,2,3109.99,0.1
OI002654,O01049,P078,2,5006.54,0.1
OI002655,O01049,P015,1,7330.81,0.0
OI002656,O01050,P049,2,6189.2,0.0
OI002657,O01050,P020,3,5123.92,0.0
OI002658,O01050,P056,4,5689.43,0.15
OI002659,O01050,P033,1,2579.49,0.15
OI002660,O01051,P041,1,1494.52,0.0
OI002661,O01051,P014,3,5526.86,0.15
OI002662,O01052,P005,3,3320.34,0.0
OI002663,O01052,P034,4,5252.02,0.1
OI002664,O01053,P025,1,3270.83,0.3
OI002665,O01053,P063,4,4500.08,0.0
OI002666,O01053,P001,4,5060.04,0.2
OI002667,O01054,P021,3,5344.27,0.05
OI002668,O01054,P052,2,5599.03,0.1
OI002669,O01055,P067,3,3139.17,0.3
OI002670,O01056,P023,3,6282.87,0.0
OI002671,O01056,P014,4,5526.86,0.15
OI002672,O01056,P029,2,3811.62,0.1
OI002673,O01057,P018,1,3329.63,0.2
OI002674,O01057,P048,3,4310.39,0.2
OI002675,O01058,P004,1,3768.92,0.0
OI002676,O01058,P002,3,3793.81,0.3
OI002677,O01058,P013,2,1662.63,0.15
OI002678,O01058,P073,4,6594.36,0.2
OI002679,O01059,P052,2,5599.03,0.3
OI002680,O01059,P064,1,4726.39,0.05
OI002681,O01059,P076,2,1644.18,0.05
OI002682,O01060,P056,1,5689.43,0.2
OI002683,O01060,P041,1,1494.52,0.15
OI002684,O01060,P071,4,3503.29,0.2
OI002685,O01061,P069,3,5592.45,0.15
OI002686,O01061,P025,4,3270.83,0.3
OI002687,O01061,P067,1,3139.17,0.05
OI002688,O01062,P036,2,1918.28,0.0
OI002689,O01062,P032,4,6623.25,0.3
OI002690,O01062,P026,2,5470.33,0.05
OI002691,O01062,P025,3,3270.83,0.15
OI002692,O01063,P057,1,3618.93,0.3
OI002693,O01063,P004,3,3768.92,0.15
OI002694,O01063,P047,3,6217.65,0.0
OI002695,O01064,P064,2,4726.39,0.15
OI002696,O01065,P033,1,2579.49,0.3
OI002697,O01065,P054,1,5704.38,0.05
OI002698,O01065,P006,1,4253.34,0.05
OI002699,O01065,P063,1,4500.08,0.05
OI002700,O01066,P060,4,1760.75,0.05
OI002701,O01066,P057,3,3618.93,0.2
OI002702,O01066,P030,2,6724.47,0.15
OI002703,O01067,P016,3,3833.17,0.2
OI002704,O01067,P025,3,3270.83,0.05
OI002705,O01068,P051,1,3109.99,0.15
OI002706,O01069,P046,2,6490.81,0.2
OI002707,O01069,P001,3,5060.04,0.1
OI002708,O01069,P079,1,2345.86,0.2
OI002709,O01069,P027,1,5678.95,0.0
OI002710,O01070,P036,1,1918.28,0.1
OI002711,O01071,P037,4,3125.99,0.1
OI002712,O01072,P079,3,2345.86,0.0
OI002713,O01072,P012,1,3994.33,0.1
OI002714,O01072,P009,3,4981.98,0.15
OI002715,O01073,P015,4,7330.81,0.3
OI002716,O01073,P014,3,5526.86,0.1
OI002717,O01073,P070,3,4988.16,0.15
OI002718,O01073,P043,4,6217.67,0.0
OI002719,O01074,P028,4,6060.07,0.0
OI002720,O01074,P068,2,7430.32,0.05
OI002721,O01074,P056,3,5689.43,0.0
OI002722,O01075,P078,4,5006.54,0.15
OI002723,O01075,P030,4,6724.47,0.3
OI002724,O01076,P066,3,6217.53,0.1
OI002725,O01076,P065,2,1521.26,0.05
OI002726,O01076,P041,2,1494.52,0.1
OI002727,O01077,P012,4,3994.33,0.1
OI002728,O01077,P029,1,3811.62,0.05
OI002729,O01077,P039,3,3602.12,0.0
OI002730,O01078,P030,2,6724.47,0.1
OI002731,O01079,P058,1,4600.81,0.2
OI002732,O01080,P038,2,2828.73,0.0
OI002733,O01080,P016,2,3833.17,0.1
OI002734,O01080,P003,1,6285.84,0.3
OI002735,O01081,P044,2,4748.93,0.2
OI002736,O01081,P015,1,7330.81,0.15
OI002737,O01082,P004,1,3768.92,0.0
OI002738,O01083,P073,4,6594.36,0.15
OI002739,O01083,P074,3,7323.07,0.2
OI002740,O01084,P021,3,5344.27,0.05
OI002741,O01084,P043,4,6217.67,0.05
OI002742,O01085,P005,1,3320.34,0.3
OI002743,O01085,P079,1,2345.86,0.0
OI002744,O01085,P048,4,4310.39,0.3
OI002745,O01085,P025,1,3270.83,0.15
OI002746,O01086,P045,4,5481.6,0.0
OI002747,O01086,P025,3,3270.83,0.3
OI002748,O01086,P061,3,5698.31,0.3
OI002749,O01087,P071,3,3503.29,0.15
OI002750,O01087,P076,2,1644.18,0.15
OI002751,O01088,P002,1,3793.81,0.05
OI002752,O01088,P028,3,6060.07,0.1
OI002753,O01088,P016,3,3833.17,0.15
OI002754,O01088,P040,2,5866.02,0.1
OI002755,O01089,P056,2,5689.43,0.2
OI002756,O01089,P040,4,5866.02,0.1
OI002757,O01089,P003,4,6285.84,0.3
OI002758,O01089,P075,2,6578.23,0.05
OI002759,O01090,P002,2,3793.81,0.3
OI002760,O01090,P071,4,3503.29,0.3
OI002761,O01090,P032,1,6623.25,0.1
OI002762,O01091,P063,1,4500.08,0.1
OI002763,O01091,P023,2,6282.87,0.3
OI002764,O01091,P036,1,1918.28,0.05
OI002765,O01091,P006,2,4253.34,0.0
OI002766,O01092,P073,2,6594.36,0.2
OI002767,O01092,P041,3,1494.52,0.05
OI002768,O01092,P045,3,5481.6,0.2
OI002769,O01093,P045,3,5481.6,0.05
OI002770,O01094,P058,3,4600.81,0.2
OI002771,O01095,P079,3,2345.86,0.0
OI002772,O01095,P041,1,1494.52,0.3
OI002773,O01096,P053,3,2116.53,0.2
OI002774,O01097,P071,1,3503.29,0.1
OI002775,O01097,P055,3,3905.29,0.2
OI002776,O01097,P067,4,3139.17,0.0
OI002777,O01098,P012,3,3994.33,0.15
OI002778,O01099,P070,2,4988.16,0.15
OI002779,O01100,P077,2,1850.78,0.3
OI002780,O01100,P080,4,5576.76,0.2
OI002781,O01100,P068,2,7430.32,0.3
OI002782,O01100,P003,4,6285.84,0.2
OI002783,O01101,P023,2,6282.87,0.3
OI002784,O01101,P062,2,1993.86,0.1
OI002785,O01101,P051,2,3109.99,0.1
OI002786,O01101,P008,2,5224.68,0.05
OI002787,O01102,P035,3,4806.84,0.3
OI002788,O01102,P068,1,7430.32,0.15
OI002789,O01102,P080,2,5576.76,0.1
OI002790,O01102,P026,2,5470.33,0.05
OI002791,O01103,P006,3,4253.34,0.05
OI002792,O01104,P004,2,3768.92,0.0
OI002793,O01104,P008,1,5224.68,0.05
OI002794,O01105,P001,3,5060.04,0.0
OI002795,O01105,P010,2,7442.3,0.1
OI002796,O01106,P068,2,7430.32,0.15
OI002797,O01106,P009,2,4981.98,0.05
OI002798,O01106,P040,2,5866.02,0.2
OI002799,O01106,P061,2,5698.31,0.2
OI002800,O01107,P076,2,1644.18,0.2
OI002801,O01107,P029,3,3811.62,0.05
OI002802,O01107,P004,4,3768.92,0.0
OI002803,O01108,P017,1,5112.9,0.0
OI002804,O01108,P041,2,1494.52,0.1
OI002805,O01108,P074,3,7323.07,0.2
OI002806,O01109,P039,4,3602.12,0.3
OI002807,O01110,P013,2,1662.63,0.1
OI002808,O01110,P004,1,3768.92,0.1
OI002809,O01111,P039,2,3602.12,0.05
OI002810,O01111,P007,4,3880.55,0.2
OI002811,O01112,P012,1,3994.33,0.15
OI002812,O01113,P030,1,6724.47,0.0
OI002813,O01113,P041,4,1494.52,0.3
OI002814,O01114,P037,2,3125.99,0.15
OI002815,O01114,P066,4,6217.53,0.05
OI002816,O01114,P070,4,4988.16,0.3
OI002817,O01114,P071,4,3503.29,0.05
OI002818,O01115,P018,3,3329.63,0.2
OI002819,O01116,P008,2,5224.68,0.05
OI002820,O01116,P042,3,5125.64,0.15
OI002821,O01117,P025,2,3270.83,0.0
OI002822,O01117,P069,2,5592.45,0.0
OI002823,O01117,P049,3,6189.2,0.0
OI002824,O01118,P028,3,6060.07,0.05
OI002825,O01118,P046,1,6490.81,0.3
OI002826,O01118,P079,3,2345.86,0.0
OI002827,O01119,P015,2,7330.81,0.3
OI002828,O01119,P024,2,6203.92,0.0
OI002829,O01119,P038,2,2828.73,0.2
OI002830,O01120,P049,1,6189.2,0.1
OI002831,O01120,P004,3,3768.92,0.1
OI002832,O01120,P063,3,4500.08,0.2
OI002833,O01120,P064,1,4726.39,0.15
OI002834,O01121,P041,2,1494.52,0.05
OI002835,O01122,P029,4,3811.62,0.0
OI002836,O01122,P061,1,5698.31,0.15
OI002837,O01122,P005,1,3320.34,0.2
OI002838,O01122,P020,2,5123.92,0.15
OI002839,O01123,P056,3,5689.43,0.0
OI002840,O01124,P005,2,3320.34,0.2
OI002841,O01124,P004,2,3768.92,0.2
OI002842,O01125,P052,2,5599.03,0.2
OI002843,O01125,P066,4,6217.53,0.2
OI002844,O01125,P057,3,3618.93,0.0
OI002845,O01126,P009,2,4981.98,0.15
OI002846,O01126,P005,4,3320.34,0.2
OI002847,O01127,P058,4,4600.81,0.2
OI002848,O01127,P027,3,5678.95,0.05
OI002849,O01128,P015,3,7330.81,0.1
OI002850,O01128,P065,4,1521.26,0.05
OI002851,O01128,P006,2,4253.34,0.0
OI002852,O01129,P019,4,3112.57,0.1
OI002853,O01130,P026,3,5470.33,0.2
OI002854,O01131,P065,1,1521.26,0.2
OI002855,O01131,P031,1,4921.58,0.3
OI002856,O01131,P066,3,6217.53,0.3
OI002857,O01131,P004,4,3768.92,0.05
OI002858,O01132,P014,1,5526.86,0.3
OI002859,O01132,P055,1,3905.29,0.1
OI002860,O01133,P030,3,6724.47,0.3
OI002861,O01133,P063,1,4500.08,0.3
OI002862,O01134,P006,1,4253.34,0.05
OI002863,O01135,P009,3,4981.98,0.2
OI002864,O01135,P034,3,5252.02,0.05
OI002865,O01135,P024,3,6203.92,0.2
OI002866,O01135,P062,1,1993.86,0.3
OI002867,O01136,P024,1,6203.92,0.2
OI002868,O01136,P028,1,6060.07,0.1
OI002869,O01136,P036,2,1918.28,0.0
OI002870,O01136,P047,4,6217.65,0.3
OI002871,O01137,P019,3,3112.57,0.3
OI002872,O01137,P053,3,2116.53,0.05
OI002873,O01137,P068,2,7430.32,0.05
OI002874,O01138,P071,2,3503.29,0.1
OI002875,O01138,P016,3,3833.17,0.0
OI002876,O01139,P025,1,3270.83,0.2
OI002877,O01140,P069,2,5592.45,0.15
OI002878,O01140,P066,2,6217.53,0.2
OI002879,O01140,P028,4,6060.07,0.1
OI002880,O01141,P047,4,6217.65,0.05
OI002881,O01141,P070,1,4988.16,0.15
OI002882,O01142,P049,2,6189.2,0.3
OI002883,O01142,P074,2,7323.07,0.15
OI002884,O01143,P041,2,1494.52,0.0
OI002885,O01144,P057,1,3618.93,0.0
OI002886,O01145,P003,2,6285.84,0.1
OI002887,O01146,P080,1,5576.76,0.3
OI002888,O01146,P043,2,6217.67,0.1
OI002889,O01146,P045,1,5481.6,0.15
OI002890,O01147,P015,4,7330.81,0.2
OI002891,O01147,P077,4,1850.78,0.15
OI002892,O01148,P046,3,6490.81,0.05
OI002893,O01148,P028,2,6060.07,0.05
OI002894,O01148,P064,2,4726.39,0.1
OI002895,O01148,P018,1,3329.63,0.3
OI002896,O01149,P056,2,5689.43,0.05
OI002897,O01149,P030,3,6724.47,0.3
OI002898,O01149,P005,3,3320.34,0.15
OI002899,O01149,P067,3,3139.17,0.3
OI002900,O01150,P025,2,3270.83,0.2
OI002901,O01151,P061,4,5698.31,0.0
OI002902,O01151,P038,4,2828.73,0.3
OI002903,O01152,P032,4,6623.25,0.3
OI002904,O01153,P044,3,4748.93,0.1
OI002905,O01153,P003,2,6285.84,0.2
OI002906,O01154,P030,2,6724.47,0.15
OI002907,O01154,P021,4,5344.27,0.2
OI002908,O01155,P038,3,2828.73,0.2
OI002909,O01156,P038,2,2828.73,0.2
OI002910,O01156,P025,3,3270.83,0.15
OI002911,O01156,P011,4,7495.81,0.05
OI002912,O01156,P053,4,2116.53,0.2
OI002913,O01157,P007,2,3880.55,0.1
OI002914,O01157,P061,1,5698.31,0.1
OI002915,O01157,P018,1,3329.63,0.3
OI002916,O01158,P002,1,3793.81,0.05
OI002917,O01158,P019,2,3112.57,0.2
OI002918,O01158,P064,4,4726.39,0.2
OI002919,O01159,P045,3,5481.6,0.0
OI002920,O01159,P030,2,6724.47,0.2
OI002921,O01159,P021,2,5344.27,0.15
OI002922,O01160,P071,1,3503.29,0.15
OI002923,O01160,P065,4,1521.26,0.15
OI002924,O01160,P002,3,3793.81,0.0
OI002925,O01160,P034,4,5252.02,0.05
OI002926,O01161,P054,2,5704.38,0.15
OI002927,O01161,P075,3,6578.23,0.15
OI002928,O01161,P068,3,7430.32,0.1
OI002929,O01162,P005,2,3320.34,0.1
OI002930,O01163,P071,4,3503.29,0.0
OI002931,O01163,P065,3,1521.26,0.15
OI002932,O01163,P056,4,5689.43,0.15
OI002933,O01164,P017,1,5112.9,0.05
OI002934,O01165,P063,2,4500.08,0.2
OI002935,O01166,P038,1,2828.73,0.0
OI002936,O01166,P050,3,2647.44,0.15
OI002937,O01166,P061,2,5698.31,0.05
OI002938,O01166,P022,3,5959.11,0.3
OI002939,O01167,P076,4,1644.18,0.05
OI002940,O01167,P007,3,3880.55,0.05
OI002941,O01167,P053,1,2116.53,0.1
OI002942,O01167,P037,3,3125.99,0.05
OI002943,O01168,P038,2,2828.73,0.1
OI002944,O01168,P039,4,3602.12,0.15
OI002945,O01168,P035,2,4806.84,0.0
OI002946,O01168,P048,4,4310.39,0.15
OI002947,O01169,P015,3,7330.81,0.3
OI002948,O01169,P023,1,6282.87,0.05
OI002949,O01169,P040,1,5866.02,0.3
OI002950,O01170,P075,3,6578.23,0.1
OI002951,O01170,P034,1,5252.02,0.3
OI002952,O01170,P072,2,3098.66,0.15
OI002953,O01171,P055,1,3905.29,0.0
OI002954,O01171,P042,4,5125.64,0.05
OI002955,O01171,P003,3,6285.84,0.1
OI002956,O01171,P056,3,5689.43,0.3
OI002957,O01172,P024,1,6203.92,0.1
OI002958,O01172,P063,3,4500.08,0.2
OI002959,O01173,P041,4,1494.52,0.3
OI002960,O01173,P074,3,7323.07,0.15
OI002961,O01173,P014,1,5526.86,0.0
OI002962,O01173,P032,3,6623.25,0.2
OI002963,O01174,P040,4,5866.02,0.05
OI002964,O01174,P069,2,5592.45,0.1
OI002965,O01174,P020,3,5123.92,0.05
OI002966,O01175,P019,2,3112.57,0.1
OI002967,O01175,P029,4,3811.62,0.0
OI002968,O01175,P046,2,6490.81,0.1
OI002969,O01175,P001,2,5060.04,0.1
OI002970,O01176,P072,2,3098.66,0.0
OI002971,O01176,P071,2,3503.29,0.2
OI002972,O01176,P016,4,3833.17,0.15
OI002973,O01177,P069,2,5592.45,0.3
OI002974,O01177,P051,1,3109.99,0.15
OI002975,O01177,P011,4,7495.81,0.05
OI002976,O01177,P021,3,5344.27,0.1
OI002977,O01178,P053,4,2116.53,0.3
OI002978,O01178,P076,4,1644.18,0.3
OI002979,O01179,P028,4,6060.07,0.15
OI002980,O01179,P019,3,3112.57,0.2
OI002981,O01180,P030,3,6724.47,0.0
OI002982,O01181,P014,2,5526.86,0.15
OI002983,O01181,P049,4,6189.2,0.0
OI002984,O01181,P062,2,1993.86,0.0
OI002985,O01181,P068,3,7430.32,0.2
OI002986,O01182,P044,2,4748.93,0.2
OI002987,O01183,P014,1,5526.86,0.1
OI002988,O01184,P038,3,2828.73,0.0
OI002989,O01184,P073,2,6594.36,0.15
OI002990,O01185,P047,2,6217.65,0.3
OI002991,O01185,P037,3,3125.99,0.2
OI002992,O01186,P002,3,3793.81,0.1
OI002993,O01187,P027,3,5678.95,0.3
OI002994,O01187,P071,4,3503.29,0.15
OI002995,O01188,P009,3,4981.98,0.15
OI002996,O01189,P056,4,5689.43,0.0
OI002997,O01190,P032,1,6623.25,0.2
OI002998,O01190,P020,1,5123.92,0.2
OI002999,O01190,P057,1,3618.93,0.15
OI003000,O01190,P027,2,5678.95,0.3
OI003001,O01191,P020,4,5123.92,0.2
OI003002,O01191,P073,3,6594.36,0.05
OI003003,O01191,P038,4,2828.73,0.3
OI003004,O01192,P005,1,3320.34,0.15
OI003005,O01192,P047,3,6217.65,0.15
OI003006,O01193,P018,1,3329.63,0.0
OI003007,O01193,P016,1,3833.17,0.2
OI003008,O01193,P073,3,6594.36,0.3
OI003009,O01194,P032,3,6623.25,0.0
OI003010,O01195,P062,1,1993.86,0.2
OI003011,O01195,P036,3,1918.28,0.05
OI003012,O01195,P067,3,3139.17,0.15
OI003013,O01195,P012,2,3994.33,0.1
OI003014,O01196,P066,2,6217.53,0.15
OI003015,O01196,P075,3,6578.23,0.15
OI003016,O01196,P014,3,5526.86,0.1
OI003017,O01196,P057,2,3618.93,0.1
OI003018,O01197,P064,2,4726.39,0.1
OI003019,O01197,P055,1,3905.29,0.05
OI003020,O01197,P044,3,4748.93,0.0
OI003021,O01198,P063,4,4500.08,0.1
OI003022,O01199,P062,1,1993.86,0.1
OI003023,O01199,P041,2,1494.52,0.2
OI003024,O01200,P049,1,6189.2,0.3
OI003025,O01201,P046,1,6490.81,0.2
OI003026,O01201,P011,2,7495.81,0.15
OI003027,O01201,P076,4,1644.18,0.1
OI003028,O01202,P006,4,4253.34,0.05
OI003029,O01202,P064,2,4726.39,0.1
OI003030,O01203,P006,2,4253.34,0.3
OI003031,O01204,P059,2,4842.61,0.2
OI003032,O01205,P070,4,4988.16,0.1
OI003033,O01205,P030,3,6724.47,0.0
OI003034,O01206,P030,4,6724.47,0.3
OI003035,O01206,P077,4,1850.78,0.2
OI003036,O01207,P080,1,5576.76,0.0
OI003037,O01207,P065,3,1521.26,0.15
OI003038,O01207,P016,1,3833.17,0.1
OI003039,O01208,P025,1,3270.83,0.2
OI003040,O01209,P076,4,1644.18,0.1
OI003041,O01209,P001,3,5060.04,0.1
OI003042,O01210,P042,1,5125.64,0.2
OI003043,O01210,P071,3,3503.29,0.05
OI003044,O01210,P047,3,6217.65,0.0
OI003045,O01211,P068,3,7430.32,0.0
OI003046,O01211,P050,4,2647.44,0.05
OI003047,O01212,P004,3,3768.92,0.3
OI003048,O01212,P077,1,1850.78,0.3
OI003049,O01212,P019,4,3112.57,0.15
OI003050,O01212,P051,4,3109.99,0.05
OI003051,O01213,P055,3,3905.29,0.3
OI003052,O01213,P046,3,6490.81,0.15
OI003053,O01213,P067,1,3139.17,0.05
OI003054,O01214,P027,3,5678.95,0.2
OI003055,O01214,P065,2,1521.26,0.1
OI003056,O01214,P039,1,3602.12,0.2
OI003057,O01214,P040,3,5866.02,0.0
OI003058,O01215,P027,1,5678.95,0.2
OI003059,O01215,P069,3,5592.45,0.1
OI003060,O01215,P022,1,5959.11,0.1
OI003061,O01216,P011,1,7495.81,0.2
OI003062,O01216,P057,2,3618.93,0.05
OI003063,O01216,P027,4,5678.95,0.15
OI003064,O01217,P070,3,4988.16,0.0
OI003065,O01217,P003,4,6285.84,0.05
OI003066,O01217,P024,3,6203.92,0.2
OI003067,O01218,P060,1,1760.75,0.1
OI003068,O01218,P006,1,4253.34,0.2
OI003069,O01218,P023,3,6282.87,0.0
OI003070,O01218,P036,2,1918.28,0.1
OI003071,O01219,P039,4,3602.12,0.3
OI003072,O01219,P067,4,3139.17,0.2
OI003073,O01219,P037,3,3125.99,0.15
OI003074,O01220,P067,3,3139.17,0.3
OI003075,O01221,P038,3,2828.73,0.15
OI003076,O01221,P024,1,6203.92,0.0
OI003077,O01221,P079,3,2345.86,0.05
OI003078,O01222,P063,3,4500.08,0.0
OI003079,O01223,P038,2,2828.73,0.3
OI003080,O01223,P001,1,5060.04,0.3
OI003081,O01224,P062,4,1993.86,0.1
OI003082,O01225,P012,3,3994.33,0.05
OI003083,O01225,P028,1,6060.07,0.15
OI003084,O01226,P077,2,1850.78,0.2
OI003085,O01226,P045,1,5481.6,0.2
OI003086,O01226,P061,4,5698.31,0.1
OI003087,O01227,P066,2,6217.53,0.15
OI003088,O01227,P040,3,5866.02,0.05
OI003089,O01228,P041,3,1494.52,0.2
OI003090,O01229,P002,2,3793.81,0.15
OI003091,O01230,P014,2,5526.86,0.05
OI003092,O01231,P003,3,6285.84,0.3
OI003093,O01231,P014,1,5526.86,0.2
OI003094,O01231,P071,1,3503.29,0.15
OI003095,O01232,P062,2,1993.86,0.15
OI003096,O01232,P010,3,7442.3,0.0
OI003097,O01233,P057,3,3618.93,0.05
OI003098,O01233,P077,2,1850.78,0.1
OI003099,O01234,P070,1,4988.16,0.2
OI003100,O01234,P029,3,3811.62,0.1
OI003101,O01235,P064,3,4726.39,0.2
OI003102,O01235,P074,4,7323.07,0.2
OI003103,O01235,P079,4,2345.86,0.15
OI003104,O01236,P040,2,5866.02,0.3
OI003105,O01237,P004,4,3768.92,0.2
OI003106,O01237,P013,3,1662.63,0.05
OI003107,O01237,P033,4,2579.49,0.15
OI003108,O01237,P031,3,4921.58,0.1
OI003109,O01238,P066,2,6217.53,0.3
OI003110,O01238,P057,3,3618.93,0.05
OI003111,O01238,P039,4,3602.12,0.2
OI003112,O01239,P017,1,5112.9,0.15
OI003113,O01239,P074,1,7323.07,0.05
OI003114,O01240,P020,1,5123.92,0.2
OI003115,O01240,P035,1,4806.84,0.0
OI003116,O01240,P041,2,1494.52,0.05
OI003117,O01241,P034,4,5252.02,0.15
OI003118,O01242,P012,1,3994.33,0.1
OI003119,O01242,P006,2,4253.34,0.2
OI003120,O01242,P027,1,5678.95,0.1
OI003121,O01243,P048,4,4310.39,0.3
OI003122,O01243,P036,3,1918.28,0.3
OI003123,O01243,P050,3,2647.44,0.2
OI003124,O01243,P061,1,5698.31,0.0
OI003125,O01244,P003,4,6285.84,0.05
OI003126,O01245,P076,2,1644.18,0.2
OI003127,O01246,P012,4,3994.33,0.05
OI003128,O01246,P077,1,1850.78,0.05
OI003129,O01246,P073,2,6594.36,0.3
OI003130,O01246,P041,2,1494.52,0.3
OI003131,O01247,P009,4,4981.98,0.05
OI003132,O01248,P048,1,4310.39,0.0
OI003133,O01249,P044,1,4748.93,0.05
OI003134,O01249,P043,2,6217.67,0.05
OI003135,O01250,P075,2,6578.23,0.15
OI003136,O01250,P018,3,3329.63,0.05
OI003137,O01250,P050,1,2647.44,0.2
OI003138,O01251,P008,1,5224.68,0.2
OI003139,O01251,P006,1,4253.34,0.05
OI003140,O01251,P050,3,2647.44,0.1
OI003141,O01252,P009,3,4981.98,0.05
OI003142,O01252,P015,1,7330.81,0.15
OI003143,O01252,P077,3,1850.78,0.2
OI003144,O01252,P074,2,7323.07,0.15
OI003145,O01253,P035,1,4806.84,0.05
OI003146,O01253,P048,1,4310.39,0.2
OI003147,O01253,P073,3,6594.36,0.05
OI003148,O01253,P004,1,3768.92,0.0
OI003149,O01254,P070,2,4988.16,0.2
OI003150,O01254,P009,2,4981.98,0.15
OI003151,O01254,P057,1,3618.93,0.05
OI003152,O01254,P027,4,5678.95,0.2
OI003153,O01255,P018,3,3329.63,0.3
OI003154,O01256,P056,2,5689.43,0.15
OI003155,O01256,P031,1,4921.58,0.1
OI003156,O01256,P005,1,3320.34,0.1
OI003157,O01257,P049,1,6189.2,0.2
OI003158,O01258,P022,1,5959.11,0.2
OI003159,O01258,P018,4,3329.63,0.2
OI003160,O01258,P070,1,4988.16,0.1
OI003161,O01259,P037,2,3125.99,0.05
OI003162,O01259,P031,2,4921.58,0.15
OI003163,O01259,P061,3,5698.31,0.05
OI003164,O01260,P003,1,6285.84,0.0
OI003165,O01261,P056,4,5689.43,0.3
OI003166,O01262,P036,3,1918.28,0.05
OI003167,O01262,P012,3,3994.33,0.3
OI003168,O01262,P072,1,3098.66,0.15
OI003169,O01263,P019,4,3112.57,0.1
OI003170,O01264,P027,1,5678.95,0.2
OI003171,O01265,P009,2,4981.98,0.3
OI003172,O01265,P019,4,3112.57,0.05
OI003173,O01265,P068,1,7430.32,0.15
OI003174,O01265,P071,4,3503.29,0.3
OI003175,O01266,P031,4,4921.58,0.0
OI003176,O01267,P023,1,6282.87,0.1
OI003177,O01267,P002,1,3793.81,0.2
OI003178,O01267,P020,4,5123.92,0.3
OI003179,O01268,P024,2,6203.92,0.0
OI003180,O01268,P025,4,3270.83,0.0
OI003181,O01269,P025,4,3270.83,0.05
OI003182,O01269,P013,1,1662.63,0.0
OI003183,O01269,P055,3,3905.29,0.2
OI003184,O01269,P042,3,5125.64,0.0
OI003185,O01270,P063,2,4500.08,0.15
OI003186,O01270,P022,4,5959.11,0.15
OI003187,O01270,P074,4,7323.07,0.3
OI003188,O01270,P079,1,2345.86,0.3
OI003189,O01271,P047,1,6217.65,0.15
OI003190,O01271,P049,4,6189.2,0.15
OI003191,O01271,P033,1,2579.49,0.2
OI003192,O01271,P063,2,4500.08,0.1
OI003193,O01272,P023,2,6282.87,0.3
OI003194,O01272,P031,4,4921.58,0.1
OI003195,O01272,P049,1,6189.2,0.05
OI003196,O01272,P015,3,7330.81,0.2
OI003197,O01273,P009,4,4981.98,0.0
OI003198,O01273,P057,4,3618.93,0.2
OI003199,O01273,P041,3,1494.52,0.15
OI003200,O01274,P009,4,4981.98,0.1
OI003201,O01274,P013,3,1662.63,0.1
OI003202,O01274,P030,2,6724.47,0.3
OI003203,O01274,P073,2,6594.36,0.3
OI003204,O01275,P066,2,6217.53,0.05
OI003205,O01275,P075,1,6578.23,0.1
OI003206,O01275,P049,4,6189.2,0.3
OI003207,O01276,P061,4,5698.31,0.3
OI003208,O01276,P042,1,5125.64,0.3
OI003209,O01276,P029,3,3811.62,0.15
OI003210,O01277,P040,2,5866.02,0.3
OI003211,O01278,P076,4,1644.18,0.3
OI003212,O01278,P018,2,3329.63,0.2
OI003213,O01279,P042,4,5125.64,0.15
OI003214,O01279,P080,2,5576.76,0.1
OI003215,O01279,P055,1,3905.29,0.15
OI003216,O01279,P011,2,7495.81,0.3
OI003217,O01280,P035,3,4806.84,0.1
OI003218,O01280,P071,4,3503.29,0.05
OI003219,O01280,P078,2,5006.54,0.15
OI003220,O01280,P032,4,6623.25,0.15
OI003221,O01281,P028,4,6060.07,0.05
OI003222,O01282,P058,2,4600.81,0.2
OI003223,O01282,P012,4,3994.33,0.05
OI003224,O01283,P010,2,7442.3,0.05
OI003225,O01283,P036,2,1918.28,0.3
OI003226,O01284,P048,3,4310.39,0.05
OI003227,O01284,P058,2,4600.81,0.3
OI003228,O01284,P062,1,1993.86,0.2
OI003229,O01285,P062,1,1993.86,0.3
OI003230,O01285,P010,1,7442.3,0.2
OI003231,O01285,P028,3,6060.07,0.0
OI003232,O01286,P069,2,5592.45,0.0
OI003233,O01286,P018,2,3329.63,0.2
OI003234,O01286,P078,3,5006.54,0.15
OI003235,O01287,P027,4,5678.95,0.2
OI003236,O01287,P050,4,2647.44,0.05
OI003237,O01287,P003,3,6285.84,0.3
OI003238,O01287,P070,1,4988.16,0.15
OI003239,O01288,P077,4,1850.78,0.2
OI003240,O01288,P033,3,2579.49,0.1
OI003241,O01288,P041,2,1494.52,0.3
OI003242,O01289,P062,3,1993.86,0.2
OI003243,O01289,P076,3,1644.18,0.0
OI003244,O01289,P064,4,4726.39,0.2
OI003245,O01290,P039,1,3602.12,0.1
OI003246,O01290,P010,2,7442.3,0.05
OI003247,O01291,P043,2,6217.67,0.3
OI003248,O01291,P068,2,7430.32,0.15
OI003249,O01291,P078,2,5006.54,0.1
OI003250,O01292,P045,2,5481.6,0.3
OI003251,O01293,P024,1,6203.92,0.2
OI003252,O01293,P077,1,1850.78,0.05
OI003253,O01294,P064,1,4726.39,0.1
OI003254,O01294,P048,3,4310.39,0.05
OI003255,O01294,P044,3,4748.93,0.0
OI003256,O01294,P062,1,1993.86,0.1
OI003257,O01295,P070,2,4988.16,0.1
OI003258,O01296,P026,1,5470.33,0.05
OI003259,O01296,P074,1,7323.07,0.05
OI003260,O01297,P039,2,3602.12,0.15
OI003261,O01297,P007,1,3880.55,0.05
OI003262,O01297,P074,3,7323.07,0.05
OI003263,O01298,P005,2,3320.34,0.3
OI003264,O01298,P018,4,3329.63,0.1
OI003265,O01299,P049,4,6189.2,0.3
OI003266,O01299,P034,2,5252.02,0.0
OI003267,O01300,P070,2,4988.16,0.05
OI003268,O01301,P034,4,5252.02,0.15
OI003269,O01301,P075,1,6578.23,0.05
OI003270,O01301,P026,3,5470.33,0.2
OI003271,O01302,P053,4,2116.53,0.2
OI003272,O01303,P051,4,3109.99,0.3
OI003273,O01303,P057,1,3618.93,0.2
OI003274,O01303,P016,3,3833.17,0.15
OI003275,O01304,P068,4,7430.32,0.05
OI003276,O01304,P036,4,1918.28,0.2
OI003277,O01304,P048,4,4310.39,0.1
OI003278,O01305,P004,2,3768.92,0.0
OI003279,O01305,P074,3,7323.07,0.2
OI003280,O01306,P013,3,1662.63,0.0
OI003281,O01306,P073,4,6594.36,0.2
OI003282,O01306,P035,4,4806.84,0.15
OI003283,O01307,P017,4,5112.9,0.1
OI003284,O01307,P014,1,5526.86,0.1
OI003285,O01307,P067,1,3139.17,0.1
OI003286,O01307,P013,3,1662.63,0.15
OI003287,O01308,P035,1,4806.84,0.1
OI003288,O01308,P060,2,1760.75,0.0
OI003289,O01308,P009,4,4981.98,0.1
OI003290,O01309,P036,4,1918.28,0.2
OI003291,O01310,P045,4,5481.6,0.0
OI003292,O01310,P007,1,3880.55,0.3
OI003293,O01310,P071,2,3503.29,0.05
OI003294,O01311,P029,1,3811.62,0.05
OI003295,O01312,P007,4,3880.55,0.2
OI003296,O01313,P079,2,2345.86,0.2
OI003297,O01313,P023,1,6282.87,0.3
OI003298,O01313,P045,3,5481.6,0.3
OI003299,O01313,P019,3,3112.57,0.3
OI003300,O01314,P005,4,3320.34,0.05
OI003301,O01314,P038,1,2828.73,0.05
OI003302,O01315,P008,3,5224.68,0.0
OI003303,O01315,P057,2,3618.93,0.2
OI003304,O01316,P058,3,4600.81,0.2
OI003305,O01316,P004,3,3768.92,0.0
OI003306,O01316,P010,2,7442.3,0.0
OI003307,O01317,P019,4,3112.57,0.05
OI003308,O01317,P060,1,1760.75,0.0
OI003309,O01318,P017,4,5112.9,0.05
OI003310,O01318,P079,1,2345.86,0.2
OI003311,O01318,P043,2,6217.67,0.05
OI003312,O01318,P070,4,4988.16,0.3
OI003313,O01319,P067,1,3139.17,0.3
OI003314,O01319,P065,1,1521.26,0.2
OI003315,O01319,P048,2,4310.39,0.2
OI003316,O01320,P006,4,4253.34,0.3
OI003317,O01320,P027,4,5678.95,0.15
OI003318,O01320,P057,2,3618.93,0.15
OI003319,O01321,P033,1,2579.49,0.05
OI003320,O01321,P065,4,1521.26,0.0
OI003321,O01321,P056,2,5689.43,0.15
OI003322,O01321,P017,1,5112.9,0.3
OI003323,O01322,P032,2,6623.25,0.15
OI003324,O01322,P026,3,5470.33,0.05
OI003325,O01322,P006,3,4253.34,0.1
OI003326,O01323,P033,3,2579.49,0.0
OI003327,O01324,P080,1,5576.76,0.0
OI003328,O01324,P025,2,3270.83,0.05
OI003329,O01324,P051,2,3109.99,0.0
OI003330,O01324,P047,1,6217.65,0.0
OI003331,O01325,P017,2,5112.9,0.0
OI003332,O01325,P057,2,3618.93,0.0
OI003333,O01325,P069,1,5592.45,0.15
OI003334,O01325,P010,4,7442.3,0.15
OI003335,O01326,P063,3,4500.08,0.05
OI003336,O01326,P076,2,1644.18,0.0
OI003337,O01326,P021,2,5344.27,0.0
OI003338,O01326,P011,4,7495.81,0.0
OI003339,O01327,P077,2,1850.78,0.15
OI003340,O01327,P071,4,3503.29,0.2
OI003341,O01328,P030,4,6724.47,0.1
OI003342,O01328,P029,1,3811.62,0.0
OI003343,O01328,P052,2,5599.03,0.05
OI003344,O01329,P024,4,6203.92,0.2
OI003345,O01330,P054,2,5704.38,0.2
OI003346,O01331,P005,2,3320.34,0.3
OI003347,O01332,P005,1,3320.34,0.15
OI003348,O01332,P067,4,3139.17,0.1
OI003349,O01332,P078,1,5006.54,0.2
OI003350,O01333,P011,4,7495.81,0.0
OI003351,O01333,P052,3,5599.03,0.15
OI003352,O01333,P058,2,4600.81,0.15
OI003353,O01334,P012,3,3994.33,0.05
OI003354,O01334,P075,4,6578.23,0.15
OI003355,O01334,P037,3,3125.99,0.1
OI003356,O01334,P064,1,4726.39,0.2
OI003357,O01335,P063,3,4500.08,0.1
OI003358,O01335,P019,4,3112.57,0.0
OI003359,O01336,P001,3,5060.04,0.15
OI003360,O01336,P028,3,6060.07,0.3
OI003361,O01336,P018,2,3329.63,0.15
OI003362,O01336,P068,1,7430.32,0.05
OI003363,O01337,P005,3,3320.34,0.2
OI003364,O01337,P029,1,3811.62,0.0
OI003365,O01337,P011,2,7495.81,0.05
OI003366,O01338,P063,1,4500.08,0.3
OI003367,O01338,P026,1,5470.33,0.05
OI003368,O01339,P072,4,3098.66,0.0
OI003369,O01339,P005,3,3320.34,0.0
OI003370,O01340,P033,4,2579.49,0.05
OI003371,O01341,P020,3,5123.92,0.3
OI003372,O01341,P008,4,5224.68,0.05
OI003373,O01341,P038,2,2828.73,0.3
OI003374,O01341,P048,4,4310.39,0.3
OI003375,O01342,P011,4,7495.81,0.0
OI003376,O01342,P019,3,3112.57,0.15
OI003377,O01342,P034,4,5252.02,0.1
OI003378,O01342,P024,3,6203.92,0.3
OI003379,O01343,P079,1,2345.86,0.15
OI003380,O01343,P055,2,3905.29,0.3
OI003381,O01343,P057,3,3618.93,0.3
OI003382,O01343,P070,4,4988.16,0.3
OI003383,O01344,P063,2,4500.08,0.15
OI003384,O01345,P021,3,5344.27,0.0
OI003385,O01345,P079,1,2345.86,0.05
OI003386,O01346,P077,4,1850.78,0.0
OI003387,O01346,P032,4,6623.25,0.05
OI003388,O01346,P004,1,3768.92,0.1
OI003389,O01346,P047,1,6217.65,0.0
OI003390,O01347,P056,4,5689.43,0.05
OI003391,O01348,P028,3,6060.07,0.3
OI003392,O01348,P035,3,4806.84,0.0
OI003393,O01348,P027,1,5678.95,0.1
OI003394,O01349,P056,2,5689.43,0.0
OI003395,O01350,P066,4,6217.53,0.15
OI003396,O01350,P073,4,6594.36,0.3
OI003397,O01351,P077,3,1850.78,0.0
OI003398,O01351,P034,1,5252.02,0.05
OI003399,O01351,P033,3,2579.49,0.1
OI003400,O01352,P040,2,5866.02,0.05
OI003401,O01352,P018,1,3329.63,0.05
OI003402,O01352,P079,2,2345.86,0.05
OI003403,O01353,P056,1,5689.43,0.2
OI003404,O01353,P067,1,3139.17,0.0
OI003405,O01354,P025,3,3270.83,0.1
OI003406,O01354,P078,4,5006.54,0.0
OI003407,O01354,P034,2,5252.02,0.0
OI003408,O01355,P038,3,2828.73,0.0
OI003409,O01356,P038,4,2828.73,0.2
OI003410,O01356,P027,4,5678.95,0.1
OI003411,O01356,P073,3,6594.36,0.3
OI003412,O01356,P040,1,5866.02,0.05
OI003413,O01357,P050,2,2647.44,0.05
OI003414,O01357,P055,1,3905.29,0.2
OI003415,O01358,P050,1,2647.44,0.05
OI003416,O01358,P046,3,6490.81,0.1
OI003417,O01359,P022,1,5959.11,0.3
OI003418,O01359,P068,1,7430.32,0.05
OI003419,O01359,P076,1,1644.18,0.15
OI003420,O01359,P010,1,7442.3,0.05
OI003421,O01360,P040,2,5866.02,0.1
OI003422,O01360,P052,2,5599.03,0.15
OI003423,O01361,P063,2,4500.08,0.0
OI003424,O01361,P027,3,5678.95,0.2
OI003425,O01362,P036,2,1918.28,0.1
OI003426,O01362,P014,4,5526.86,0.2
OI003427,O01362,P024,4,6203.92,0.1
OI003428,O01363,P054,2,5704.38,0.0
OI003429,O01363,P041,2,1494.52,0.3
OI003430,O01363,P068,4,7430.32,0.2
OI003431,O01363,P073,4,6594.36,0.15
OI003432,O01364,P024,2,6203.92,0.2
OI003433,O01364,P013,3,1662.63,0.1
OI003434,O01364,P076,2,1644.18,0.15
OI003435,O01364,P014,1,5526.86,0.05
OI003436,O01365,P013,1,1662.63,0.0
OI003437,O01366,P066,1,6217.53,0.15
OI003438,O01367,P076,1,1644.18,0.2
OI003439,O01368,P060,2,1760.75,0.3
OI003440,O01368,P050,4,2647.44,0.2
OI003441,O01368,P041,4,1494.52,0.0
OI003442,O01369,P074,2,7323.07,0.2
OI003443,O01369,P051,2,3109.99,0.3
OI003444,O01369,P010,4,7442.3,0.0
OI003445,O01370,P006,3,4253.34,0.0
OI003446,O01370,P057,1,3618.93,0.0
OI003447,O01371,P057,2,3618.93,0.15
OI003448,O01371,P013,3,1662.63,0.15
OI003449,O01372,P035,2,4806.84,0.2
OI003450,O01372,P027,4,5678.95,0.3
OI003451,O01373,P005,3,3320.34,0.05
OI003452,O01373,P026,3,5470.33,0.0
OI003453,O01374,P040,2,5866.02,0.2
OI003454,O01374,P023,4,6282.87,0.05
OI003455,O01375,P055,2,3905.29,0.3
OI003456,O01375,P038,3,2828.73,0.3
OI003457,O01376,P050,4,2647.44,0.05
OI003458,O01376,P029,3,3811.62,0.0
OI003459,O01376,P026,1,5470.33,0.3
OI003460,O01376,P007,3,3880.55,0.0
OI003461,O01377,P040,3,5866.02,0.1
OI003462,O01378,P023,4,6282.87,0.1
OI003463,O01378,P048,4,4310.39,0.1
OI003464,O01378,P051,1,3109.99,0.2
OI003465,O01378,P055,2,3905.29,0.2
OI003466,O01379,P055,4,3905.29,0.0
OI003467,O01379,P032,1,6623.25,0.0
OI003468,O01380,P031,4,4921.58,0.0
OI003469,O01380,P005,4,3320.34,0.3
OI003470,O01381,P063,2,4500.08,0.15
OI003471,O01381,P068,2,7430.32,0.0
OI003472,O01381,P062,4,1993.86,0.2
OI003473,O01382,P042,4,5125.64,0.3
OI003474,O01382,P061,2,5698.31,0.05
OI003475,O01382,P022,1,5959.11,0.2
OI003476,O01383,P054,2,5704.38,0.2
OI003477,O01383,P063,4,4500.08,0.1
OI003478,O01383,P003,4,6285.84,0.0
OI003479,O01383,P009,2,4981.98,0.3
OI003480,O01384,P036,4,1918.28,0.15
OI003481,O01384,P043,3,6217.67,0.15
OI003482,O01385,P063,2,4500.08,0.1
OI003483,O01385,P049,2,6189.2,0.0
OI003484,O01385,P037,4,3125.99,0.3
OI003485,O01385,P065,3,1521.26,0.05
OI003486,O01386,P024,4,6203.92,0.05
OI003487,O01386,P074,3,7323.07,0.1
OI003488,O01386,P021,2,5344.27,0.3
OI003489,O01386,P079,3,2345.86,0.1
OI003490,O01387,P019,1,3112.57,0.1
OI003491,O01387,P045,3,5481.6,0.0
OI003492,O01388,P002,4,3793.81,0.0
OI003493,O01388,P050,1,2647.44,0.2
OI003494,O01388,P067,4,3139.17,0.2
OI003495,O01388,P042,3,5125.64,0.15
OI003496,O01389,P061,4,5698.31,0.2
OI003497,O01389,P004,1,3768.92,0.0
OI003498,O01389,P046,2,6490.81,0.05
OI003499,O01390,P039,3,3602.12,0.2
OI003500,O01390,P014,4,5526.86,0.3
OI003501,O01390,P029,3,3811.62,0.0
OI003502,O01391,P034,3,5252.02,0.1
OI003503,O01391,P058,4,4600.81,0.2
OI003504,O01392,P028,2,6060.07,0.0
OI003505,O01392,P032,1,6623.25,0.3
OI003506,O01392,P046,2,6490.81,0.15
OI003507,O01392,P051,4,3109.99,0.0
OI003508,O01393,P035,2,4806.84,0.2
OI003509,O01393,P050,4,2647.44,0.15
OI003510,O01393,P057,2,3618.93,0.3
OI003511,O01393,P055,4,3905.29,0.15
OI003512,O01394,P036,2,1918.28,0.05
OI003513,O01395,P056,3,5689.43,0.1
OI003514,O01395,P013,3,1662.63,0.2
OI003515,O01396,P036,3,1918.28,0.15
OI003516,O01397,P067,1,3139.17,0.3
OI003517,O01398,P026,4,5470.33,0.0
OI003518,O01398,P073,3,6594.36,0.1
OI003519,O01398,P016,4,3833.17,0.05
OI003520,O01399,P054,3,5704.38,0.15
OI003521,O01400,P040,4,5866.02,0.05
OI003522,O01400,P078,4,5006.54,0.1
OI003523,O01401,P077,4,1850.78,0.0
OI003524,O01401,P067,4,3139.17,0.05
OI003525,O01401,P013,4,1662.63,0.1
OI003526,O01401,P049,1,6189.2,0.05
OI003527,O01402,P072,3,3098.66,0.1
OI003528,O01402,P062,4,1993.86,0.05
OI003529,O01403,P027,1,5678.95,0.3
OI003530,O01403,P030,4,6724.47,0.0
OI003531,O01403,P060,4,1760.75,0.05
OI003532,O01403,P038,4,2828.73,0.3
OI003533,O01404,P015,1,7330.81,0.1
OI003534,O01404,P009,4,4981.98,0.0
OI003535,O01404,P063,2,4500.08,0.0
OI003536,O01405,P023,4,6282.87,0.2
OI003537,O01405,P042,1,5125.64,0.3
OI003538,O01405,P007,2,3880.55,0.0
OI003539,O01406,P012,4,3994.33,0.2
OI003540,O01406,P026,3,5470.33,0.1
OI003541,O01406,P071,3,3503.29,0.1
OI003542,O01406,P078,4,5006.54,0.2
OI003543,O01407,P066,1,6217.53,0.05
OI003544,O01408,P017,1,5112.9,0.05
OI003545,O01408,P076,2,1644.18,0.2
OI003546,O01409,P003,4,6285.84,0.0
OI003547,O01409,P042,1,5125.64,0.1
OI003548,O01409,P053,3,2116.53,0.15
OI003549,O01410,P062,2,1993.86,0.2
OI003550,O01411,P073,2,6594.36,0.3
OI003551,O01412,P041,1,1494.52,0.1
OI003552,O01412,P058,1,4600.81,0.15
OI003553,O01413,P048,1,4310.39,0.05
OI003554,O01414,P032,2,6623.25,0.1
OI003555,O01414,P047,2,6217.65,0.3
OI003556,O01415,P033,1,2579.49,0.15
OI003557,O01415,P060,4,1760.75,0.05
OI003558,O01415,P043,1,6217.67,0.15
OI003559,O01416,P054,4,5704.38,0.2
OI003560,O01416,P052,1,5599.03,0.1
OI003561,O01416,P040,1,5866.02,0.05
OI003562,O01416,P026,4,5470.33,0.1
OI003563,O01417,P058,4,4600.81,0.15
OI003564,O01418,P055,2,3905.29,0.1
OI003565,O01418,P071,1,3503.29,0.15
OI003566,O01418,P026,1,5470.33,0.1
OI003567,O01418,P050,2,2647.44,0.2
OI003568,O01419,P041,2,1494.52,0.05
OI003569,O01419,P001,1,5060.04,0.3
OI003570,O01420,P067,4,3139.17,0.1
OI003571,O01420,P041,4,1494.52,0.1
OI003572,O01421,P070,4,4988.16,0.3
OI003573,O01422,P068,2,7430.32,0.3
OI003574,O01423,P016,3,3833.17,0.05
OI003575,O01423,P025,1,3270.83,0.2
OI003576,O01423,P029,1,3811.62,0.05
OI003577,O01423,P022,3,5959.11,0.05
OI003578,O01424,P025,3,3270.83,0.3
OI003579,O01425,P042,4,5125.64,0.1
OI003580,O01425,P071,3,3503.29,0.2
OI003581,O01425,P057,4,3618.93,0.05
OI003582,O01425,P033,4,2579.49,0.15
OI003583,O01426,P010,3,7442.3,0.1
OI003584,O01427,P042,3,5125.64,0.0
OI003585,O01428,P037,1,3125.99,0.15
OI003586,O01428,P063,4,4500.08,0.0
OI003587,O01429,P008,4,5224.68,0.05
OI003588,O01429,P049,2,6189.2,0.2
OI003589,O01429,P028,1,6060.07,0.15
OI003590,O01429,P059,3,4842.61,0.3
OI003591,O01430,P008,1,5224.68,0.15
OI003592,O01431,P025,4,3270.83,0.0
OI003593,O01431,P047,3,6217.65,0.1
OI003594,O01431,P020,4,5123.92,0.2
OI003595,O01432,P010,2,7442.3,0.3
OI003596,O01432,P056,4,5689.43,0.1
OI003597,O01433,P046,1,6490.81,0.3
OI003598,O01433,P077,4,1850.78,0.3
OI003599,O01434,P066,1,6217.53,0.2
OI003600,O01435,P016,4,3833.17,0.3
OI003601,O01435,P006,2,4253.34,0.05
OI003602,O01435,P028,4,6060.07,0.1
OI003603,O01435,P057,1,3618.93,0.3
OI003604,O01436,P023,1,6282.87,0.3
OI003605,O01436,P079,1,2345.86,0.0
OI003606,O01436,P048,3,4310.39,0.15
OI003607,O01436,P013,4,1662.63,0.15
OI003608,O01437,P053,2,2116.53,0.3
OI003609,O01437,P061,2,5698.31,0.1
OI003610,O01438,P024,3,6203.92,0.1
OI003611,O01438,P018,4,3329.63,0.1
OI003612,O01439,P073,1,6594.36,0.3
OI003613,O01439,P006,3,4253.34,0.0
OI003614,O01440,P047,3,6217.65,0.0
OI003615,O01440,P001,3,5060.04,0.05
OI003616,O01441,P041,4,1494.52,0.15
OI003617,O01441,P030,2,6724.47,0.05
OI003618,O01441,P016,3,3833.17,0.0
OI003619,O01442,P028,4,6060.07,0.0
OI003620,O01442,P058,1,4600.81,0.15
OI003621,O01442,P001,4,5060.04,0.15
OI003622,O01442,P055,1,3905.29,0.2
OI003623,O01443,P029,1,3811.62,0.15
OI003624,O01443,P051,3,3109.99,0.05
OI003625,O01444,P062,1,1993.86,0.05
OI003626,O01445,P057,4,3618.93,0.15
OI003627,O01445,P080,4,5576.76,0.05
OI003628,O01446,P054,4,5704.38,0.2
OI003629,O01447,P009,3,4981.98,0.0
OI003630,O01447,P039,2,3602.12,0.05
OI003631,O01448,P071,4,3503.29,0.2
OI003632,O01448,P061,4,5698.31,0.2
OI003633,O01449,P053,1,2116.53,0.15
OI003634,O01449,P026,3,5470.33,0.05
OI003635,O01449,P054,4,5704.38,0.3
OI003636,O01450,P076,1,1644.18,0.3
OI003637,O01450,P068,1,7430.32,0.1
OI003638,O01450,P038,4,2828.73,0.2
OI003639,O01451,P018,4,3329.63,0.0
OI003640,O01451,P051,4,3109.99,0.1
OI003641,O01452,P063,1,4500.08,0.05
OI003642,O01453,P063,2,4500.08,0.15
OI003643,O01454,P056,3,5689.43,0.05
OI003644,O01455,P015,1,7330.81,0.0
OI003645,O01455,P075,4,6578.23,0.05
OI003646,O01455,P053,4,2116.53,0.15
OI003647,O01455,P037,1,3125.99,0.1
OI003648,O01456,P022,4,5959.11,0.15
OI003649,O01456,P049,4,6189.2,0.3
OI003650,O01457,P051,4,3109.99,0.0
OI003651,O01458,P072,3,3098.66,0.15
OI003652,O01458,P022,2,5959.11,0.1
OI003653,O01458,P069,3,5592.45,0.1
OI003654,O01459,P041,4,1494.52,0.0
OI003655,O01459,P018,2,3329.63,0.05
OI003656,O01459,P028,1,6060.07,0.1
OI003657,O01459,P060,3,1760.75,0.3
OI003658,O01460,P020,2,5123.92,0.05
OI003659,O01461,P018,2,3329.63,0.3
OI003660,O01461,P032,4,6623.25,0.3
OI003661,O01461,P031,1,4921.58,0.3
OI003662,O01461,P044,4,4748.93,0.2
OI003663,O01462,P058,3,4600.81,0.2
OI003664,O01462,P029,4,3811.62,0.05
OI003665,O01462,P047,4,6217.65,0.05
OI003666,O01463,P044,3,4748.93,0.15
OI003667,O01463,P003,3,6285.84,0.1
OI003668,O01463,P018,4,3329.63,0.2
OI003669,O01463,P049,1,6189.2,0.0
OI003670,O01464,P004,3,3768.92,0.15
OI003671,O01465,P047,2,6217.65,0.15
OI003672,O01465,P065,3,1521.26,0.3
OI003673,O01466,P070,1,4988.16,0.2
OI003674,O01466,P025,1,3270.83,0.0
OI003675,O01466,P032,2,6623.25,0.1
OI003676,O01466,P061,1,5698.31,0.0
OI003677,O01467,P048,4,4310.39,0.0
OI003678,O01467,P044,3,4748.93,0.0
OI003679,O01468,P057,4,3618.93,0.1
OI003680,O01468,P028,4,6060.07,0.3
OI003681,O01469,P034,2,5252.02,0.05
OI003682,O01469,P008,4,5224.68,0.05
OI003683,O01469,P056,2,5689.43,0.2
OI003684,O01470,P050,4,2647.44,0.2
OI003685,O01471,P033,1,2579.49,0.15
OI003686,O01472,P071,2,3503.29,0.3
OI003687,O01472,P015,1,7330.81,0.05
OI003688,O01473,P078,3,5006.54,0.2
OI003689,O01473,P059,3,4842.61,0.2
OI003690,O01474,P076,4,1644.18,0.2
OI003691,O01474,P045,4,5481.6,0.2
OI003692,O01474,P053,4,2116.53,0.05
OI003693,O01474,P035,4,4806.84,0.1
OI003694,O01475,P044,2,4748.93,0.2
OI003695,O01475,P036,2,1918.28,0.15
OI003696,O01475,P031,3,4921.58,0.0
OI003697,O01475,P060,2,1760.75,0.15
OI003698,O01476,P069,2,5592.45,0.1
OI003699,O01476,P030,4,6724.47,0.2
OI003700,O01476,P051,1,3109.99,0.15
OI003701,O01476,P014,3,5526.86,0.1
OI003702,O01477,P033,2,2579.49,0.05
OI003703,O01477,P019,2,3112.57,0.15
OI003704,O01478,P065,3,1521.26,0.15
OI003705,O01478,P012,3,3994.33,0.1
OI003706,O01479,P028,2,6060.07,0.3
OI003707,O01479,P036,4,1918.28,0.15
OI003708,O01479,P071,3,3503.29,0.2
OI003709,O01479,P066,1,6217.53,0.0
OI003710,O01480,P062,2,1993.86,0.05
OI003711,O01481,P040,2,5866.02,0.05
OI003712,O01482,P061,4,5698.31,0.05
OI003713,O01483,P033,4,2579.49,0.2
OI003714,O01483,P021,4,5344.27,0.05
OI003715,O01484,P016,3,3833.17,0.3
OI003716,O01484,P040,1,5866.02,0.05
OI003717,O01484,P027,1,5678.95,0.0
OI003718,O01484,P065,4,1521.26,0.05
OI003719,O01485,P006,4,4253.34,0.1
OI003720,O01486,P050,3,2647.44,0.1
OI003721,O01486,P054,1,5704.38,0.05
OI003722,O01486,P020,2,5123.92,0.05
OI003723,O01486,P070,3,4988.16,0.05
OI003724,O01487,P041,3,1494.52,0.3
OI003725,O01487,P009,4,4981.98,0.2
OI003726,O01488,P054,1,5704.38,0.0
OI003727,O01488,P071,2,3503.29,0.2
OI003728,O01488,P021,3,5344.27,0.0
OI003729,O01488,P041,4,1494.52,0.1
OI003730,O01489,P065,4,1521.26,0.15
OI003731,O01489,P031,3,4921.58,0.1
OI003732,O01490,P079,3,2345.86,0.05
OI003733,O01490,P039,2,3602.12,0.3
OI003734,O01490,P022,1,5959.11,0.2
OI003735,O01490,P006,1,4253.34,0.1
OI003736,O01491,P075,3,6578.23,0.0
OI003737,O01491,P020,3,5123.92,0.1
OI003738,O01491,P005,2,3320.34,0.0
OI003739,O01492,P079,3,2345.86,0.15
OI003740,O01492,P004,4,3768.92,0.05
OI003741,O01493,P049,3,6189.2,0.15
OI003742,O01493,P022,3,5959.11,0.15
OI003743,O01493,P036,3,1918.28,0.3
OI003744,O01493,P028,1,6060.07,0.1
OI003745,O01494,P041,2,1494.52,0.15
OI003746,O01494,P027,2,5678.95,0.2
OI003747,O01494,P077,1,1850.78,0.0
OI003748,O01495,P026,2,5470.33,0.15
OI003749,O01495,P066,2,6217.53,0.15
OI003750,O01496,P047,3,6217.65,0.2
OI003751,O01496,P057,3,3618.93,0.3
OI003752,O01496,P077,2,1850.78,0.0
OI003753,O01497,P010,3,7442.3,0.1
OI003754,O01497,P057,3,3618.93,0.15
OI003755,O01497,P007,3,3880.55,0.2
OI003756,O01498,P048,1,4310.39,0.0
OI003757,O01498,P040,1,5866.02,0.1
OI003758,O01499,P072,4,3098.66,0.1
OI003759,O01499,P017,2,5112.9,0.15
OI003760,O01499,P045,1,5481.6,0.0
OI003761,O01499,P060,1,1760.75,0.2
OI003762,O01500,P057,2,3618.93,0.2
OI003763,O01501,P027,1,5678.95,0.1
OI003764,O01502,P053,4,2116.53,0.15
OI003765,O01502,P078,4,5006.54,0.2
OI003766,O01502,P014,3,5526.86,0.0
OI003767,O01503,P004,4,3768.92,0.3
OI003768,O01503,P066,3,6217.53,0.1
OI003769,O01503,P029,2,3811.62,0.3
OI003770,O01504,P011,3,7495.81,0.1
OI003771,O01505,P072,1,3098.66,0.05
OI003772,O01505,P022,1,5959.11,0.2
OI003773,O01506,P014,1,5526.86,0.0
OI003774,O01506,P069,3,5592.45,0.15
OI003775,O01506,P012,1,3994.33,0.15
OI003776,O01506,P061,4,5698.31,0.05
OI003777,O01507,P032,1,6623.25,0.1
OI003778,O01507,P023,3,6282.87,0.1
OI003779,O01507,P021,3,5344.27,0.0
OI003780,O01508,P070,2,4988.16,0.15
OI003781,O01509,P077,2,1850.78,0.15
OI003782,O01509,P012,1,3994.33,0.15
OI003783,O01509,P034,4,5252.02,0.15
OI003784,O01510,P056,1,5689.43,0.0
OI003785,O01511,P001,4,5060.04,0.1
OI003786,O01511,P025,1,3270.83,0.1
OI003787,O01512,P058,4,4600.81,0.05
OI003788,O01512,P023,1,6282.87,0.1
OI003789,O01512,P014,2,5526.86,0.2
OI003790,O01513,P028,3,6060.07,0.2
OI003791,O01513,P006,2,4253.34,0.05
OI003792,O01513,P047,3,6217.65,0.3
OI003793,O01514,P079,4,2345.86,0.05
OI003794,O01514,P015,1,7330.81,0.15
OI003795,O01515,P050,2,2647.44,0.05
OI003796,O01515,P003,1,6285.84,0.2
OI003797,O01515,P007,1,3880.55,0.3
OI003798,O01515,P069,1,5592.45,0.15
OI003799,O01516,P061,3,5698.31,0.2
OI003800,O01516,P033,2,2579.49,0.1
OI003801,O01516,P038,3,2828.73,0.15
OI003802,O01517,P012,1,3994.33,0.1
OI003803,O01517,P067,3,3139.17,0.2
OI003804,O01517,P076,4,1644.18,0.05
OI003805,O01517,P005,1,3320.34,0.15
OI003806,O01518,P072,2,3098.66,0.15
OI003807,O01518,P036,3,1918.28,0.2
OI003808,O01518,P003,3,6285.84,0.0
OI003809,O01519,P067,3,3139.17,0.0
OI003810,O01519,P004,1,3768.92,0.3
OI003811,O01520,P002,1,3793.81,0.15
OI003812,O01521,P057,1,3618.93,0.1
OI003813,O01521,P019,4,3112.57,0.3
OI003814,O01521,P063,3,4500.08,0.05
OI003815,O01521,P014,2,5526.86,0.15
OI003816,O01522,P042,4,5125.64,0.3
OI003817,O01523,P024,2,6203.92,0.15
OI003818,O01524,P077,4,1850.78,0.05
OI003819,O01525,P035,4,4806.84,0.05
OI003820,O01525,P004,3,3768.92,0.1
OI003821,O01526,P025,1,3270.83,0.2
OI003822,O01527,P073,4,6594.36,0.1
OI003823,O01527,P051,1,3109.99,0.0
OI003824,O01527,P001,2,5060.04,0.05
OI003825,O01528,P012,2,3994.33,0.0
OI003826,O01529,P024,3,6203.92,0.0
OI003827,O01529,P052,3,5599.03,0.1
OI003828,O01530,P023,3,6282.87,0.0
OI003829,O01530,P020,3,5123.92,0.05
OI003830,O01531,P042,2,5125.64,0.2
OI003831,O01531,P061,2,5698.31,0.15
OI003832,O01531,P051,2,3109.99,0.3
OI003833,O01532,P042,1,5125.64,0.1
OI003834,O01532,P014,1,5526.86,0.05
OI003835,O01533,P031,3,4921.58,0.2
OI003836,O01533,P027,2,5678.95,0.0
OI003837,O01534,P054,4,5704.38,0.3
OI003838,O01535,P014,4,5526.86,0.1
OI003839,O01535,P040,2,5866.02,0.1
OI003840,O01536,P078,2,5006.54,0.2
OI003841,O01536,P066,2,6217.53,0.15
OI003842,O01537,P057,1,3618.93,0.2
OI003843,O01538,P018,3,3329.63,0.15
OI003844,O01538,P006,2,4253.34,0.3
OI003845,O01538,P040,3,5866.02,0.15
OI003846,O01539,P041,3,1494.52,0.3
OI003847,O01540,P006,4,4253.34,0.3
OI003848,O01540,P054,2,5704.38,0.2
OI003849,O01540,P014,3,5526.86,0.05
OI003850,O01541,P036,1,1918.28,0.15
OI003851,O01541,P075,4,6578.23,0.2
OI003852,O01541,P009,2,4981.98,0.3
OI003853,O01541,P061,2,5698.31,0.15
OI003854,O01542,P042,2,5125.64,0.15
OI003855,O01542,P043,3,6217.67,0.1
OI003856,O01543,P007,4,3880.55,0.0
OI003857,O01543,P069,1,5592.45,0.0
OI003858,O01543,P011,2,7495.81,0.3
OI003859,O01544,P055,3,3905.29,0.1
OI003860,O01544,P064,3,4726.39,0.1
OI003861,O01544,P001,3,5060.04,0.1
OI003862,O01544,P067,2,3139.17,0.05
OI003863,O01545,P070,1,4988.16,0.15
OI003864,O01545,P057,3,3618.93,0.05
OI003865,O01546,P005,3,3320.34,0.3
OI003866,O01546,P004,2,3768.92,0.05
OI003867,O01547,P029,2,3811.62,0.3
OI003868,O01547,P022,3,5959.11,0.15
OI003869,O01547,P013,2,1662.63,0.15
OI003870,O01547,P011,4,7495.81,0.15
OI003871,O01548,P076,3,1644.18,0.15
OI003872,O01548,P004,1,3768.92,0.05
OI003873,O01548,P068,2,7430.32,0.15
OI003874,O01548,P054,1,5704.38,0.2
OI003875,O01549,P076,3,1644.18,0.1
OI003876,O01550,P055,3,3905.29,0.05
OI003877,O01550,P008,4,5224.68,0.15
OI003878,O01551,P053,2,2116.53,0.2
OI003879,O01552,P075,2,6578.23,0.05
OI003880,O01552,P079,2,2345.86,0.0
OI003881,O01553,P013,3,1662.63,0.1
OI003882,O01553,P050,3,2647.44,0.2
OI003883,O01553,P037,1,3125.99,0.1
OI003884,O01554,P075,2,6578.23,0.3
OI003885,O01554,P025,4,3270.83,0.1
OI003886,O01554,P002,2,3793.81,0.05
OI003887,O01554,P066,1,6217.53,0.1
OI003888,O01555,P030,4,6724.47,0.15
OI003889,O01555,P064,1,4726.39,0.1
OI003890,O01555,P053,3,2116.53,0.3
OI003891,O01556,P031,4,4921.58,0.1
OI003892,O01556,P034,4,5252.02,0.1
OI003893,O01556,P037,4,3125.99,0.05
OI003894,O01557,P048,4,4310.39,0.0
OI003895,O01558,P045,2,5481.6,0.15
OI003896,O01558,P018,2,3329.63,0.2
OI003897,O01558,P059,1,4842.61,0.05
OI003898,O01559,P007,2,3880.55,0.1
OI003899,O01560,P008,4,5224.68,0.15
OI003900,O01561,P009,4,4981.98,0.3
OI003901,O01561,P057,3,3618.93,0.0
OI003902,O01561,P050,3,2647.44,0.3
OI003903,O01562,P043,2,6217.67,0.0
OI003904,O01562,P063,3,4500.08,0.3
OI003905,O01562,P034,4,5252.02,0.05
OI003906,O01563,P066,4,6217.53,0.15
OI003907,O01563,P041,2,1494.52,0.05
OI003908,O01563,P069,3,5592.45,0.1
OI003909,O01564,P001,4,5060.04,0.3
OI003910,O01564,P075,2,6578.23,0.3
OI003911,O01565,P005,2,3320.34,0.15
OI003912,O01566,P014,4,5526.86,0.15
OI003913,O01567,P078,4,5006.54,0.05
OI003914,O01567,P072,1,3098.66,0.15
OI003915,O01567,P019,3,3112.57,0.05
OI003916,O01568,P061,3,5698.31,0.0
OI003917,O01568,P072,2,3098.66,0.0
OI003918,O01569,P019,3,3112.57,0.3
OI003919,O01569,P016,2,3833.17,0.2
OI003920,O01569,P015,3,7330.81,0.05
OI003921,O01570,P063,1,4500.08,0.1
OI003922,O01571,P063,4,4500.08,0.05
OI003923,O01572,P041,2,1494.52,0.05
OI003924,O01572,P045,2,5481.6,0.15
OI003925,O01573,P061,2,5698.31,0.15
OI003926,O01573,P059,2,4842.61,0.2
OI003927,O01573,P041,1,1494.52,0.0
OI003928,O01574,P016,1,3833.17,0.05
OI003929,O01574,P006,3,4253.34,0.1
OI003930,O01575,P052,2,5599.03,0.15
OI003931,O01575,P057,2,3618.93,0.1
OI003932,O01575,P008,3,5224.68,0.3
OI003933,O01575,P047,4,6217.65,0.2
OI003934,O01576,P042,3,5125.64,0.15
OI003935,O01576,P077,4,1850.78,0.2
OI003936,O01576,P017,1,5112.9,0.2
OI003937,O01577,P076,4,1644.18,0.3
OI003938,O01577,P074,3,7323.07,0.3
OI003939,O01577,P072,4,3098.66,0.0
OI003940,O01578,P015,4,7330.81,0.1
OI003941,O01578,P050,1,2647.44,0.0
OI003942,O01578,P074,4,7323.07,0.05
OI003943,O01578,P045,4,5481.6,0.0
OI003944,O01579,P071,1,3503.29,0.05
OI003945,O01579,P051,1,3109.99,0.3
OI003946,O01579,P018,1,3329.63,0.0
OI003947,O01579,P024,1,6203.92,0.3
OI003948,O01580,P006,4,4253.34,0.15
OI003949,O01580,P076,4,1644.18,0.1
OI003950,O01580,P040,4,5866.02,0.3
OI003951,O01580,P056,2,5689.43,0.15
OI003952,O01581,P064,1,4726.39,0.1
OI003953,O01581,P035,4,4806.84,0.0
OI003954,O01582,P053,3,2116.53,0.2
OI003955,O01582,P039,4,3602.12,0.1
OI003956,O01583,P023,3,6282.87,0.2
OI003957,O01583,P036,2,1918.28,0.2
OI003958,O01584,P074,4,7323.07,0.1
OI003959,O01584,P071,2,3503.29,0.2
OI003960,O01584,P042,3,5125.64,0.0
OI003961,O01585,P065,4,1521.26,0.1
OI003962,O01586,P010,2,7442.3,0.05
OI003963,O01586,P007,2,3880.55,0.0
OI003964,O01586,P068,2,7430.32,0.05
OI003965,O01586,P051,4,3109.99,0.05
OI003966,O01587,P059,3,4842.61,0.05
OI003967,O01588,P017,2,5112.9,0.2
OI003968,O01588,P003,2,6285.84,0.15
OI003969,O01588,P063,1,4500.08,0.15
OI003970,O01589,P075,4,6578.23,0.0
OI003971,O01589,P029,4,3811.62,0.2
OI003972,O01589,P038,3,2828.73,0.15
OI003973,O01589,P039,4,3602.12,0.15
OI003974,O01590,P052,2,5599.03,0.0
OI003975,O01590,P014,4,5526.86,0.05
OI003976,O01590,P035,3,4806.84,0.1
OI003977,O01590,P070,4,4988.16,0.2
OI003978,O01591,P073,4,6594.36,0.05
OI003979,O01591,P050,3,2647.44,0.05
OI003980,O01591,P006,4,4253.34,0.2
OI003981,O01591,P010,2,7442.3,0.0
OI003982,O01592,P020,2,5123.92,0.3
OI003983,O01593,P047,2,6217.65,0.0
OI003984,O01594,P041,1,1494.52,0.2
OI003985,O01594,P076,4,1644.18,0.0
OI003986,O01594,P055,4,3905.29,0.05
OI003987,O01595,P021,2,5344.27,0.15
OI003988,O01595,P012,2,3994.33,0.2
OI003989,O01596,P013,4,1662.63,0.1
OI003990,O01596,P026,4,5470.33,0.15
OI003991,O01596,P080,3,5576.76,0.3
OI003992,O01596,P040,3,5866.02,0.05
OI003993,O01597,P001,1,5060.04,0.2
OI003994,O01597,P053,2,2116.53,0.0
OI003995,O01598,P057,3,3618.93,0.15
OI003996,O01598,P052,1,5599.03,0.1
OI003997,O01598,P014,1,5526.86,0.1
OI003998,O01599,P043,1,6217.67,0.15
OI003999,O01599,P077,1,1850.78,0.3
OI004000,O01599,P025,2,3270.83,0.15
OI004001,O01600,P026,1,5470.33,0.15
OI004002,O01601,P007,3,3880.55,0.15
OI004003,O01602,P035,2,4806.84,0.3
OI004004,O01602,P034,1,5252.02,0.05
OI004005,O01603,P054,2,5704.38,0.15
OI004006,O01603,P007,1,3880.55,0.1
OI004007,O01604,P045,4,5481.6,0.0
OI004008,O01604,P049,2,6189.2,0.05
OI004009,O01604,P040,3,5866.02,0.15
OI004010,O01604,P038,2,2828.73,0.05
OI004011,O01605,P021,1,5344.27,0.3
OI004012,O01605,P040,3,5866.02,0.1
OI004013,O01605,P028,3,6060.07,0.05
OI004014,O01606,P034,4,5252.02,0.1
OI004015,O01607,P080,1,5576.76,0.2
OI004016,O01607,P079,3,2345.86,0.3
OI004017,O01608,P058,3,4600.81,0.1
OI004018,O01608,P049,1,6189.2,0.3
OI004019,O01608,P009,2,4981.98,0.05
OI004020,O01608,P020,1,5123.92,0.1
OI004021,O01609,P008,2,5224.68,0.15
OI004022,O01609,P020,1,5123.92,0.05
OI004023,O01609,P013,2,1662.63,0.0
OI004024,O01609,P015,2,7330.81,0.1
OI004025,O01610,P040,1,5866.02,0.15
OI004026,O01610,P064,4,4726.39,0.3
OI004027,O01611,P065,4,1521.26,0.15
OI004028,O01611,P062,4,1993.86,0.2
OI004029,O01612,P067,2,3139.17,0.2
OI004030,O01612,P074,4,7323.07,0.3
OI004031,O01612,P045,1,5481.6,0.3
OI004032,O01612,P034,4,5252.02,0.0
OI004033,O01613,P017,4,5112.9,0.2
OI004034,O01614,P033,1,2579.49,0.3
OI004035,O01614,P073,3,6594.36,0.2
OI004036,O01614,P050,4,2647.44,0.05
OI004037,O01615,P067,1,3139.17,0.15
OI004038,O01615,P059,4,4842.61,0.1
OI004039,O01615,P056,2,5689.43,0.05
OI004040,O01615,P010,3,7442.3,0.3
OI004041,O01616,P057,2,3618.93,0.15
OI004042,O01616,P063,2,4500.08,0.3
OI004043,O01616,P062,3,1993.86,0.15
OI004044,O01617,P063,4,4500.08,0.05
OI004045,O01617,P042,1,5125.64,0.2
OI004046,O01618,P027,4,5678.95,0.1
OI004047,O01618,P052,1,5599.03,0.0
OI004048,O01618,P059,3,4842.61,0.15
OI004049,O01619,P001,1,5060.04,0.1
OI004050,O01619,P056,3,5689.43,0.15
OI004051,O01619,P063,3,4500.08,0.15
OI004052,O01620,P023,3,6282.87,0.3
OI004053,O01620,P026,3,5470.33,0.0
OI004054,O01620,P048,3,4310.39,0.05
OI004055,O01621,P016,4,3833.17,0.1
OI004056,O01622,P011,3,7495.81,0.2
OI004057,O01623,P009,1,4981.98,0.05
OI004058,O01623,P029,1,3811.62,0.1
OI004059,O01624,P016,1,3833.17,0.2
OI004060,O01625,P032,1,6623.25,0.3
OI004061,O01625,P075,3,6578.23,0.05
OI004062,O01626,P010,3,7442.3,0.1
OI004063,O01626,P057,1,3618.93,0.0
OI004064,O01626,P044,3,4748.93,0.2
OI004065,O01627,P034,2,5252.02,0.3
OI004066,O01628,P073,4,6594.36,0.05
OI004067,O01628,P041,1,1494.52,0.05
OI004068,O01628,P028,2,6060.07,0.0
OI004069,O01628,P022,1,5959.11,0.15
OI004070,O01629,P041,4,1494.52,0.0
OI004071,O01629,P018,4,3329.63,0.0
OI004072,O01629,P046,1,6490.81,0.0
OI004073,O01629,P054,1,5704.38,0.1
OI004074,O01630,P002,3,3793.81,0.15
OI004075,O01630,P024,1,6203.92,0.05
OI004076,O01630,P059,4,4842.61,0.15
OI004077,O01631,P075,1,6578.23,0.05
OI004078,O01632,P065,2,1521.26,0.2
OI004079,O01632,P006,4,4253.34,0.2
OI004080,O01632,P040,4,5866.02,0.15
OI004081,O01633,P043,2,6217.67,0.2
OI004082,O01634,P056,2,5689.43,0.2
OI004083,O01635,P031,1,4921.58,0.05
OI004084,O01635,P018,2,3329.63,0.0
OI004085,O01636,P016,4,3833.17,0.15
OI004086,O01636,P027,2,5678.95,0.15
OI004087,O01636,P019,3,3112.57,0.0
OI004088,O01636,P021,4,5344.27,0.05
OI004089,O01637,P042,4,5125.64,0.2
OI004090,O01638,P048,4,4310.39,0.05
OI004091,O01638,P032,1,6623.25,0.0
OI004092,O01639,P064,4,4726.39,0.0
OI004093,O01639,P078,2,5006.54,0.3
OI004094,O01639,P002,1,3793.81,0.15
OI004095,O01640,P035,2,4806.84,0.3
OI004096,O01640,P075,3,6578.23,0.0
OI004097,O01641,P020,1,5123.92,0.2
OI004098,O01641,P052,4,5599.03,0.3
OI004099,O01642,P076,3,1644.18,0.2
OI004100,O01642,P025,4,3270.83,0.3
OI004101,O01642,P012,4,3994.33,0.05
OI004102,O01643,P017,3,5112.9,0.15
OI004103,O01644,P064,4,4726.39,0.1
OI004104,O01644,P065,1,1521.26,0.1
OI004105,O01644,P007,2,3880.55,0.3
OI004106,O01644,P056,1,5689.43,0.0
OI004107,O01645,P045,1,5481.6,0.2
OI004108,O01645,P012,1,3994.33,0.05
OI004109,O01645,P079,4,2345.86,0.05
OI004110,O01646,P030,3,6724.47,0.15
OI004111,O01646,P033,4,2579.49,0.1
OI004112,O01646,P049,4,6189.2,0.2
OI004113,O01647,P011,2,7495.81,0.15
OI004114,O01647,P009,2,4981.98,0.0
OI004115,O01647,P044,3,4748.93,0.15
OI004116,O01647,P036,1,1918.28,0.05
OI004117,O01648,P056,1,5689.43,0.0
OI004118,O01649,P062,4,1993.86,0.05
OI004119,O01649,P038,2,2828.73,0.0
OI004120,O01650,P038,3,2828.73,0.0
OI004121,O01650,P051,2,3109.99,0.2
OI004122,O01651,P046,3,6490.81,0.1
OI004123,O01651,P041,2,1494.52,0.2
OI004124,O01651,P080,4,5576.76,0.2
OI004125,O01652,P022,4,5959.11,0.0
OI004126,O01652,P003,1,6285.84,0.1
OI004127,O01652,P061,4,5698.31,0.0
OI004128,O01653,P021,2,5344.27,0.15
OI004129,O01653,P050,2,2647.44,0.15
OI004130,O01653,P015,2,7330.81,0.3
OI004131,O01653,P059,1,4842.61,0.15
OI004132,O01654,P009,1,4981.98,0.05
OI004133,O01654,P012,2,3994.33,0.3
OI004134,O01654,P048,1,4310.39,0.3
OI004135,O01655,P074,1,7323.07,0.15
OI004136,O01655,P024,2,6203.92,0.0
OI004137,O01655,P066,4,6217.53,0.05
OI004138,O01656,P016,4,3833.17,0.05
OI004139,O01656,P043,4,6217.67,0.15
OI004140,O01656,P030,2,6724.47,0.05
OI004141,O01656,P072,3,3098.66,0.05
OI004142,O01657,P006,4,4253.34,0.3
OI004143,O01657,P052,2,5599.03,0.3
OI004144,O01657,P051,4,3109.99,0.0
OI004145,O01658,P042,2,5125.64,0.1
OI004146,O01658,P059,3,4842.61,0.15
OI004147,O01659,P004,2,3768.92,0.0
OI004148,O01660,P011,3,7495.81,0.15
OI004149,O01660,P021,1,5344.27,0.3
OI004150,O01660,P050,4,2647.44,0.15
OI004151,O01660,P036,1,1918.28,0.1
OI004152,O01661,P018,2,3329.63,0.15
OI004153,O01661,P073,3,6594.36,0.1
OI004154,O01661,P058,2,4600.81,0.2
OI004155,O01662,P004,1,3768.92,0.3
OI004156,O01662,P059,4,4842.61,0.0
OI004157,O01662,P050,1,2647.44,0.05
OI004158,O01663,P021,4,5344.27,0.2
OI004159,O01663,P050,1,2647.44,0.15
OI004160,O01663,P020,1,5123.92,0.15
OI004161,O01663,P072,4,3098.66,0.3
OI004162,O01664,P019,1,3112.57,0.05
OI004163,O01664,P011,3,7495.81,0.2
OI004164,O01664,P015,2,7330.81,0.0
OI004165,O01664,P013,2,1662.63,0.05
OI004166,O01665,P016,4,3833.17,0.2
OI004167,O01665,P071,2,3503.29,0.1
OI004168,O01665,P010,2,7442.3,0.1
OI004169,O01666,P016,2,3833.17,0.0
OI004170,O01666,P062,2,1993.86,0.2
OI004171,O01666,P044,2,4748.93,0.05
OI004172,O01666,P015,2,7330.81,0.3
OI004173,O01667,P005,2,3320.34,0.05
OI004174,O01667,P068,4,7430.32,0.3
OI004175,O01667,P072,3,3098.66,0.1
OI004176,O01668,P016,1,3833.17,0.15
OI004177,O01668,P066,4,6217.53,0.15
OI004178,O01668,P055,2,3905.29,0.05
OI004179,O01668,P038,1,2828.73,0.15
OI004180,O01669,P064,2,4726.39,0.1
OI004181,O01670,P020,1,5123.92,0.2
OI004182,O01671,P063,4,4500.08,0.0
OI004183,O01671,P046,1,6490.81,0.3
OI004184,O01672,P061,2,5698.31,0.05
OI004185,O01672,P051,3,3109.99,0.0
OI004186,O01673,P017,4,5112.9,0.05
OI004187,O01673,P041,4,1494.52,0.3
OI004188,O01674,P075,3,6578.23,0.3
OI004189,O01674,P017,4,5112.9,0.05
OI004190,O01674,P012,3,3994.33,0.15
OI004191,O01675,P010,3,7442.3,0.3
OI004192,O01675,P074,2,7323.07,0.0
OI004193,O01675,P041,4,1494.52,0.15
OI004194,O01675,P043,3,6217.67,0.0
OI004195,O01676,P006,2,4253.34,0.1
OI004196,O01676,P042,3,5125.64,0.2
OI004197,O01676,P048,1,4310.39,0.3
OI004198,O01676,P079,1,2345.86,0.05
OI004199,O01677,P029,2,3811.62,0.2
OI004200,O01677,P026,4,5470.33,0.1
OI004201,O01678,P005,1,3320.34,0.15
OI004202,O01678,P054,1,5704.38,0.2
OI004203,O01679,P046,2,6490.81,0.05
OI004204,O01679,P041,4,1494.52,0.15
OI004205,O01680,P021,2,5344.27,0.3
OI004206,O01681,P044,1,4748.93,0.3
OI004207,O01681,P031,4,4921.58,0.05
OI004208,O01681,P011,1,7495.81,0.05
OI004209,O01681,P030,2,6724.47,0.1
OI004210,O01682,P011,1,7495.81,0.2
OI004211,O01682,P059,1,4842.61,0.2
OI004212,O01682,P067,4,3139.17,0.1
OI004213,O01682,P075,3,6578.23,0.2
OI004214,O01683,P023,3,6282.87,0.0
OI004215,O01683,P029,2,3811.62,0.1
OI004216,O01683,P016,1,3833.17,0.2
OI004217,O01683,P045,3,5481.6,0.3
OI004218,O01684,P068,1,7430.32,0.0
OI004219,O01684,P003,1,6285.84,0.2
OI004220,O01684,P070,3,4988.16,0.05
OI004221,O01684,P006,1,4253.34,0.0
OI004222,O01685,P060,4,1760.75,0.1
OI004223,O01685,P072,2,3098.66,0.2
OI004224,O01686,P073,4,6594.36,0.0
OI004225,O01687,P051,3,3109.99,0.05
OI004226,O01688,P034,1,5252.02,0.05
OI004227,O01688,P037,1,3125.99,0.2
OI004228,O01688,P054,2,5704.38,0.1
OI004229,O01689,P069,1,5592.45,0.1
OI004230,O01689,P019,1,3112.57,0.2
OI004231,O01689,P029,4,3811.62,0.2
OI004232,O01689,P033,2,2579.49,0.1
OI004233,O01690,P066,2,6217.53,0.2
OI004234,O01690,P040,3,5866.02,0.1
OI004235,O01690,P033,4,2579.49,0.1
OI004236,O01690,P046,4,6490.81,0.15
OI004237,O01691,P026,4,5470.33,0.2
OI004238,O01691,P067,3,3139.17,0.1
OI004239,O01691,P021,3,5344.27,0.1
OI004240,O01691,P076,2,1644.18,0.05
OI004241,O01692,P072,3,3098.66,0.1
OI004242,O01693,P078,3,5006.54,0.1
OI004243,O01693,P044,1,4748.93,0.1
OI004244,O01693,P009,1,4981.98,0.05
OI004245,O01693,P047,4,6217.65,0.1
OI004246,O01694,P025,3,3270.83,0.0
OI004247,O01694,P001,4,5060.04,0.0
OI004248,O01695,P001,4,5060.04,0.15
OI004249,O01695,P065,4,1521.26,0.0
OI004250,O01695,P056,3,5689.43,0.3
OI004251,O01696,P041,2,1494.52,0.0
OI004252,O01696,P078,4,5006.54,0.2
OI004253,O01697,P076,2,1644.18,0.15
OI004254,O01697,P015,1,7330.81,0.15
OI004255,O01698,P028,2,6060.07,0.2
OI004256,O01698,P006,1,4253.34,0.0
OI004257,O01698,P077,1,1850.78,0.1
OI004258,O01699,P040,1,5866.02,0.15
OI004259,O01699,P022,4,5959.11,0.1
OI004260,O01699,P020,1,5123.92,0.15
OI004261,O01700,P025,2,3270.83,0.15
OI004262,O01700,P074,3,7323.07,0.3
OI004263,O01701,P027,1,5678.95,0.0
OI004264,O01701,P002,1,3793.81,0.15
OI004265,O01701,P001,1,5060.04,0.15
OI004266,O01701,P080,4,5576.76,0.0
OI004267,O01702,P075,3,6578.23,0.3
OI004268,O01702,P020,1,5123.92,0.1
OI004269,O01702,P044,3,4748.93,0.2
OI004270,O01703,P079,4,2345.86,0.05
OI004271,O01703,P056,4,5689.43,0.15
OI004272,O01703,P075,1,6578.23,0.1
OI004273,O01703,P072,1,3098.66,0.2
OI004274,O01704,P006,4,4253.34,0.3
OI004275,O01704,P029,2,3811.62,0.2
OI004276,O01705,P036,2,1918.28,0.2
OI004277,O01705,P028,3,6060.07,0.1
OI004278,O01705,P056,2,5689.43,0.15
OI004279,O01706,P005,3,3320.34,0.05
OI004280,O01707,P017,4,5112.9,0.05
OI004281,O01707,P061,4,5698.31,0.1
OI004282,O01707,P031,1,4921.58,0.2
OI004283,O01708,P030,3,6724.47,0.2
OI004284,O01709,P039,2,3602.12,0.2
OI004285,O01709,P068,3,7430.32,0.0
OI004286,O01710,P028,3,6060.07,0.0
OI004287,O01710,P080,2,5576.76,0.3
OI004288,O01710,P008,3,5224.68,0.15
OI004289,O01710,P032,1,6623.25,0.3
OI004290,O01711,P043,3,6217.67,0.05
OI004291,O01711,P072,2,3098.66,0.15
OI004292,O01712,P031,4,4921.58,0.3
OI004293,O01713,P072,1,3098.66,0.15
OI004294,O01713,P078,4,5006.54,0.0
OI004295,O01713,P069,3,5592.45,0.15
OI004296,O01713,P016,2,3833.17,0.2
OI004297,O01714,P028,4,6060.07,0.15
OI004298,O01715,P010,3,7442.3,0.3
OI004299,O01716,P009,2,4981.98,0.05
OI004300,O01717,P024,3,6203.92,0.2
OI004301,O01718,P066,4,6217.53,0.05
OI004302,O01718,P056,3,5689.43,0.2
OI004303,O01719,P052,3,5599.03,0.15
OI004304,O01719,P003,2,6285.84,0.05
OI004305,O01719,P032,1,6623.25,0.2
OI004306,O01719,P036,2,1918.28,0.2
OI004307,O01720,P032,2,6623.25,0.3
OI004308,O01720,P019,2,3112.57,0.2
OI004309,O01721,P037,2,3125.99,0.3
OI004310,O01721,P033,3,2579.49,0.0
OI004311,O01722,P002,3,3793.81,0.05
OI004312,O01723,P011,1,7495.81,0.05
OI004313,O01723,P066,1,6217.53,0.15
OI004314,O01724,P042,3,5125.64,0.05
OI004315,O01724,P025,4,3270.83,0.3
OI004316,O01724,P015,1,7330.81,0.0
OI004317,O01725,P012,3,3994.33,0.0
OI004318,O01725,P068,1,7430.32,0.0
OI004319,O01726,P041,4,1494.52,0.1
OI004320,O01727,P019,3,3112.57,0.1
OI004321,O01727,P079,1,2345.86,0.3
OI004322,O01728,P014,3,5526.86,0.05
OI004323,O01729,P048,1,4310.39,0.05
OI004324,O01730,P008,3,5224.68,0.2
OI004325,O01730,P015,4,7330.81,0.05
OI004326,O01730,P060,1,1760.75,0.3
OI004327,O01731,P029,4,3811.62,0.15
OI004328,O01731,P015,4,7330.81,0.3
OI004329,O01731,P003,2,6285.84,0.3
OI004330,O01732,P025,4,3270.83,0.2
OI004331,O01732,P001,1,5060.04,0.0
OI004332,O01733,P059,2,4842.61,0.1
OI004333,O01733,P042,4,5125.64,0.1
OI004334,O01733,P021,3,5344.27,0.3
OI004335,O01734,P043,3,6217.67,0.3
OI004336,O01735,P059,4,4842.61,0.1
OI004337,O01736,P032,1,6623.25,0.05
OI004338,O01736,P052,4,5599.03,0.3
OI004339,O01736,P039,3,3602.12,0.15
OI004340,O01737,P049,3,6189.2,0.15
OI004341,O01737,P080,4,5576.76,0.2
OI004342,O01738,P019,4,3112.57,0.15
OI004343,O01738,P052,1,5599.03,0.1
OI004344,O01739,P044,4,4748.93,0.1
OI004345,O01739,P068,3,7430.32,0.15
OI004346,O01739,P004,3,3768.92,0.2
OI004347,O01739,P050,2,2647.44,0.15
OI004348,O01740,P074,3,7323.07,0.0
OI004349,O01740,P060,2,1760.75,0.2
OI004350,O01741,P031,3,4921.58,0.0
OI004351,O01741,P019,2,3112.57,0.05
OI004352,O01742,P077,1,1850.78,0.3
OI004353,O01742,P013,1,1662.63,0.05
OI004354,O01742,P059,3,4842.61,0.3
OI004355,O01742,P007,3,3880.55,0.0
OI004356,O01743,P061,3,5698.31,0.0
OI004357,O01744,P032,1,6623.25,0.0
OI004358,O01744,P001,2,5060.04,0.1
OI004359,O01744,P020,2,5123.92,0.2
OI004360,O01745,P004,3,3768.92,0.3
OI004361,O01746,P029,3,3811.62,0.0
OI004362,O01747,P027,4,5678.95,0.15
OI004363,O01747,P042,4,5125.64,0.1
OI004364,O01747,P054,1,5704.38,0.1
OI004365,O01747,P018,4,3329.63,0.2
OI004366,O01748,P024,3,6203.92,0.05
OI004367,O01748,P050,1,2647.44,0.15
OI004368,O01748,P048,4,4310.39,0.3
OI004369,O01749,P065,2,1521.26,0.15
OI004370,O01749,P079,2,2345.86,0.05
OI004371,O01749,P042,1,5125.64,0.0
OI004372,O01750,P024,2,6203.92,0.3
OI004373,O01750,P079,3,2345.86,0.15
OI004374,O01751,P073,1,6594.36,0.3
OI004375,O01752,P044,2,4748.93,0.15
OI004376,O01752,P079,2,2345.86,0.05
OI004377,O01752,P068,2,7430.32,0.0
OI004378,O01752,P047,4,6217.65,0.05
OI004379,O01753,P034,4,5252.02,0.15
OI004380,O01753,P066,2,6217.53,0.3
OI004381,O01753,P027,4,5678.95,0.3
OI004382,O01753,P019,1,3112.57,0.3
OI004383,O01754,P050,3,2647.44,0.05
OI004384,O01755,P076,4,1644.18,0.05
OI004385,O01756,P012,2,3994.33,0.2
OI004386,O01756,P045,2,5481.6,0.0
OI004387,O01756,P026,3,5470.33,0.2
OI004388,O01757,P001,4,5060.04,0.05
OI004389,O01757,P014,4,5526.86,0.05
OI004390,O01758,P050,1,2647.44,0.05
OI004391,O01758,P061,4,5698.31,0.0
OI004392,O01759,P063,3,4500.08,0.3
OI004393,O01760,P053,1,2116.53,0.15
OI004394,O01761,P073,2,6594.36,0.05
OI004395,O01762,P056,2,5689.43,0.1
OI004396,O01762,P006,2,4253.34,0.05
OI004397,O01762,P041,1,1494.52,0.1
OI004398,O01762,P063,2,4500.08,0.1
OI004399,O01763,P072,4,3098.66,0.0
OI004400,O01763,P002,2,3793.81,0.0
OI004401,O01763,P009,1,4981.98,0.0
OI004402,O01763,P069,4,5592.45,0.0
OI004403,O01764,P067,1,3139.17,0.15
OI004404,O01764,P072,4,3098.66,0.2
OI004405,O01764,P013,2,1662.63,0.2
OI004406,O01764,P051,4,3109.99,0.3
OI004407,O01765,P059,1,4842.61,0.15
OI004408,O01765,P063,2,4500.08,0.05
OI004409,O01765,P058,2,4600.81,0.0
OI004410,O01766,P033,3,2579.49,0.05
OI004411,O01766,P034,4,5252.02,0.0
OI004412,O01767,P025,2,3270.83,0.3
OI004413,O01768,P067,2,3139.17,0.05
OI004414,O01768,P030,1,6724.47,0.2
OI004415,O01768,P020,3,5123.92,0.15
OI004416,O01769,P070,4,4988.16,0.2
OI004417,O01769,P003,2,6285.84,0.3
OI004418,O01769,P041,3,1494.52,0.3
OI004419,O01770,P016,1,3833.17,0.05
OI004420,O01770,P059,2,4842.61,0.1
OI004421,O01770,P078,3,5006.54,0.05
OI004422,O01770,P080,3,5576.76,0.0
OI004423,O01771,P022,3,5959.11,0.05
OI004424,O01771,P053,4,2116.53,0.3
OI004425,O01772,P079,3,2345.86,0.2
OI004426,O01772,P027,4,5678.95,0.0
OI004427,O01772,P039,1,3602.12,0.0
OI004428,O01772,P059,3,4842.61,0.3
OI004429,O01773,P012,2,3994.33,0.1
OI004430,O01774,P049,4,6189.2,0.05
OI004431,O01775,P019,1,3112.57,0.1
OI004432,O01776,P029,1,3811.62,0.2
OI004433,O01777,P004,3,3768.92,0.05
OI004434,O01777,P006,2,4253.34,0.15
OI004435,O01778,P032,4,6623.25,0.2
OI004436,O01778,P010,2,7442.3,0.05
OI004437,O01779,P059,4,4842.61,0.05
OI004438,O01780,P024,4,6203.92,0.1
OI004439,O01780,P073,4,6594.36,0.05
OI004440,O01780,P019,2,3112.57,0.15
OI004441,O01781,P080,1,5576.76,0.15
OI004442,O01781,P064,2,4726.39,0.1
OI004443,O01781,P031,1,4921.58,0.1
OI004444,O01782,P078,1,5006.54,0.1
OI004445,O01783,P015,2,7330.81,0.3
OI004446,O01784,P067,4,3139.17,0.1
OI004447,O01784,P076,3,1644.18,0.2
OI004448,O01785,P040,4,5866.02,0.05
OI004449,O01785,P065,2,1521.26,0.05
OI004450,O01785,P013,3,1662.63,0.0
OI004451,O01786,P063,1,4500.08,0.0
OI004452,O01787,P032,1,6623.25,0.1
OI004453,O01787,P003,1,6285.84,0.05
OI004454,O01788,P076,4,1644.18,0.0
OI004455,O01789,P071,2,3503.29,0.0
OI004456,O01790,P034,3,5252.02,0.15
OI004457,O01791,P030,2,6724.47,0.15
OI004458,O01792,P017,2,5112.9,0.0
OI004459,O01792,P066,1,6217.53,0.2
OI004460,O01793,P004,2,3768.92,0.15
OI004461,O01793,P039,3,3602.12,0.05
OI004462,O01793,P023,2,6282.87,0.2
OI004463,O01793,P045,1,5481.6,0.0
OI004464,O01794,P010,3,7442.3,0.15
OI004465,O01794,P043,4,6217.67,0.2
OI004466,O01794,P059,3,4842.61,0.0
OI004467,O01794,P017,4,5112.9,0.0
OI004468,O01795,P036,1,1918.28,0.1
OI004469,O01795,P024,2,6203.92,0.15
OI004470,O01796,P076,3,1644.18,0.0
OI004471,O01796,P059,4,4842.61,0.05
OI004472,O01796,P013,4,1662.63,0.0
OI004473,O01797,P011,1,7495.81,0.15
OI004474,O01797,P031,1,4921.58,0.3
OI004475,O01797,P069,4,5592.45,0.05
OI004476,O01797,P048,1,4310.39,0.2
OI004477,O01798,P033,3,2579.49,0.1
OI004478,O01798,P077,2,1850.78,0.05
OI004479,O01798,P065,3,1521.26,0.1
OI004480,O01799,P008,4,5224.68,0.2
OI004481,O01799,P071,3,3503.29,0.05
OI004482,O01800,P073,1,6594.36,0.15
OI004483,O01800,P019,1,3112.57,0.0
OI004484,O01800,P045,2,5481.6,0.2
OI004485,O01801,P022,2,5959.11,0.1
OI004486,O01801,P023,4,6282.87,0.1
OI004487,O01802,P060,3,1760.75,0.05
OI004488,O01802,P027,1,5678.95,0.3
OI004489,O01803,P048,1,4310.39,0.1
OI004490,O01803,P027,4,5678.95,0.15
OI004491,O01804,P067,3,3139.17,0.05
OI004492,O01804,P069,4,5592.45,0.05
OI004493,O01804,P048,4,4310.39,0.0
OI004494,O01805,P009,4,4981.98,0.15
OI004495,O01805,P040,1,5866.02,0.2
OI004496,O01805,P058,2,4600.81,0.0
OI004497,O01806,P017,1,5112.9,0.15
OI004498,O01806,P079,1,2345.86,0.1
OI004499,O01807,P060,1,1760.75,0.3
OI004500,O01808,P022,4,5959.11,0.3
OI004501,O01809,P009,4,4981.98,0.3
OI004502,O01810,P013,3,1662.63,0.0
OI004503,O01810,P014,3,5526.86,0.2
OI004504,O01811,P079,4,2345.86,0.05
OI004505,O01812,P027,2,5678.95,0.05
OI004506,O01813,P063,4,4500.08,0.3
OI004507,O01813,P025,4,3270.83,0.0
OI004508,O01813,P005,2,3320.34,0.15
OI004509,O01813,P012,1,3994.33,0.3
OI004510,O01814,P021,3,5344.27,0.0
OI004511,O01814,P058,2,4600.81,0.2
OI004512,O01814,P067,2,3139.17,0.1
OI004513,O01815,P053,2,2116.53,0.1
OI004514,O01815,P077,1,1850.78,0.0
OI004515,O01816,P031,1,4921.58,0.05
OI004516,O01816,P080,1,5576.76,0.0
OI004517,O01817,P076,2,1644.18,0.15
OI004518,O01817,P015,4,7330.81,0.2
OI004519,O01818,P078,1,5006.54,0.1
OI004520,O01818,P032,2,6623.25,0.05
OI004521,O01818,P004,4,3768.92,0.15
OI004522,O01818,P080,1,5576.76,0.15
OI004523,O01819,P078,1,5006.54,0.2
OI004524,O01819,P041,4,1494.52,0.15
OI004525,O01819,P075,1,6578.23,0.15
OI004526,O01820,P047,3,6217.65,0.2
OI004527,O01820,P004,4,3768.92,0.1
OI004528,O01820,P043,4,6217.67,0.05
OI004529,O01820,P052,2,5599.03,0.2
OI004530,O01821,P028,4,6060.07,0.15
OI004531,O01821,P045,1,5481.6,0.0
OI004532,O01822,P009,3,4981.98,0.0
OI004533,O01822,P016,3,3833.17,0.3
OI004534,O01822,P018,4,3329.63,0.1
OI004535,O01822,P033,3,2579.49,0.05
OI004536,O01823,P019,4,3112.57,0.3
OI004537,O01823,P018,1,3329.63,0.0
OI004538,O01823,P071,4,3503.29,0.0
OI004539,O01823,P039,2,3602.12,0.3
OI004540,O01824,P001,2,5060.04,0.15
OI004541,O01824,P079,3,2345.86,0.15
OI004542,O01825,P079,4,2345.86,0.2
OI004543,O01825,P021,3,5344.27,0.05
OI004544,O01825,P078,1,5006.54,0.3
OI004545,O01825,P061,3,5698.31,0.1
OI004546,O01826,P020,2,5123.92,0.2
OI004547,O01826,P013,2,1662.63,0.05
OI004548,O01826,P068,1,7430.32,0.0
OI004549,O01826,P023,1,6282.87,0.05
OI004550,O01827,P041,1,1494.52,0.0
OI004551,O01827,P068,2,7430.32,0.2
OI004552,O01828,P033,2,2579.49,0.0
OI004553,O01829,P019,1,3112.57,0.2
OI004554,O01830,P060,3,1760.75,0.2
OI004555,O01830,P071,2,3503.29,0.05
OI004556,O01830,P061,1,5698.31,0.05
OI004557,O01830,P048,1,4310.39,0.1
OI004558,O01831,P047,4,6217.65,0.15
OI004559,O01831,P015,2,7330.81,0.0
OI004560,O01831,P026,4,5470.33,0.15
OI004561,O01831,P048,1,4310.39,0.15
OI004562,O01832,P033,4,2579.49,0.15
OI004563,O01832,P072,3,3098.66,0.3
OI004564,O01832,P016,2,3833.17,0.15
OI004565,O01832,P079,1,2345.86,0.2
OI004566,O01833,P075,1,6578.23,0.05
OI004567,O01833,P069,2,5592.45,0.15
OI004568,O01833,P027,4,5678.95,0.3
OI004569,O01834,P027,4,5678.95,0.0
OI004570,O01834,P049,1,6189.2,0.05
OI004571,O01834,P039,1,3602.12,0.0
OI004572,O01835,P003,2,6285.84,0.2
OI004573,O01836,P027,4,5678.95,0.05
OI004574,O01837,P080,4,5576.76,0.0
OI004575,O01837,P026,3,5470.33,0.2
OI004576,O01837,P040,1,5866.02,0.0
OI004577,O01837,P057,3,3618.93,0.05
OI004578,O01838,P027,3,5678.95,0.05
OI004579,O01838,P080,1,5576.76,0.0
OI004580,O01838,P011,1,7495.81,0.3
OI004581,O01838,P015,2,7330.81,0.05
OI004582,O01839,P048,1,4310.39,0.2
OI004583,O01839,P008,2,5224.68,0.0
OI004584,O01839,P042,3,5125.64,0.1
OI004585,O01840,P060,2,1760.75,0.3
OI004586,O01840,P043,3,6217.67,0.1
OI004587,O01840,P013,1,1662.63,0.15
OI004588,O01840,P073,2,6594.36,0.0
OI004589,O01841,P052,4,5599.03,0.05
OI004590,O01842,P050,1,2647.44,0.0
OI004591,O01843,P019,3,3112.57,0.2
OI004592,O01843,P003,1,6285.84,0.3
OI004593,O01843,P041,1,1494.52,0.3
OI004594,O01844,P053,4,2116.53,0.15
OI004595,O01844,P062,2,1993.86,0.1
OI004596,O01844,P080,2,5576.76,0.1
OI004597,O01844,P036,3,1918.28,0.2
OI004598,O01845,P066,3,6217.53,0.15
OI004599,O01845,P008,2,5224.68,0.1
OI004600,O01846,P075,4,6578.23,0.15
OI004601,O01846,P003,3,6285.84,0.15
OI004602,O01847,P050,4,2647.44,0.3
OI004603,O01847,P072,1,3098.66,0.3
OI004604,O01847,P058,3,4600.81,0.1
OI004605,O01848,P013,3,1662.63,0.3
OI004606,O01848,P072,4,3098.66,0.0
OI004607,O01848,P055,3,3905.29,0.05
OI004608,O01848,P046,1,6490.81,0.3
OI004609,O01849,P031,3,4921.58,0.1
OI004610,O01849,P034,1,5252.02,0.15
OI004611,O01849,P063,4,4500.08,0.05
OI004612,O01849,P073,2,6594.36,0.05
OI004613,O01850,P052,1,5599.03,0.15
OI004614,O01850,P030,1,6724.47,0.1
OI004615,O01851,P055,2,3905.29,0.15
OI004616,O01851,P026,4,5470.33,0.15
OI004617,O01851,P028,3,6060.07,0.3
OI004618,O01851,P073,4,6594.36,0.1
OI004619,O01852,P035,3,4806.84,0.3
OI004620,O01853,P013,1,1662.63,0.1
OI004621,O01853,P026,2,5470.33,0.3
OI004622,O01854,P001,3,5060.04,0.2
OI004623,O01854,P042,4,5125.64,0.15
OI004624,O01854,P057,3,3618.93,0.05
OI004625,O01855,P012,2,3994.33,0.15
OI004626,O01856,P069,2,5592.45,0.05
OI004627,O01856,P055,3,3905.29,0.15
OI004628,O01856,P034,2,5252.02,0.0
OI004629,O01856,P047,4,6217.65,0.1
OI004630,O01857,P025,3,3270.83,0.2
OI004631,O01857,P049,2,6189.2,0.0
OI004632,O01857,P014,1,5526.86,0.15
OI004633,O01858,P033,2,2579.49,0.05
OI004634,O01858,P002,1,3793.81,0.15
OI004635,O01858,P047,2,6217.65,0.3
OI004636,O01859,P008,4,5224.68,0.2
OI004637,O01859,P057,2,3618.93,0.2
OI004638,O01860,P040,4,5866.02,0.05
OI004639,O01860,P061,1,5698.31,0.2
OI004640,O01860,P062,1,1993.86,0.3
OI004641,O01860,P077,1,1850.78,0.3
OI004642,O01861,P003,4,6285.84,0.2
OI004643,O01861,P068,1,7430.32,0.1
OI004644,O01861,P024,3,6203.92,0.15
OI004645,O01862,P007,4,3880.55,0.05
OI004646,O01862,P033,4,2579.49,0.0
OI004647,O01863,P033,4,2579.49,0.2
OI004648,O01863,P029,3,3811.62,0.1
OI004649,O01863,P063,1,4500.08,0.15
OI004650,O01863,P067,1,3139.17,0.15
OI004651,O01864,P004,3,3768.92,0.2
OI004652,O01864,P071,2,3503.29,0.0
OI004653,O01864,P009,2,4981.98,0.2
OI004654,O01864,P048,4,4310.39,0.05
OI004655,O01865,P026,4,5470.33,0.1
OI004656,O01865,P070,3,4988.16,0.1
OI004657,O01866,P029,1,3811.62,0.15
OI004658,O01866,P021,1,5344.27,0.3
OI004659,O01866,P058,4,4600.81,0.05
OI004660,O01867,P041,1,1494.52,0.1
OI004661,O01867,P017,1,5112.9,0.2
OI004662,O01868,P036,4,1918.28,0.1
OI004663,O01869,P013,3,1662.63,0.0
OI004664,O01870,P049,3,6189.2,0.0
OI004665,O01870,P031,4,4921.58,0.3
OI004666,O01871,P029,2,3811.62,0.1
OI004667,O01872,P071,2,3503.29,0.15
OI004668,O01872,P053,1,2116.53,0.05
OI004669,O01873,P022,1,5959.11,0.05
OI004670,O01873,P076,1,1644.18,0.2
OI004671,O01873,P014,4,5526.86,0.05
OI004672,O01874,P056,3,5689.43,0.15
OI004673,O01874,P038,1,2828.73,0.15
OI004674,O01875,P078,4,5006.54,0.0
OI004675,O01875,P072,3,3098.66,0.3
OI004676,O01875,P041,3,1494.52,0.3
OI004677,O01876,P051,1,3109.99,0.05
OI004678,O01876,P071,2,3503.29,0.2
OI004679,O01877,P038,4,2828.73,0.1
OI004680,O01877,P031,2,4921.58,0.15
OI004681,O01878,P027,3,5678.95,0.15
OI004682,O01878,P056,4,5689.43,0.0
OI004683,O01878,P006,1,4253.34,0.3
OI004684,O01879,P080,2,5576.76,0.2
OI004685,O01879,P032,2,6623.25,0.0
OI004686,O01879,P036,1,1918.28,0.3
OI004687,O01879,P043,2,6217.67,0.0
OI004688,O01880,P050,3,2647.44,0.05
OI004689,O01880,P039,1,3602.12,0.3
OI004690,O01880,P061,3,5698.31,0.2
OI004691,O01880,P077,2,1850.78,0.15
OI004692,O01881,P034,4,5252.02,0.2
OI004693,O01881,P054,1,5704.38,0.15
OI004694,O01882,P016,3,3833.17,0.3
OI004695,O01882,P043,4,6217.67,0.15
OI004696,O01882,P031,1,4921.58,0.15
OI004697,O01882,P026,4,5470.33,0.1
OI004698,O01883,P060,2,1760.75,0.05
OI004699,O01883,P034,3,5252.02,0.2
OI004700,O01883,P035,4,4806.84,0.3
OI004701,O01884,P046,1,6490.81,0.0
OI004702,O01884,P060,2,1760.75,0.2
OI004703,O01884,P036,4,1918.28,0.2
OI004704,O01884,P028,3,6060.07,0.0
OI004705,O01885,P036,4,1918.28,0.3
OI004706,O01885,P067,3,3139.17,0.3
OI004707,O01885,P073,4,6594.36,0.3
OI004708,O01885,P018,2,3329.63,0.15
OI004709,O01886,P078,2,5006.54,0.3
OI004710,O01886,P018,3,3329.63,0.05
OI004711,O01886,P031,3,4921.58,0.3
OI004712,O01886,P029,2,3811.62,0.1
OI004713,O01887,P045,2,5481.6,0.2
OI004714,O01887,P066,1,6217.53,0.05
OI004715,O01887,P077,1,1850.78,0.2
OI004716,O01888,P009,4,4981.98,0.05
OI004717,O01888,P024,4,6203.92,0.2
OI004718,O01888,P025,1,3270.83,0.05
OI004719,O01888,P064,2,4726.39,0.3
OI004720,O01889,P025,1,3270.83,0.2
OI004721,O01889,P077,2,1850.78,0.2
OI004722,O01889,P075,2,6578.23,0.3
OI004723,O01889,P072,4,3098.66,0.1
OI004724,O01890,P005,4,3320.34,0.3
OI004725,O01890,P011,3,7495.81,0.05
OI004726,O01891,P059,2,4842.61,0.0
OI004727,O01892,P045,4,5481.6,0.1
OI004728,O01893,P049,1,6189.2,0.05
OI004729,O01893,P030,2,6724.47,0.1
OI004730,O01893,P020,2,5123.92,0.15
OI004731,O01893,P058,4,4600.81,0.2
OI004732,O01894,P078,1,5006.54,0.0
OI004733,O01894,P054,4,5704.38,0.2
OI004734,O01895,P069,4,5592.45,0.3
OI004735,O01895,P053,2,2116.53,0.15
OI004736,O01896,P072,2,3098.66,0.1
OI004737,O01897,P062,3,1993.86,0.1
OI004738,O01897,P058,4,4600.81,0.1
OI004739,O01897,P077,3,1850.78,0.05
OI004740,O01898,P029,4,3811.62,0.2
OI004741,O01898,P021,1,5344.27,0.05
OI004742,O01899,P057,4,3618.93,0.1
OI004743,O01900,P080,2,5576.76,0.15
OI004744,O01900,P045,4,5481.6,0.2
OI004745,O01901,P002,2,3793.81,0.2
OI004746,O01901,P061,1,5698.31,0.05
OI004747,O01901,P058,4,4600.81,0.1
OI004748,O01902,P046,4,6490.81,0.05
OI004749,O01902,P049,1,6189.2,0.3
OI004750,O01902,P055,2,3905.29,0.05
OI004751,O01903,P045,3,5481.6,0.2
OI004752,O01904,P057,2,3618.93,0.05
OI004753,O01904,P043,1,6217.67,0.3
OI004754,O01904,P070,3,4988.16,0.3
OI004755,O01905,P034,2,5252.02,0.3
OI004756,O01905,P004,3,3768.92,0.2
OI004757,O01905,P064,1,4726.39,0.1
OI004758,O01905,P012,1,3994.33,0.0
OI004759,O01906,P028,2,6060.07,0.0
OI004760,O01906,P020,4,5123.92,0.05
OI004761,O01906,P030,2,6724.47,0.2
OI004762,O01906,P040,3,5866.02,0.1
OI004763,O01907,P035,2,4806.84,0.2
OI004764,O01907,P048,1,4310.39,0.15
OI004765,O01907,P023,3,6282.87,0.2
OI004766,O01908,P057,4,3618.93,0.1
OI004767,O01908,P005,1,3320.34,0.15
OI004768,O01909,P032,3,6623.25,0.1
OI004769,O01909,P036,2,1918.28,0.15
OI004770,O01909,P080,3,5576.76,0.1
OI004771,O01909,P008,2,5224.68,0.0
OI004772,O01910,P027,2,5678.95,0.05
OI004773,O01910,P049,3,6189.2,0.0
OI004774,O01910,P031,1,4921.58,0.0
OI004775,O01911,P024,2,6203.92,0.1
OI004776,O01911,P040,2,5866.02,0.15
OI004777,O01912,P074,3,7323.07,0.0
OI004778,O01912,P080,3,5576.76,0.1
OI004779,O01913,P004,4,3768.92,0.3
OI004780,O01913,P063,3,4500.08,0.15
OI004781,O01914,P008,3,5224.68,0.3
OI004782,O01914,P020,1,5123.92,0.05
OI004783,O01914,P038,2,2828.73,0.2
OI004784,O01914,P039,3,3602.12,0.05
OI004785,O01915,P031,1,4921.58,0.2
OI004786,O01916,P035,1,4806.84,0.1
OI004787,O01916,P075,1,6578.23,0.0
OI004788,O01916,P041,3,1494.52,0.3
OI004789,O01916,P019,3,3112.57,0.0
OI004790,O01917,P072,2,3098.66,0.1
OI004791,O01917,P022,2,5959.11,0.15
OI004792,O01917,P053,2,2116.53,0.15
OI004793,O01917,P024,2,6203.92,0.3
OI004794,O01918,P047,2,6217.65,0.3
OI004795,O01918,P026,1,5470.33,0.3
OI004796,O01918,P004,1,3768.92,0.3
OI004797,O01918,P028,3,6060.07,0.15
OI004798,O01919,P058,3,4600.81,0.1
OI004799,O01920,P048,1,4310.39,0.05
OI004800,O01920,P038,4,2828.73,0.2
OI004801,O01921,P003,4,6285.84,0.15
OI004802,O01921,P040,1,5866.02,0.2
OI004803,O01922,P045,1,5481.6,0.1
OI004804,O01922,P069,2,5592.45,0.3
OI004805,O01923,P064,2,4726.39,0.3
OI004806,O01923,P050,4,2647.44,0.0
OI004807,O01923,P045,4,5481.6,0.1
OI004808,O01923,P005,4,3320.34,0.2
OI004809,O01924,P059,4,4842.61,0.3
OI004810,O01924,P069,1,5592.45,0.1
OI004811,O01924,P054,3,5704.38,0.15
OI004812,O01925,P043,3,6217.67,0.1
OI004813,O01925,P067,4,3139.17,0.15
OI004814,O01925,P057,3,3618.93,0.2
OI004815,O01926,P044,4,4748.93,0.2
OI004816,O01927,P068,1,7430.32,0.05
OI004817,O01928,P043,4,6217.67,0.15
OI004818,O01928,P045,3,5481.6,0.2
OI004819,O01928,P078,4,5006.54,0.1
OI004820,O01928,P048,2,4310.39,0.0
OI004821,O01929,P039,3,3602.12,0.3
OI004822,O01930,P066,1,6217.53,0.3
OI004823,O01930,P046,3,6490.81,0.0
OI004824,O01931,P017,4,5112.9,0.2
OI004825,O01931,P026,4,5470.33,0.3
OI004826,O01932,P005,2,3320.34,0.2
OI004827,O01932,P013,2,1662.63,0.3
OI004828,O01933,P063,1,4500.08,0.05
OI004829,O01933,P071,1,3503.29,0.3
OI004830,O01933,P020,1,5123.92,0.15
OI004831,O01934,P043,2,6217.67,0.2
OI004832,O01934,P050,1,2647.44,0.3
OI004833,O01934,P074,1,7323.07,0.0
OI004834,O01935,P011,1,7495.81,0.2
OI004835,O01935,P009,3,4981.98,0.15
OI004836,O01935,P077,4,1850.78,0.0
OI004837,O01935,P059,4,4842.61,0.05
OI004838,O01936,P026,1,5470.33,0.15
OI004839,O01936,P080,4,5576.76,0.2
OI004840,O01936,P024,4,6203.92,0.0
OI004841,O01937,P043,2,6217.67,0.3
OI004842,O01937,P034,1,5252.02,0.3
OI004843,O01938,P034,3,5252.02,0.3
OI004844,O01939,P059,4,4842.61,0.3
OI004845,O01939,P026,3,5470.33,0.05
OI004846,O01939,P002,2,3793.81,0.2
OI004847,O01939,P069,3,5592.45,0.05
OI004848,O01940,P038,3,2828.73,0.3
OI004849,O01940,P016,3,3833.17,0.15
OI004850,O01941,P077,2,1850.78,0.0
OI004851,O01941,P051,1,3109.99,0.0
OI004852,O01942,P075,2,6578.23,0.15
OI004853,O01942,P064,3,4726.39,0.15
OI004854,O01942,P019,1,3112.57,0.1
OI004855,O01943,P004,1,3768.92,0.2
OI004856,O01943,P001,1,5060.04,0.05
OI004857,O01944,P055,4,3905.29,0.0
OI004858,O01944,P044,4,4748.93,0.1
OI004859,O01944,P002,3,3793.81,0.1
OI004860,O01944,P004,3,3768.92,0.3
OI004861,O01945,P022,2,5959.11,0.2
OI004862,O01945,P040,4,5866.02,0.15
OI004863,O01945,P049,4,6189.2,0.2
OI004864,O01945,P042,1,5125.64,0.3
OI004865,O01946,P050,3,2647.44,0.3
OI004866,O01946,P017,4,5112.9,0.2
OI004867,O01947,P009,4,4981.98,0.2
OI004868,O01947,P080,4,5576.76,0.2
OI004869,O01947,P069,3,5592.45,0.05
OI004870,O01948,P077,3,1850.78,0.2
OI004871,O01948,P034,1,5252.02,0.2
OI004872,O01948,P050,4,2647.44,0.15
OI004873,O01948,P053,4,2116.53,0.0
OI004874,O01949,P029,2,3811.62,0.1
OI004875,O01949,P044,1,4748.93,0.1
OI004876,O01950,P040,2,5866.02,0.15
OI004877,O01950,P070,2,4988.16,0.3
OI004878,O01951,P034,2,5252.02,0.0
OI004879,O01951,P006,1,4253.34,0.1
OI004880,O01952,P008,2,5224.68,0.15
OI004881,O01952,P010,3,7442.3,0.05
OI004882,O01952,P045,2,5481.6,0.3
OI004883,O01952,P040,3,5866.02,0.1
OI004884,O01953,P065,3,1521.26,0.0
OI004885,O01953,P021,3,5344.27,0.05
OI004886,O01953,P079,1,2345.86,0.2
OI004887,O01953,P018,1,3329.63,0.1
OI004888,O01954,P074,4,7323.07,0.15
OI004889,O01954,P023,3,6282.87,0.15
OI004890,O01954,P035,1,4806.84,0.15
OI004891,O01954,P007,4,3880.55,0.2
OI004892,O01955,P067,1,3139.17,0.05
OI004893,O01955,P078,2,5006.54,0.05
OI004894,O01955,P027,4,5678.95,0.3
OI004895,O01955,P031,4,4921.58,0.05
OI004896,O01956,P019,4,3112.57,0.0
OI004897,O01956,P006,3,4253.34,0.0
OI004898,O01957,P005,4,3320.34,0.1
OI004899,O01957,P010,4,7442.3,0.1
OI004900,O01957,P033,1,2579.49,0.15
OI004901,O01957,P034,3,5252.02,0.05
OI004902,O01958,P031,4,4921.58,0.1
OI004903,O01958,P034,3,5252.02,0.0
OI004904,O01958,P012,2,3994.33,0.3
OI004905,O01959,P069,3,5592.45,0.15
OI004906,O01959,P005,4,3320.34,0.0
OI004907,O01959,P022,1,5959.11,0.3
OI004908,O01959,P076,3,1644.18,0.2
OI004909,O01960,P042,2,5125.64,0.1
OI004910,O01960,P078,3,5006.54,0.0
OI004911,O01960,P012,4,3994.33,0.0
OI004912,O01961,P078,2,5006.54,0.15
OI004913,O01962,P021,1,5344.27,0.3
OI004914,O01962,P041,1,1494.52,0.3
OI004915,O01963,P051,4,3109.99,0.3
OI004916,O01963,P072,3,3098.66,0.0
OI004917,O01963,P069,1,5592.45,0.05
OI004918,O01963,P079,3,2345.86,0.1
OI004919,O01964,P013,4,1662.63,0.15
OI004920,O01964,P049,4,6189.2,0.1
OI004921,O01964,P022,4,5959.11,0.2
OI004922,O01964,P012,3,3994.33,0.0
OI004923,O01965,P062,4,1993.86,0.1
OI004924,O01965,P004,4,3768.92,0.0
OI004925,O01965,P028,3,6060.07,0.2
OI004926,O01965,P051,3,3109.99,0.1
OI004927,O01966,P035,4,4806.84,0.05
OI004928,O01966,P047,3,6217.65,0.15
OI004929,O01966,P072,3,3098.66,0.0
OI004930,O01967,P032,4,6623.25,0.3
OI004931,O01967,P022,2,5959.11,0.2
OI004932,O01967,P057,1,3618.93,0.3
OI004933,O01967,P015,1,7330.81,0.3
OI004934,O01968,P050,1,2647.44,0.1
OI004935,O01968,P054,1,5704.38,0.0
OI004936,O01968,P025,1,3270.83,0.0
OI004937,O01968,P065,4,1521.26,0.2
OI004938,O01969,P048,3,4310.39,0.1
OI004939,O01969,P078,2,5006.54,0.05
OI004940,O01969,P007,1,3880.55,0.3
OI004941,O01969,P064,3,4726.39,0.15
OI004942,O01970,P020,4,5123.92,0.1
OI004943,O01970,P032,3,6623.25,0.0
OI004944,O01970,P076,2,1644.18,0.0
OI004945,O01971,P031,2,4921.58,0.2
OI004946,O01971,P077,1,1850.78,0.3
OI004947,O01971,P056,2,5689.43,0.0
OI004948,O01971,P021,4,5344.27,0.2
OI004949,O01972,P012,2,3994.33,0.05
OI004950,O01972,P073,4,6594.36,0.15
OI004951,O01972,P056,1,5689.43,0.0
OI004952,O01972,P059,4,4842.61,0.05
OI004953,O01973,P050,4,2647.44,0.1
OI004954,O01974,P080,1,5576.76,0.2
OI004955,O01974,P048,4,4310.39,0.2
OI004956,O01974,P055,1,3905.29,0.3
OI004957,O01975,P007,2,3880.55,0.2
OI004958,O01975,P043,3,6217.67,0.05
OI004959,O01976,P021,2,5344.27,0.1
OI004960,O01976,P010,4,7442.3,0.15
OI004961,O01976,P022,4,5959.11,0.15
OI004962,O01977,P051,2,3109.99,0.0
OI004963,O01977,P032,3,6623.25,0.05
OI004964,O01977,P020,3,5123.92,0.05
OI004965,O01977,P004,4,3768.92,0.3
OI004966,O01978,P027,4,5678.95,0.0
OI004967,O01979,P035,1,4806.84,0.2
OI004968,O01979,P003,3,6285.84,0.1
OI004969,O01979,P012,2,3994.33,0.3
OI004970,O01980,P004,1,3768.92,0.3
OI004971,O01980,P054,3,5704.38,0.05
OI004972,O01980,P038,1,2828.73,0.15
OI004973,O01980,P063,2,4500.08,0.2
OI004974,O01981,P014,4,5526.86,0.05
OI004975,O01981,P032,4,6623.25,0.0
OI004976,O01982,P056,4,5689.43,0.05
OI004977,O01982,P004,2,3768.92,0.15
OI004978,O01982,P059,1,4842.61,0.3
OI004979,O01982,P040,1,5866.02,0.05
OI004980,O01983,P004,3,3768.92,0.3
OI004981,O01983,P073,1,6594.36,0.1
OI004982,O01983,P037,4,3125.99,0.3
OI004983,O01984,P050,4,2647.44,0.2
OI004984,O01985,P061,4,5698.31,0.3
OI004985,O01985,P006,2,4253.34,0.3
OI004986,O01985,P036,1,1918.28,0.3
OI004987,O01986,P052,3,5599.03,0.15
OI004988,O01987,P024,3,6203.92,0.0
OI004989,O01987,P043,2,6217.67,0.15
OI004990,O01987,P011,4,7495.81,0.05
OI004991,O01987,P048,2,4310.39,0.05
OI004992,O01988,P065,3,1521.26,0.15
OI004993,O01988,P042,3,5125.64,0.3
OI004994,O01988,P016,3,3833.17,0.3
OI004995,O01989,P052,1,5599.03,0.05
OI004996,O01989,P018,2,3329.63,0.0
OI004997,O01990,P046,1,6490.81,0.15
OI004998,O01990,P016,2,3833.17,0.1
OI004999,O01990,P023,3,6282.87,0.3
OI005000,O01991,P075,2,6578.23,0.3
OI005001,O01991,P065,4,1521.26,0.15
OI005002,O01991,P063,3,4500.08,0.3
OI005003,O01992,P006,4,4253.34,0.15
OI005004,O01993,P041,2,1494.52,0.0
OI005005,O01993,P004,4,3768.92,0.05
OI005006,O01993,P040,3,5866.02,0.0
OI005007,O01994,P034,4,5252.02,0.2
OI005008,O01995,P055,2,3905.29,0.3
OI005009,O01995,P048,2,4310.39,0.0
OI005010,O01995,P054,3,5704.38,0.05
OI005011,O01996,P041,1,1494.52,0.2
OI005012,O01996,P056,2,5689.43,0.2
OI005013,O01996,P075,1,6578.23,0.15
OI005014,O01997,P054,1,5704.38,0.0
OI005015,O01998,P022,4,5959.11,0.3
OI005016,O01999,P079,3,2345.86,0.05
OI005017,O02000,P012,2,3994.33,0.15
OI005018,O02000,P079,4,2345.86,0.0
OI005019,O02000,P019,3,3112.57,0.0
OI005020,O02000,P015,4,7330.81,0.05
OI005021,O02001,P060,2,1760.75,0.2
OI005022,O02001,P079,2,2345.86,0.05
OI005023,O02001,P080,2,5576.76,0.2
OI005024,O02001,P026,1,5470.33,0.05
OI005025,O02002,P011,3,7495.81,0.3
OI005026,O02002,P051,2,3109.99,0.3
OI005027,O02003,P020,1,5123.92,0.15
OI005028,O02003,P074,3,7323.07,0.05
OI005029,O02003,P061,4,5698.31,0.05
OI005030,O02004,P041,4,1494.52,0.3
OI005031,O02004,P047,2,6217.65,0.15
OI005032,O02004,P060,1,1760.75,0.3
OI005033,O02005,P068,2,7430.32,0.2
OI005034,O02005,P058,3,4600.81,0.3
OI005035,O02005,P064,4,4726.39,0.0
OI005036,O02005,P069,2,5592.45,0.05
OI005037,O02006,P027,2,5678.95,0.0
OI005038,O02006,P024,2,6203.92,0.1
OI005039,O02006,P078,3,5006.54,0.2
OI005040,O02007,P012,4,3994.33,0.15
OI005041,O02007,P040,1,5866.02,0.3
OI005042,O02007,P032,2,6623.25,0.2
OI005043,O02008,P076,1,1644.18,0.2
OI005044,O02008,P010,3,7442.3,0.1
OI005045,O02008,P015,3,7330.81,0.05
OI005046,O02008,P052,4,5599.03,0.0
OI005047,O02009,P074,4,7323.07,0.2
OI005048,O02009,P079,3,2345.86,0.15
OI005049,O02009,P054,1,5704.38,0.05
OI005050,O02009,P065,2,1521.26,0.3
OI005051,O02010,P050,1,2647.44,0.0
OI005052,O02010,P037,1,3125.99,0.3
OI005053,O02010,P009,1,4981.98,0.05
OI005054,O02010,P057,2,3618.93,0.3
OI005055,O02011,P071,2,3503.29,0.15
OI005056,O02011,P080,3,5576.76,0.0
OI005057,O02012,P066,4,6217.53,0.3
OI005058,O02012,P049,4,6189.2,0.05
OI005059,O02012,P069,2,5592.45,0.1
OI005060,O02012,P034,4,5252.02,0.05
OI005061,O02013,P051,1,3109.99,0.15
OI005062,O02013,P038,1,2828.73,0.0
OI005063,O02013,P029,3,3811.62,0.1
OI005064,O02014,P005,4,3320.34,0.0
OI005065,O02014,P076,1,1644.18,0.05
OI005066,O02015,P037,3,3125.99,0.05
OI005067,O02016,P026,3,5470.33,0.3
OI005068,O02016,P043,2,6217.67,0.0
OI005069,O02017,P079,3,2345.86,0.3
OI005070,O02017,P037,2,3125.99,0.2
OI005071,O02017,P057,3,3618.93,0.3
OI005072,O02017,P045,2,5481.6,0.2
OI005073,O02018,P032,4,6623.25,0.05
OI005074,O02018,P031,4,4921.58,0.15
OI005075,O02019,P062,1,1993.86,0.3
OI005076,O02020,P039,4,3602.12,0.2
OI005077,O02020,P073,2,6594.36,0.05
OI005078,O02021,P020,4,5123.92,0.1
OI005079,O02021,P056,1,5689.43,0.15
OI005080,O02021,P024,3,6203.92,0.3
OI005081,O02021,P060,1,1760.75,0.15
OI005082,O02022,P002,3,3793.81,0.0
OI005083,O02022,P046,4,6490.81,0.05
OI005084,O02022,P008,2,5224.68,0.1
OI005085,O02023,P042,4,5125.64,0.05
OI005086,O02023,P052,4,5599.03,0.15
OI005087,O02024,P057,1,3618.93,0.15
OI005088,O02024,P073,3,6594.36,0.0
OI005089,O02025,P077,4,1850.78,0.1
OI005090,O02025,P042,3,5125.64,0.3
OI005091,O02025,P060,4,1760.75,0.05
OI005092,O02026,P058,4,4600.81,0.15
OI005093,O02027,P014,3,5526.86,0.2
OI005094,O02028,P034,2,5252.02,0.2
OI005095,O02028,P009,4,4981.98,0.05
OI005096,O02028,P041,4,1494.52,0.0
OI005097,O02028,P063,4,4500.08,0.2
OI005098,O02029,P054,2,5704.38,0.05
OI005099,O02030,P060,4,1760.75,0.15
OI005100,O02031,P035,4,4806.84,0.2
OI005101,O02031,P045,2,5481.6,0.15
OI005102,O02031,P027,3,5678.95,0.3
OI005103,O02031,P063,4,4500.08,0.2
OI005104,O02032,P028,3,6060.07,0.05
OI005105,O02032,P030,1,6724.47,0.05
OI005106,O02032,P037,3,3125.99,0.1
OI005107,O02032,P035,3,4806.84,0.3
OI005108,O02033,P074,1,7323.07,0.05
OI005109,O02033,P041,4,1494.52,0.3
OI005110,O02034,P005,4,3320.34,0.15
OI005111,O02034,P003,1,6285.84,0.15
OI005112,O02034,P034,2,5252.02,0.05
OI005113,O02035,P072,4,3098.66,0.1
OI005114,O02035,P016,3,3833.17,0.05
OI005115,O02035,P065,4,1521.26,0.05
OI005116,O02036,P057,1,3618.93,0.05
OI005117,O02036,P022,4,5959.11,0.2
OI005118,O02036,P074,4,7323.07,0.0
OI005119,O02037,P029,2,3811.62,0.3
OI005120,O02037,P061,4,5698.31,0.0
OI005121,O02038,P043,3,6217.67,0.0
OI005122,O02038,P066,1,6217.53,0.1
OI005123,O02038,P056,2,5689.43,0.3
OI005124,O02038,P050,1,2647.44,0.3
OI005125,O02039,P040,2,5866.02,0.15
OI005126,O02040,P062,1,1993.86,0.2
OI005127,O02041,P068,3,7430.32,0.15
OI005128,O02041,P070,4,4988.16,0.1
OI005129,O02041,P078,2,5006.54,0.0
OI005130,O02042,P066,4,6217.53,0.15
OI005131,O02043,P005,3,3320.34,0.05
OI005132,O02043,P004,1,3768.92,0.0
OI005133,O02044,P048,2,4310.39,0.0
OI005134,O02044,P027,4,5678.95,0.15
OI005135,O02044,P059,2,4842.61,0.0
OI005136,O02045,P022,1,5959.11,0.0
OI005137,O02045,P072,2,3098.66,0.1
OI005138,O02045,P038,3,2828.73,0.2
OI005139,O02045,P050,1,2647.44,0.3
OI005140,O02046,P017,4,5112.9,0.0
OI005141,O02046,P042,2,5125.64,0.15
OI005142,O02047,P079,2,2345.86,0.2
OI005143,O02047,P073,4,6594.36,0.3
OI005144,O02047,P030,1,6724.47,0.0
OI005145,O02048,P035,4,4806.84,0.1
OI005146,O02048,P006,4,4253.34,0.15
OI005147,O02049,P069,3,5592.45,0.1
OI005148,O02049,P019,1,3112.57,0.15
OI005149,O02049,P008,2,5224.68,0.05
OI005150,O02050,P004,4,3768.92,0.1
OI005151,O02050,P032,2,6623.25,0.15
OI005152,O02050,P011,3,7495.81,0.0
OI005153,O02050,P041,1,1494.52,0.05
OI005154,O02051,P035,4,4806.84,0.15
OI005155,O02051,P075,1,6578.23,0.2
OI005156,O02051,P078,4,5006.54,0.2
OI005157,O02051,P017,4,5112.9,0.05
OI005158,O02052,P068,4,7430.32,0.15
OI005159,O02052,P049,1,6189.2,0.05
OI005160,O02053,P038,1,2828.73,0.05
OI005161,O02053,P052,4,5599.03,0.0
OI005162,O02053,P050,3,2647.44,0.0
OI005163,O02053,P019,3,3112.57,0.0
OI005164,O02054,P035,1,4806.84,0.05
OI005165,O02054,P001,3,5060.04,0.15
OI005166,O02054,P055,3,3905.29,0.3
OI005167,O02055,P069,1,5592.45,0.1
OI005168,O02055,P078,1,5006.54,0.2
OI005169,O02056,P053,1,2116.53,0.0
OI005170,O02056,P073,3,6594.36,0.2
OI005171,O02057,P001,3,5060.04,0.0
OI005172,O02057,P026,1,5470.33,0.0
OI005173,O02058,P002,2,3793.81,0.3
OI005174,O02058,P032,3,6623.25,0.1
OI005175,O02058,P061,4,5698.31,0.3
OI005176,O02058,P055,2,3905.29,0.1
OI005177,O02059,P031,2,4921.58,0.3
OI005178,O02059,P014,1,5526.86,0.0
OI005179,O02059,P068,1,7430.32,0.0
OI005180,O02060,P026,1,5470.33,0.0
OI005181,O02060,P004,4,3768.92,0.1
OI005182,O02060,P048,4,4310.39,0.1
OI005183,O02060,P049,4,6189.2,0.15
OI005184,O02061,P025,4,3270.83,0.15
OI005185,O02061,P009,3,4981.98,0.05
OI005186,O02061,P051,2,3109.99,0.1
OI005187,O02062,P050,2,2647.44,0.1
OI005188,O02063,P003,1,6285.84,0.05
OI005189,O02063,P074,2,7323.07,0.2
OI005190,O02063,P018,3,3329.63,0.1
OI005191,O02064,P014,1,5526.86,0.0
OI005192,O02064,P061,1,5698.31,0.2
OI005193,O02064,P037,2,3125.99,0.1
OI005194,O02064,P070,4,4988.16,0.2
OI005195,O02065,P034,1,5252.02,0.05
OI005196,O02065,P036,3,1918.28,0.2
OI005197,O02065,P052,2,5599.03,0.0
OI005198,O02066,P003,4,6285.84,0.0
OI005199,O02066,P042,4,5125.64,0.2
OI005200,O02066,P071,1,3503.29,0.05
OI005201,O02067,P046,1,6490.81,0.3
OI005202,O02068,P052,4,5599.03,0.05
OI005203,O02069,P008,2,5224.68,0.0
OI005204,O02069,P063,2,4500.08,0.1
OI005205,O02070,P008,1,5224.68,0.2
OI005206,O02070,P065,3,1521.26,0.2
OI005207,O02071,P037,1,3125.99,0.05
OI005208,O02072,P007,2,3880.55,0.3
OI005209,O02072,P070,3,4988.16,0.05
OI005210,O02072,P030,1,6724.47,0.05
OI005211,O02072,P056,2,5689.43,0.0
OI005212,O02073,P027,4,5678.95,0.2
OI005213,O02073,P043,1,6217.67,0.1
OI005214,O02073,P005,3,3320.34,0.2
OI005215,O02073,P078,2,5006.54,0.3
OI005216,O02074,P060,2,1760.75,0.2
OI005217,O02075,P065,2,1521.26,0.2
OI005218,O02075,P034,4,5252.02,0.1
OI005219,O02075,P068,3,7430.32,0.15
OI005220,O02076,P072,2,3098.66,0.15
OI005221,O02077,P003,2,6285.84,0.3
OI005222,O02077,P037,4,3125.99,0.15
OI005223,O02078,P057,4,3618.93,0.1
OI005224,O02078,P066,1,6217.53,0.3
OI005225,O02078,P067,3,3139.17,0.3
OI005226,O02078,P058,1,4600.81,0.0
OI005227,O02079,P028,1,6060.07,0.3
OI005228,O02079,P042,1,5125.64,0.15
OI005229,O02079,P015,4,7330.81,0.0
OI005230,O02080,P019,1,3112.57,0.05
OI005231,O02080,P024,3,6203.92,0.2
OI005232,O02080,P068,3,7430.32,0.1
OI005233,O02080,P058,4,4600.81,0.05
OI005234,O02081,P052,4,5599.03,0.0
OI005235,O02081,P076,1,1644.18,0.05
OI005236,O02081,P025,2,3270.83,0.2
OI005237,O02081,P022,1,5959.11,0.2
OI005238,O02082,P071,2,3503.29,0.0
OI005239,O02082,P064,3,4726.39,0.1
OI005240,O02082,P034,4,5252.02,0.3
OI005241,O02082,P075,1,6578.23,0.3
OI005242,O02083,P059,2,4842.61,0.05
OI005243,O02083,P053,3,2116.53,0.1
OI005244,O02083,P022,1,5959.11,0.15
OI005245,O02083,P070,2,4988.16,0.15
OI005246,O02084,P069,3,5592.45,0.05
OI005247,O02084,P070,4,4988.16,0.05
OI005248,O02085,P014,3,5526.86,0.1
OI005249,O02085,P066,4,6217.53,0.2
OI005250,O02085,P001,4,5060.04,0.1
OI005251,O02085,P059,2,4842.61,0.2
OI005252,O02086,P009,1,4981.98,0.15
OI005253,O02087,P047,1,6217.65,0.3
OI005254,O02088,P056,2,5689.43,0.15
OI005255,O02088,P008,4,5224.68,0.3
OI005256,O02089,P068,4,7430.32,0.15
OI005257,O02089,P017,3,5112.9,0.15
OI005258,O02090,P069,3,5592.45,0.3
OI005259,O02091,P065,2,1521.26,0.2
OI005260,O02092,P068,3,7430.32,0.15
OI005261,O02092,P009,4,4981.98,0.05
OI005262,O02092,P027,3,5678.95,0.15
OI005263,O02092,P072,1,3098.66,0.15
OI005264,O02093,P066,3,6217.53,0.0
OI005265,O02093,P038,4,2828.73,0.3
OI005266,O02093,P065,4,1521.26,0.05
OI005267,O02093,P064,4,4726.39,0.15
OI005268,O02094,P046,2,6490.81,0.15
OI005269,O02095,P046,3,6490.81,0.2
OI005270,O02096,P049,4,6189.2,0.05
OI005271,O02096,P008,2,5224.68,0.2
OI005272,O02096,P064,3,4726.39,0.05
OI005273,O02096,P055,2,3905.29,0.2
OI005274,O02097,P061,2,5698.31,0.05
OI005275,O02097,P032,1,6623.25,0.15
OI005276,O02097,P010,4,7442.3,0.05
OI005277,O02097,P012,3,3994.33,0.2
OI005278,O02098,P045,4,5481.6,0.15
OI005279,O02098,P014,3,5526.86,0.2
OI005280,O02098,P077,1,1850.78,0.05
OI005281,O02099,P051,1,3109.99,0.1
OI005282,O02100,P042,3,5125.64,0.1
OI005283,O02100,P059,1,4842.61,0.15
OI005284,O02101,P078,4,5006.54,0.1
OI005285,O02101,P037,4,3125.99,0.3
OI005286,O02102,P016,3,3833.17,0.0
OI005287,O02102,P030,4,6724.47,0.15
OI005288,O02102,P062,1,1993.86,0.0
OI005289,O02102,P073,3,6594.36,0.3
OI005290,O02103,P025,1,3270.83,0.15
OI005291,O02103,P034,1,5252.02,0.0
OI005292,O02103,P035,2,4806.84,0.2
OI005293,O02104,P039,3,3602.12,0.05
OI005294,O02104,P046,4,6490.81,0.05
OI005295,O02104,P047,1,6217.65,0.1
OI005296,O02105,P056,2,5689.43,0.2
OI005297,O02105,P063,3,4500.08,0.15
OI005298,O02106,P019,3,3112.57,0.05
OI005299,O02106,P044,1,4748.93,0.2
OI005300,O02106,P046,2,6490.81,0.1
OI005301,O02107,P076,1,1644.18,0.1
OI005302,O02107,P044,2,4748.93,0.1
OI005303,O02107,P050,1,2647.44,0.0
OI005304,O02108,P077,2,1850.78,0.3
OI005305,O02109,P025,3,3270.83,0.0
OI005306,O02109,P040,2,5866.02,0.3
OI005307,O02110,P067,4,3139.17,0.05
OI005308,O02111,P063,4,4500.08,0.1
OI005309,O02111,P064,1,4726.39,0.15
OI005310,O02111,P047,1,6217.65,0.0
OI005311,O02112,P070,2,4988.16,0.15
OI005312,O02112,P009,2,4981.98,0.05
OI005313,O02112,P010,1,7442.3,0.05
OI005314,O02112,P020,1,5123.92,0.15
OI005315,O02113,P009,2,4981.98,0.1
OI005316,O02113,P027,3,5678.95,0.2
OI005317,O02114,P039,4,3602.12,0.3
OI005318,O02114,P030,4,6724.47,0.05
OI005319,O02114,P068,3,7430.32,0.0
OI005320,O02115,P045,1,5481.6,0.05
OI005321,O02116,P037,3,3125.99,0.2
OI005322,O02116,P013,4,1662.63,0.15
OI005323,O02117,P046,2,6490.81,0.0
OI005324,O02117,P078,4,5006.54,0.2
OI005325,O02118,P074,2,7323.07,0.05
OI005326,O02118,P015,4,7330.81,0.05
OI005327,O02118,P018,4,3329.63,0.05
OI005328,O02119,P047,1,6217.65,0.0
OI005329,O02119,P066,2,6217.53,0.0
OI005330,O02119,P061,2,5698.31,0.15
OI005331,O02120,P078,4,5006.54,0.15
OI005332,O02120,P008,3,5224.68,0.2
OI005333,O02121,P018,2,3329.63,0.15
OI005334,O02121,P080,2,5576.76,0.3
OI005335,O02122,P025,1,3270.83,0.05
OI005336,O02122,P061,4,5698.31,0.15
OI005337,O02122,P055,1,3905.29,0.2
OI005338,O02123,P034,4,5252.02,0.1
OI005339,O02123,P022,2,5959.11,0.2
OI005340,O02124,P041,2,1494.52,0.15
OI005341,O02124,P001,3,5060.04,0.2
OI005342,O02124,P050,4,2647.44,0.15
OI005343,O02125,P027,3,5678.95,0.05
OI005344,O02125,P043,3,6217.67,0.2
OI005345,O02126,P011,1,7495.81,0.05
OI005346,O02126,P029,2,3811.62,0.15
OI005347,O02126,P035,4,4806.84,0.0
OI005348,O02126,P061,1,5698.31,0.3
OI005349,O02127,P053,1,2116.53,0.05
OI005350,O02127,P050,3,2647.44,0.15
OI005351,O02127,P020,4,5123.92,0.2
OI005352,O02128,P008,2,5224.68,0.3
OI005353,O02129,P071,1,3503.29,0.2
OI005354,O02129,P005,4,3320.34,0.05
OI005355,O02130,P058,1,4600.81,0.2
OI005356,O02130,P046,4,6490.81,0.0
OI005357,O02131,P068,2,7430.32,0.2
OI005358,O02131,P020,1,5123.92,0.05
OI005359,O02131,P054,2,5704.38,0.05
OI005360,O02131,P067,4,3139.17,0.05
OI005361,O02132,P025,1,3270.83,0.1
OI005362,O02132,P017,3,5112.9,0.05
OI005363,O02133,P039,2,3602.12,0.1
OI005364,O02133,P014,2,5526.86,0.0
OI005365,O02134,P003,1,6285.84,0.0
OI005366,O02134,P009,1,4981.98,0.2
OI005367,O02134,P079,4,2345.86,0.15
OI005368,O02134,P012,4,3994.33,0.3
OI005369,O02135,P015,3,7330.81,0.3
OI005370,O02135,P013,3,1662.63,0.3
OI005371,O02136,P010,2,7442.3,0.05
OI005372,O02136,P078,3,5006.54,0.0
OI005373,O02136,P063,2,4500.08,0.3
OI005374,O02136,P060,1,1760.75,0.0
OI005375,O02137,P037,3,3125.99,0.2
OI005376,O02137,P060,1,1760.75,0.15
OI005377,O02137,P078,1,5006.54,0.3
OI005378,O02137,P033,3,2579.49,0.05
OI005379,O02138,P016,1,3833.17,0.3
OI005380,O02138,P009,2,4981.98,0.0
OI005381,O02138,P064,3,4726.39,0.05
OI005382,O02139,P054,3,5704.38,0.2
OI005383,O02139,P020,3,5123.92,0.1
OI005384,O02139,P064,1,4726.39,0.3
OI005385,O02140,P024,4,6203.92,0.3
OI005386,O02140,P009,3,4981.98,0.1
OI005387,O02140,P050,2,2647.44,0.2
OI005388,O02141,P033,2,2579.49,0.2
OI005389,O02141,P063,2,4500.08,0.0
OI005390,O02142,P075,2,6578.23,0.05
OI005391,O02142,P026,2,5470.33,0.0
OI005392,O02142,P036,4,1918.28,0.3
OI005393,O02142,P008,4,5224.68,0.05
OI005394,O02143,P065,2,1521.26,0.3
OI005395,O02143,P022,2,5959.11,0.2
OI005396,O02143,P025,2,3270.83,0.0
OI005397,O02143,P008,2,5224.68,0.15
OI005398,O02144,P019,4,3112.57,0.0
OI005399,O02145,P050,3,2647.44,0.05
OI005400,O02146,P072,3,3098.66,0.15
OI005401,O02147,P017,1,5112.9,0.3
OI005402,O02148,P043,1,6217.67,0.1
OI005403,O02148,P080,1,5576.76,0.1
OI005404,O02148,P054,2,5704.38,0.1
OI005405,O02148,P014,3,5526.86,0.05
OI005406,O02149,P013,3,1662.63,0.15
OI005407,O02150,P013,4,1662.63,0.0
OI005408,O02150,P008,3,5224.68,0.05
OI005409,O02150,P059,4,4842.61,0.2
OI005410,O02150,P069,4,5592.45,0.05
OI005411,O02151,P074,1,7323.07,0.2
OI005412,O02151,P062,1,1993.86,0.3
OI005413,O02151,P065,3,1521.26,0.2
OI005414,O02151,P038,3,2828.73,0.15
OI005415,O02152,P024,4,6203.92,0.3
OI005416,O02152,P023,3,6282.87,0.05
OI005417,O02152,P042,4,5125.64,0.2
OI005418,O02152,P010,2,7442.3,0.05
OI005419,O02153,P074,4,7323.07,0.05
OI005420,O02153,P003,1,6285.84,0.05
OI005421,O02153,P019,1,3112.57,0.3
OI005422,O02153,P053,1,2116.53,0.2
OI005423,O02154,P055,2,3905.29,0.05
OI005424,O02154,P047,3,6217.65,0.15
OI005425,O02154,P009,1,4981.98,0.0
OI005426,O02155,P080,4,5576.76,0.15
OI005427,O02155,P021,2,5344.27,0.05
OI005428,O02155,P037,2,3125.99,0.3
OI005429,O02156,P066,2,6217.53,0.05
OI005430,O02157,P048,1,4310.39,0.0
OI005431,O02157,P022,3,5959.11,0.2
OI005432,O02157,P075,2,6578.23,0.15
OI005433,O02157,P078,4,5006.54,0.3
OI005434,O02158,P057,2,3618.93,0.0
OI005435,O02158,P014,1,5526.86,0.3
OI005436,O02158,P019,3,3112.57,0.2
OI005437,O02159,P064,2,4726.39,0.2
OI005438,O02160,P021,4,5344.27,0.1
OI005439,O02160,P020,4,5123.92,0.2
OI005440,O02161,P027,1,5678.95,0.0
OI005441,O02162,P036,2,1918.28,0.15
OI005442,O02162,P048,4,4310.39,0.1
OI005443,O02162,P051,1,3109.99,0.3
OI005444,O02162,P016,2,3833.17,0.2
OI005445,O02163,P003,1,6285.84,0.2
OI005446,O02164,P064,4,4726.39,0.15
OI005447,O02165,P057,2,3618.93,0.1
OI005448,O02165,P064,1,4726.39,0.15
OI005449,O02165,P049,2,6189.2,0.3
OI005450,O02165,P072,4,3098.66,0.15
OI005451,O02166,P011,2,7495.81,0.3
OI005452,O02166,P025,4,3270.83,0.1
OI005453,O02166,P076,2,1644.18,0.15
OI005454,O02166,P075,3,6578.23,0.1
OI005455,O02167,P030,2,6724.47,0.05
OI005456,O02167,P073,3,6594.36,0.15
OI005457,O02168,P071,2,3503.29,0.0
OI005458,O02169,P017,2,5112.9,0.1
OI005459,O02169,P060,3,1760.75,0.1
OI005460,O02169,P076,4,1644.18,0.1
OI005461,O02170,P054,4,5704.38,0.2
OI005462,O02170,P016,1,3833.17,0.0
OI005463,O02171,P066,2,6217.53,0.0
OI005464,O02172,P018,1,3329.63,0.05
OI005465,O02172,P004,3,3768.92,0.05
OI005466,O02172,P069,3,5592.45,0.1
OI005467,O02173,P072,2,3098.66,0.15
OI005468,O02173,P047,1,6217.65,0.05
OI005469,O02173,P052,4,5599.03,0.2
OI005470,O02174,P052,2,5599.03,0.0
OI005471,O02174,P009,2,4981.98,0.05
OI005472,O02175,P047,4,6217.65,0.0
OI005473,O02176,P009,3,4981.98,0.2
OI005474,O02177,P010,2,7442.3,0.1
OI005475,O02177,P008,1,5224.68,0.3
OI005476,O02178,P060,1,1760.75,0.3
OI005477,O02178,P056,4,5689.43,0.1
OI005478,O02179,P024,4,6203.92,0.2
OI005479,O02180,P058,1,4600.81,0.05
OI005480,O02181,P056,4,5689.43,0.15
OI005481,O02181,P028,2,6060.07,0.3
OI005482,O02182,P033,4,2579.49,0.05
OI005483,O02182,P002,4,3793.81,0.2
OI005484,O02183,P074,1,7323.07,0.0
OI005485,O02183,P045,3,5481.6,0.05
OI005486,O02184,P060,3,1760.75,0.0
OI005487,O02184,P007,2,3880.55,0.05
OI005488,O02184,P048,2,4310.39,0.15
OI005489,O02184,P071,1,3503.29,0.15
OI005490,O02185,P019,3,3112.57,0.0
OI005491,O02185,P045,3,5481.6,0.15
OI005492,O02186,P011,3,7495.81,0.2
OI005493,O02186,P008,2,5224.68,0.1
OI005494,O02186,P034,1,5252.02,0.2
OI005495,O02187,P036,1,1918.28,0.3
OI005496,O02187,P041,1,1494.52,0.3
OI005497,O02188,P008,4,5224.68,0.3
OI005498,O02189,P039,1,3602.12,0.15
OI005499,O02189,P060,4,1760.75,0.3
OI005500,O02189,P048,3,4310.39,0.1
OI005501,O02189,P009,2,4981.98,0.15
OI005502,O02190,P018,4,3329.63,0.05
OI005503,O02190,P031,2,4921.58,0.15
OI005504,O02190,P044,4,4748.93,0.1
OI005505,O02191,P050,2,2647.44,0.15
OI005506,O02191,P058,4,4600.81,0.15
OI005507,O02191,P064,4,4726.39,0.2
OI005508,O02191,P056,2,5689.43,0.15
OI005509,O02192,P021,3,5344.27,0.3
OI005510,O02192,P020,3,5123.92,0.0
OI005511,O02192,P068,2,7430.32,0.3
OI005512,O02193,P049,2,6189.2,0.3
OI005513,O02194,P045,4,5481.6,0.15
OI005514,O02194,P066,3,6217.53,0.1
OI005515,O02194,P058,2,4600.81,0.0
OI005516,O02195,P065,3,1521.26,0.2
OI005517,O02195,P020,3,5123.92,0.15
OI005518,O02195,P077,2,1850.78,0.05
OI005519,O02196,P004,2,3768.92,0.1
OI005520,O02196,P018,4,3329.63,0.0
OI005521,O02196,P078,1,5006.54,0.05
OI005522,O02197,P015,1,7330.81,0.2
OI005523,O02197,P055,1,3905.29,0.15
OI005524,O02198,P023,3,6282.87,0.2
OI005525,O02198,P008,1,5224.68,0.15
OI005526,O02198,P044,3,4748.93,0.0
OI005527,O02199,P043,4,6217.67,0.0
OI005528,O02199,P025,4,3270.83,0.0
OI005529,O02199,P039,3,3602.12,0.1
OI005530,O02200,P056,3,5689.43,0.15
OI000009,O00005,P013,3,1662.63,0.2
